record_id,database_source,pmid,author,year,title,journal,doi,abstract_snippet,duplicate_of,ta_decision,ta_exclusion_reason,ft_available,ft_decision,ft_exclusion_reason,included_in_review,notes
PM-0001,PubMed,42641923,Chowdhury Shumonto Mowla; Ukuhor Hyacinth; Elshenawy Rasha Abdelsalam,2026,"Pharmacist-led antimicrobial stewardship: A systematic review of implementation barriers, facilitators, and policy-to-practice gaps in Bangladesh.",J Am Pharm Assoc (2003),10.1016/j.japh.2026.103511,"BACKGROUND: Antimicrobial resistance (AMR) disproportionately affects low- and middle-income countries (LMICs). Bangladesh has adopted a National Action Plan (2023-2028) yet exemplifies the persistent gap between pharmaceutical policy frameworks and frontline antimicrobial stewardship (AMS) practice. No prior systematic review has synthesised barriers, facilitators, and AMS strategies across all Bangladesh healthcare settings, or positioned findings within a pharmaceutical-policy and pharmacy...",,,,,,,,
PM-0002,PubMed,42609031,Masud Abdullah Al; Chowdhury Kamal Ibne Amin; Walpola Ramesh Lahiru; Zafar Shafique S M; Sultana Tamanna et al.,2026,A Codesigned Approach to Develop Tailored Antimicrobial Stewardship Strategies in Bangladesh: A Social-Ecological Systems Framework Analysis.,Health Expect,10.1111/hex.70822,"BACKGROUND: Multistakeholder collaboration and codesign are increasingly recognized as effective approaches for addressing complex public health challenges such as antimicrobial resistance (AMR), yet stewardship efforts in low- and middle-income countries remain fragmented and are often limited to education-focused interventions with minimal community engagement. This study used a codesign approach to develop context-specific antimicrobial stewardship (AMS) strategies for community pharmacies...",,,,,,,,
PM-0003,PubMed,42602623,Caamaño-López Juan Camilo; Torres-Chaverra Rafael José; Fonseca-Meneses Aylem Nathalia; Pérez-Cujia Eliat Jabit; Domínguez-Quintero Valentina et al.,2026,"High prevalence of antibiotic purchase without prescription in community pharmacies in Bucaramanga, Colombia.",IJID Reg,10.1016/j.ijregi.2026.100956,"OBJECTIVES: Self-medication is a key driver of antimicrobial resistance, and despite regulatory restrictions in Colombia, nonprescription antibiotic sales remain a significant public health concern. This study aimed to describe the purchase of antibiotics without a prescription in community pharmacies located in neighborhoods of Bucaramanga, Colombia, and to identify associated factors. METHODS: Cross-sectional study. We included adult customers of community pharmacies in Bucaramanga (10 neig...",,,,,,,,
PM-0004,PubMed,42595677,Colquhoun Gosha; Oberstar Špela; Young Harry; Orr Rachel; Lomper Katarzyna et al.,2026,Understanding non-medical prescribers' antimicrobial prescribing and stewardship competency: A scoping review.,Res Social Adm Pharm,10.1016/j.sapharm.2026.08.001,"OBJECTIVES: To map international evidence on non-medical prescribers' (NMPs) antimicrobial stewardship (AMS) knowledge, competencies, and prescribing behaviours, and to examine how these are assessed across professional groups and healthcare settings. METHODS: A scoping review was conducted following Arksey and O'Malley framework and PRISMA-ScR guidelines. Six databases and grey literature were searched using a Population-Concept-Context strategy. Eligible studies addressed independent non-me...",,,,,,,,
PM-0005,PubMed,42573429,Bustami Mona; Abed Anas; Almazari Inas; AlQatarneh Rahaf; Abu Assab Shahd et al.,2026,Non-prescription antibiotic dispensing in community pharmacies in jordan: a simulated patient study.,Libyan J Med,10.1080/19932820.2026.2713956,"Inappropriate antibiotic use in community settings is a major contributor to antimicrobial resistance, particularly in low- and middle-income countries where regulatory enforcement may be inconsistent. Community pharmacies are a critical interface between health systems and the public; however, real-world dispensing practices remain insufficiently characterized in many settings. This study evaluated the prevalence, behavioral drivers, and clinical quality of non-prescription antibiotic dispen...",,,,,,,,
PM-0006,PubMed,42553328,Aljinović-Vučić Vedrana; Vučić Marin; Jurišić Grubešić Renata,2026,Attitudes and behaviors concerning self-medication practices among adult urban population in Croatia: a cross-sectional study.,Front Pharmacol,10.3389/fphar.2026.1864658,BACKGROUND AND AIM: Drug utilization worldwide is often associated with practicing self-medication of prescription or non-prescription drugs. Irresponsible behaviors in this field can lead to a variety of health risks. Assessing the extent of self-medication in population contributes to guiding decisions on future interventions to improve it. This study aimed to investigate self-medication patterns and attitudes of adult urban inhabitants in Croatian cities Zagreb and Rijeka. METHODS: A cross...,,,,,,,,
PM-0007,PubMed,42506790,Jovanović Aleksandar; Veličković Radovanović Radmila; Tadić Ivana; Drobac Milica; Vidović Bojana et al.,2026,Pharmacists' Management of Urinary Tract Infection Symptoms in Community Pharmacy: Counseling Practices and Attitudes Toward Antibiotic Therapy.,Pharmacy (Basel),10.3390/pharmacy14040100,,,,,,,,,
PM-0008,PubMed,42504228,Hossain Md Jubayer; Shahariar Musab; Barsha Lamia Hasan Joarder; Shahjahan Muhibullah; Towhid Syeda Tasneem et al.,2026,Lack of Knowledge and Training About Antibiotic Resistance Among Community Pharmacists in Bangladesh: A Cross-Sectional Study.,Health Sci Rep,10.1002/hsr2.72866,"BACKGROUND AND AIMS: Antibiotic resistance poses a critical global public health threat, disproportionately affecting low- and middle-income countries. Community pharmacists in Bangladesh serve as key healthcare intermediaries, yet significant knowledge gaps regarding antibiotic use and resistance persist. This study assessed the level of knowledge and training among community pharmacists in Bangladesh regarding antibiotic resistance and explored their relationship with antibiotic dispensing ...",,,,,,,,
PM-0009,PubMed,42433647,Migiro Mary; Majigo Mtebe; Joachim Agricola; Kamori Doreen; Masoud Salim et al.,2026,"A point prevalence survey on antibiotic dispensing practices identifies targets for quality improvement of antimicrobial stewardship in community pharmacies in Dar es Salaam, Tanzania.",J Pharm Policy Pract,10.1080/20523211.2026.2691452,"BACKGROUND: Inappropriate antibiotic use is a major driver of antimicrobial resistance (AMR), especially in low- and middle-income countries (LMICs), where over-the-counter antibiotics are readily available without a prescription. This study assessed antibiotic dispensing practices in community pharmacies in Dar es Salaam, Tanzania. METHODOLOGY: From February to March 2025, a point prevalence survey was conducted in 100 community pharmacies in Dar es Salaam. Researchers approached existing cu...",,,,,,,,
PM-0010,PubMed,42400942,Coudière Justine; Mongaret Céline; Adelou Samuel; Pereton Bénédicte; Vaillant-Roussel Hélène et al.,2026,Deferred prescribing in practice: an observational study in community pharmacies in France during 2024-5 and feedback from pharmacists.,Fam Pract,10.1093/fampra/cmag037,"BACKGROUND: Excessive use of antibiotics promotes antibiotic resistance. Deferred prescribing (prescriptions dispensed according to clinical progress) is a strategy to reduce this overconsumption. Recognized in some countries, this practice is poorly documented and not recommended in France. OBJECTIVES: To determine the rate of deferred outpatient prescriptions, their dispensing rate, and their characteristics. METHODS: This observational study was conducted over 1 year in 20 pharmacies and f...",,,,,,,,
PM-0011,PubMed,42353673,Mustafa Hamid Mn; Elfaki Tahani; Adam Ishag,2026,A Narrative Review of Antibiotic Prescribing Practices and Antimicrobial Resistance Challenges in Conflict-Affected Sudan.,Antibiotics (Basel),10.3390/antibiotics15060547,,,,,,,,,
PM-0012,PubMed,42315847,Arega Balew; Agunie Asnake,2026,Stewardship without walls: taming the unregulated antibiotic economy to contain antimicrobial resistance in Ethiopia.,Nat Commun,10.1038/s41467-026-74671-z,"Ethiopia's unregulated private antibiotic economy spans private hospitals, clinics, pharmacies, drug shops and informal vendors. It drives resistance through three forces: intergenerational self-medication (reservoir habit), a satisfaction imperative linking sales to customer retention, and a corner drugstore calculus prioritising immediate access over cheaper but slow public care. Non-prescribed dispensing becomes the norm and selects resistant bacteria. We propose a six-pillar framework: ti...",,,,,,,,
PM-0013,PubMed,42281144,Shakya Abishesh; Bhatta Rishi; Khadgi Ashish; Rauniyar Ayush; Shrestha Sandeep et al.,2026,"Self-Medication for Upper Respiratory Tract Infections (URTIs) Among Clinical Medical Students: A Cross-Sectional Study of Knowledge, Attitudes, and Practices.",Inquiry,10.1177/00469580261452843,"BackgroundSelf-medication, defined as the use of medicines without prior professional consultation, is a widespread public health concern. When practiced inappropriately, particularly through the misuse of antibiotics, it contributes to adverse drug reactions and the growing threat of antimicrobial resistance (AMR). Medical students represent a population of particular interest, as their clinical knowledge may predispose them to self-treat conditions such as upper respiratory tract infections...",,,,,,,,
PM-0014,PubMed,42241440,Ximenes Guilherme; Saha Sajal K; Dos Santos Agata; Hendriques Suzana Soares; Amaral Elfiana et al.,2026,A qualitative study exploring factors influencing antibiotic supply in community pharmacies in Timor-Leste.,Int J Pharm Pract,10.1093/ijpp/riag071,"OBJECTIVES: To investigate the factors driving antibiotic supply in community pharmacies in Timor-Leste. METHODS: Sixteen face-to-face semi-structured interviews with community pharmacists and pharmacy technicians in Dili, Timor-Leste, were analyzed using the socioecological theoretical model. KEY FINDINGS: Non-prescription antibiotic supply was a common practice. Supply of broad-spectrum antibiotics for diarrhea, sore throat, malaria symptoms, and wound infections was deemed concerning for a...",,,,,,,,
PM-0015,PubMed,42199705,Saha Sajal Kumar; Muleme Michael; Hecke Oliver Van; Chatterton Mary Lou; Athan Eugene,2026,Feasibility of C-reactive protein point-of-care testing for antibiotic stewardship in rural GP-pharmacy settings.,Antimicrob Steward Healthc Epidemiol,10.1017/ash.2026.10401,"OBJECTIVE: To assess the feasibility of implementing C-reactive protein point-of-care testing (CRP-PoCT) for patients presenting with respiratory tract infections (RTIs) in primary care. DESIGN: Feasibility study. SETTING: General practice (GP) and community pharmacy in rural Victoria. PATIENTS OR PARTICIPANTS: Five GPs and a community pharmacist used CRP-PoCT for RTI patients aged 12-65 years for two months between August and December 2023. METHODS: Data on testing, prescribing, and implemen...",,,,,,,,
PM-0016,PubMed,42142308,Manguja Salum; Nkya Theresia Estomih,2026,"Prevalence and predictors of self-medication among adults in Mbeya Urban, Tanzania.",Int J Risk Saf Med,10.1177/09246479261452515,"BackgroundSelf-medication is a common health-seeking behavior in low- and middle-income countries, influenced by easy drug access and limited health insurance. In Tanzania, particularly in urban areas such as Mbeya, empirical evidence remains scarce.Materials and methodsA cross-sectional study was conducted from February to March 2025 among 381 adults in Mbeya Urban, selected via simple random sampling. Data were collected using a structured questionnaire on socio-demographics, self-medicatio...",,,,,,,,
PM-0017,PubMed,42139206,Turnbull-Jones Eleanor; Langtree Susannah; Mogoi Nicholas; Sifuna Anthony; Gadaffi Lindsay et al.,2026,"Antibiotic dispensing practices and antimicrobial stewardship gaps in community pharmacies in Kakamega County, Kenya.",PLoS One,10.1371/journal.pone.0342353,"BACKGROUND: Antimicrobial resistance (AMR) is a major global health threat, with sub-Saharan Africa bearing a disproportionate burden. Community-level antibiotic dispensing practices remain poorly described in Kenya outside Nairobi. METHODS: A total of 504 antibiotic dispensing events were recorded across 22 community pharmacies in Kakamega County, western Kenya, between 3rd and 22nd August 2025. Data collected included dispensing source (over-the-counter [OTC] versus prescription), clinical ...",,,,,,,,
PM-0018,PubMed,42111913,Yohannes Lelisa Ache; Mekasha Yesuneh Tefera; Tilahun Melese; Abreham Mikael; Hasen Gemmechu et al.,2026,"Packaging, Labeling, and Physical Characteristics and Sales Volume Assessment of Veterinary Antimicrobials in a Resource-Limited Setting: Evidence From Hawassa Town, Ethiopia.",Vet Med Int,10.1155/vmi/5373047,"BACKGROUND: Antibiotics and anthelmintics are widely used in veterinary medicine to prevent, control, and treat infectious diseases. However, in resource-limited settings, the widespread circulation of poor-quality medicines and their inappropriate use have become major obstacles to delivering effective animal healthcare. This study aimed to evaluate the quality of veterinary antibiotics and anthelmintics available across different levels of the supply chain. Additionally, it sought to estima...",,,,,,,,
PM-0019,PubMed,42094217,Messner Kirstin; Sutter Vanessa; Allemann Samuel; Arnet Isabelle,2026,"Feasibility, fidelity and initial effects of an app-based service for short-term antibiotic therapy: A pilot study in a primary care setting.",Explor Res Clin Soc Pharm,10.1016/j.rcsop.2026.100790,"BACKGROUND: Short-term antibiotic treatments show medication non-adherence rates around 40%, limiting therapy success and increasing risk for recurring infections. Smartphone applications offer simple solutions to support patients' medication adherence. OBJECTIVE: To evaluate service and trial feasibility of a smartphone-based adherence support delivered by community pharmacists and to explore initial effects. METHODS: We conducted a cluster-randomized pilot trial. Community pharmacies recrui...",,,,,,,,
PM-0020,PubMed,42038303,Maluleke Tiyani Milta; Maluleke Morgan Tiyiselani; Ramdas Nishana; Golić Jelić Ana; Kurdi Amanj et al.,2026,Knowledge and attitudes towards antibiotics and antimicrobial resistance among patients in rural South Africa and the implications for future policies.,Front Pharmacol,10.3389/fphar.2026.1756239,"BACKGROUND: Antimicrobial resistance (AMR) is an appreciable public health threat, exacerbated by considerable inappropriate use of antibiotics including for upper respiratory tract infections (URTIs). Whilst there have been high levels of inappropriate prescribing of antibiotics in primary care in South Africa, study findings vary regarding the extent of dispensing of antibiotics without a prescription. Where this occurs, this is typically for patients with urinary tract infections (UTIs) an...",,,,,,,,
PM-0021,PubMed,41999609,Darweesh Omeed; Godman Brian; Kurdi Amanj,2026,Non-prescription antibiotic dispensing and counseling practices in Iraqi community pharmacies: implications for antimicrobial stewardship and resistance containment.,Expert Rev Anti Infect Ther,10.1080/14787210.2026.2663104,"BACKGROUND: To assess the prevalence, characteristics, dispensing practices, and counseling behavior of non-prescription antibiotic dispensing among Iraqi community pharmacies to inform antimicrobial stewardship (AMS) policy. RESEARCH DESIGN AND METHODS: A cross-sectional simulated client study was conducted among 696 pharmacies across five Iraqi provinces. Standardized scenarios of upper respiratory tract infection were used to evaluate dispensing behavior, counseling quality (defined as whe...",,,,,,,,
PM-0022,PubMed,41924404,Qtait Mohammad; Farajalla Fuad; Alqaissi Nesreen; Awwad Khalaf; Amro Nadia et al.,2026,"Antibiotic self-medication behaviours and contributing factors among adults in the Southern West Bank, Palestine.",JAC Antimicrob Resist,10.1093/jacamr/dlag028,"BACKGROUND: Antibiotic self-medication (ASM) is a recognized contributor to antimicrobial resistance, particularly in settings characterized by constrained healthcare access and weak regulatory enforcement. OBJECTIVES: To estimate the prevalence of ASM, examine antibiotic-related knowledge and behavioural patterns, and identify independent sociodemographic predictors of ASM among adults in the southern West Bank, Palestine. METHODS: A cross-sectional survey was conducted in May 2025 among 301...",,,,,,,,
PM-0023,PubMed,41782751,Balasubramaniam Shobhitha; MacInnis Melanie; Hurley Katrina; Fitzpatrick Eleanor; Zwicker Katelyn et al.,2026,Prescribing and Dispensing Delayed Antibiotics for Pediatric Patients with Otitis Media and Pharyngitis.,Can J Hosp Pharm,10.4212/cjhp.3876,BACKGROUND: Providing patients with a delayed prescription for antibiotics to treat acute otitis media (AOM) or pharyngitis may result in decreased antibiotic use. OBJECTIVES: To characterize antibiotic prescribing for patients discharged from a pediatric emergency department (PED) with AOM or pharyngitis and to determine the percentage of delayed antibiotic prescriptions dispensed prematurely by a community pharmacy. METHODS: This study was completed by linking provincial administrative data...,,,,,,,,
PM-0024,PubMed,41770645,Saha Sajal K; Athan Eugene,2026,Promoting antibiotic pharmacotherapy in community pharmacies in low- and middle-income countries: why and how?,Int J Pharm Pract,10.1093/ijpp/riag030,"BACKGROUND: Antimicrobial resistance (AMR) disproportionately affects low- and middle-income countries (LMICs), where community pharmacies frequently serve as the first point of care for common infections. Inappropriate antibiotic dispensing, limited stewardship integration, regulatory weaknesses and gaps in pharmacy education contribute to suboptimal antibiotic use. OBJECTIVES: To highlight why and how antibiotic pharmacotherapy should be promoted and strengthened within community pharmacy s...",,,,,,,,
PM-0025,PubMed,41767308,Plaza Zamora F J; Mendoza Barbero A; Molinero A; Sánchez Marcos N; Lambert M et al.,2026,Second audit of the Happy Patient project: impact of training on the dispensing of antibiotics in community pharmacies in Spain.,Farm Comunitarios,10.33620/FC.2173-9218.2026.12,"INTRODUCTION: Antibiotic resistance is a major public health problem. The European Happy Patient project aims to optimize antimicrobial use through audits and training of healthcare professionals, including community pharmacists. Objectives: To evaluate the impact of an educational intervention on the quality of antibiotic dispensing in Spanish community pharmacies and to identify areas for improvement following the training. MATERIALS AND METHODS: A five-hour multifactorial intervention was ...",,,,,,,,
PM-0026,PubMed,41750482,Sarri Maria; Gkentzi Despoina; Assimakopoulos Stelios F; Marangos Markos; Lagadinou Maria,2026,Knowledge and Attitudes of Community Pharmacists Towards Antibiotic Use and Antimicrobial Resistance in Western Greece.,Antibiotics (Basel),10.3390/antibiotics15020184,"BACKGROUND: Antibiotic misuse and overuse remain a critical driver of antimicrobial resistance (AMR), a global health threat associated with increased morbidity, mortality, and healthcare costs. In Greece, where antibiotic consumption and resistance rates are among the highest in Europe, community pharmacists are well-positioned to contribute to antimicrobial stewardship efforts. OBJECTIVE: This study aimed to assess the knowledge and attitudes of community pharmacists in Achaia, Western Gree...",,,,,,,,
PM-0027,PubMed,41721314,Faturakhim Faturakhim; Insani Widya Norma; Kautsar Angga Prawira,2026,"Non-prescription antibiotic dispensing in community pharmacies in LMICs: a systematic review of prevalence, drivers, and policy implications.",BMC Health Serv Res,10.1186/s12913-026-14194-x,"BACKGROUND: Community pharmacists dispensing antibiotics without a prescription (DAwP) remain a contributing factor to antimicrobial resistance (AMR) in low- and middle-income countries (LMICs). Multiple structural, behavioral, and systemic factors influence this practice, yet the diversity and interaction of these drivers remain insufficiently explored. OBJECTIVE: This systematic literature review aims to identify and synthesize the internal and external factors contributing to DAwP among co...",,,,,,,,
PM-0028,PubMed,41601720,Abed Anas; Abu Assab Mohammad; Merdas Zekrayat J H; Abu Dayyih Wael; Maaita Majd Nawras et al.,2025,"Confronting antimicrobial resistance in Jordan: regulatory, economic, and behavioral determinants of non-prescription antibiotic dispensing in community pharmacies-a mixed-methods study.",Front Med (Lausanne),10.3389/fmed.2025.1742205,"BACKGROUND: Over-the-counter (OTC) antibiotic dispensing remains a persistent challenge in many low- and middle-income countries despite the implementation of antimicrobial stewardship (AMS) policies. Jordan's community pharmacies represent a critical interface between public health and antimicrobial resistance (AMR) control. This study aimed to examine the determinants, barriers, and enabling factors influencing AMS adherence among Jordanian community pharmacists, and to integrate quantitati...",,,,,,,,
PM-0029,PubMed,41594082,Sullman Mark J M; Lajunen Timo J,2026,Community Pharmacists' Perspectives on Antibiotic Misuse and Antimicrobial Resistance in Cyprus: A Reflexive Thematic Analysis.,Antibiotics (Basel),10.3390/antibiotics15010045,,,,,,,,,
PM-0030,PubMed,41594042,Khaleel Anas; Al-Shamaileh Anwar Ali; Al-Aghbar Mohammad Ameen; Abu Dayyih Wael; Muflih Suhaib et al.,2025,Knowledge Deficits Among Community Pharmacists May Drive Antibiotic Resistance in Rural Areas: Evidence from Southern Jordan.,Antibiotics (Basel),10.3390/antibiotics15010004,,,,,,,,,
PM-0031,PubMed,41550537,Bwalya Amon; M'kandawire Ethel; Pyatt Alison; Prince Catrina; Gilbert Claire et al.,2025,Non-prescription dispensing of veterinary medicines for treating mastitis in dairy cattle among non-veterinary personnel in selected districts of Zambia.,Front Vet Sci,10.3389/fvets.2025.1707434,"OBJECTIVES: Veterinary antibiotics are vital for managing bacterial infections in animals and preventing zoonotic transmission through animal-derived foods, direct contact, or the environment. However, their misuse and overuse contribute to the emergence and spread of antimicrobial resistance (AMR) across humans, animals, and ecosystems. This study assessed the dispensing practices of non-veterinary personnel regarding veterinary medicines used in dairy cattle in selected districts of Zambia....",,,,,,,,
PM-0032,PubMed,41540996,Zarauz Céspedes J M; Valdeolmillos Carbó L,2026,Adherence to Antibiotic Treatments in Community Pharmacy: Analysis by Therapeutic Groups and Associated Factors.,Farm Comunitarios,10.33620/FC.2173-9218.(2026).07, ,,,,,,,,
PM-0033,PubMed,41510207,Orisile Abimbola George; Lim Rosemary H M; Naqvi Atta Abbas; Amlogu Abraham,2026,A systematic review of antimicrobial stewardship practices and challenges in sub-Sahara Africa (SSA) regulated retail medicine settings.,JAC Antimicrob Resist,10.1093/jacamr/dlaf235,"AIM: This systematic review examined the practices and challenges of implementing antimicrobial stewardship (AMS) in sub-Sahara Africa (SSA) regulated retail medicine settings. METHODS: We searched studies published between January 1, 2010, and July 30, 2024, from PubMed, Web of Science, ProQuest Central, Google Scholar, African Journals Online, and Wiley Online Library. We also reviewed reference lists of studies included in the review. The included studies were quality-assessed using the Mi...",,,,,,,,
PM-0034,PubMed,41500631,Sultana Samapti Mst Mabiya; Hossain Kazi Miraz; Riha Fatema Akter; Showkat Nafisa Binte; Begum Taslima et al.,2026,Understanding the role of knowledge and attitudes of community pharmacy staff in non-prescribed antibiotic dispensing practices in Bangladesh: a cross-sectional study.,BMJ Open,10.1136/bmjopen-2025-107698,"BACKGROUND: Antimicrobial resistance (AMR) is a critical public health issue in Bangladesh, exacerbated by the widespread practice of non-prescribed antibiotic dispensing. This study seeks to assess their knowledge and attitudes, particularly how these factors influence non-prescribed antibiotic dispensing practices in Bangladesh. METHODS: A total of 287 pharmacy staff across four regions of Bangladesh were included in the study. Data were collected using a structured questionnaire assessing ...",,,,,,,,
PM-0035,PubMed,41496872,Nortey Radolf Ansbert; Kretchy Irene Akwo; Opare-Addo Mercy Naa Aduele,2026,Informal over-the-counter supply of antibiotics in Ghana: A qualitative analysis of practices in community pharmacies.,Explor Res Clin Soc Pharm,10.1016/j.rcsop.2025.100696,"BACKGROUND: Antibiotics are among the most widely prescribed medicines and fall within a well-defined framework for access and supply. Despite existing regulatory systems for antibiotic control, weak regulatory enforcement has led to non-prescription access from community drug retail outlets and widespread self-medication with antibiotics. OBJECTIVE: To explore the factors associated with the over-the-counter supply of antibiotics within community pharmacies across Ghana. METHOD: The explorat...",,,,,,,,
PM-0036,PubMed,41463774,Maluleke Tiyani Milta; Maluleke Morgan Tiyiselani; Ramdas Nishana; Jelić Ana Golić; Kurdi Amanj et al.,2025,Prevalence and Associated Factors for Purchasing Antibiotics Without a Prescription Among Patients in Rural South Africa: Implications for Addressing Antimicrobial Resistance.,Antibiotics (Basel),10.3390/antibiotics14121273,,,,,,,,,
PM-0037,PubMed,41425798,Aljalamdeh Reham; Barakat Muna; Mosleh Rami; H Abdel-Qader Derar,2025,"Knowledge, attitude, and practices of self-medication with antibiotics among senior undergraduate pharmacy students: A cross-sectional study in Jordan.",SAGE Open Med,10.1177/20503121251404848,"BACKGROUND: The practice of self-medication with antibiotics is expanding globally, particularly in developing countries. This practice is associated with increasing rates of health-related problems, including antibiotic resistance. OBJECTIVE: A survey was conducted to investigate knowledge, attitudes, and practices regarding self-medication with antibiotics among senior undergraduate pharmacy students in Jordan. METHODS: A cross-sectional study was performed by using a validated questionnair...",,,,,,,,
PM-0038,PubMed,41405110,Nsingo Zanele; Bangalee Varsha; Johnston Deanne,2025,"Corrigendum: Utilisation of antibiotics in a community pharmacy: A case from North-West, South Africa.",Afr J Prim Health Care Fam Med,10.4102/phcfm.v17i1.5273,,,,,,,,,
PM-0039,PubMed,41301570,Lajunen Timo J; Souza Silva Líria; Sullman Mark J M,2025,Through the Pharmacist's Lens: A Qualitative Study of Antibiotic Misuse and Antimicrobial Resistance in Brazilian Communities.,Antibiotics (Basel),10.3390/antibiotics14111074,,,,,,,,,
PM-0040,PubMed,41240954,Mendelson Marc; Afari-Asiedu Samuel; Schellack Natalie; Wertheim Heiman; Mpundu Mirfin et al.,2025,Facing up to reality: over-the-counter access to antibiotics in low-income and middle-income countries needs a paradigm shift in thinking.,Lancet Glob Health,10.1016/S2214-109X(25)00394-8,"Almost half of the global population do not have access to universal health coverage and the current shortfall of health-care professionals (including doctors and nurses) is estimated to reach a deficit of 11 million by 2030, disproportionately affecting low-income and middle-income countries (LMICs). Against this backdrop, of the 8 million deaths per year from bacterial sepsis worldwide, over 3 million are from treatable antibiotic-sensitive infections. This number suggests that access to an...",,,,,,,,
PM-0041,PubMed,41216355,Slekovec Céline; Joly Louise; Pelaccia Thierry,2025,How can community pharmacists improve antibiotic use among outpatients? A qualitative study of pharmacists' clinical reasoning.,JAC Antimicrob Resist,10.1093/jacamr/dlaf209,"BACKGROUND: Antibiotics are widely overused, with over 25% of prescriptions in primary care deemed unnecessary or inappropriate. In France, as in many countries, community pharmacists (CPs)-often in collaboration with prescribers-can modify inappropriate prescriptions or refuse to dispense antibiotics through pharmaceutical interventions (PIs). However, the role of PIs and the clinical reasoning underpinning pharmacists' decisions remain poorly described. AIM: To identify the factors consider...",,,,,,,,
PM-0042,PubMed,41163233,Muhammed Oumer Sada; Serbessa Mirgissa Kaba; Fenta Teferi Gedif,2025,"Unraveling behavioral and sociocultural factors that shape antimicrobial use among patients and general public, Addis Ababa, Ethiopia, a qualitative study.",J Pharm Health Care Sci,10.1186/s40780-025-00503-9,"BACKGROUND: Antimicrobial resistance (AMR) is a critical global health threat, particularly in low- and middle-income countries (LMICs). In Ethiopia, high infectious disease burdens, unregulated antimicrobial access, and low awareness exacerbate inappropriate use, accelerating AMR. While microbiological aspects of AMR are studied, behavioral and sociocultural factors influencing antimicrobial use remain underexplored. This study investigates these factors in Addis Ababa to inform strategies f...",,,,,,,,
PM-0043,PubMed,41161830,Doan Dung Anh; Nguyen Viet Xuan; Le Giang Ba; Nguyen Thuy Thi Xuan; Dinh Dai Xuan,2025,Antibiotic self-medication and home storage among university students in Vietnam: a cross-sectional study.,BMJ Open,10.1136/bmjopen-2025-107987,"OBJECTIVES: Antibiotic self-medication and home storage are two common behaviours that can result in inappropriate drug use. This study elucidated their prevalence and associated factors among university students in Vietnam. DESIGN: Cross-sectional study. SETTING: Vietnam. PARTICIPANTS: 2230 university students. PRIMARY AND SECONDARY OUTCOME MEASURES: Antibiotic storage was evaluated at the time of the survey, while self-medication was assessed for 1 year preceding this time. Associated facto...",,,,,,,,
PM-0044,PubMed,41132365,Qtait Mohammad; Alqaissi Nesreen; Shahin Miriam; Masalma Abrar; Alraai Gharam et al.,2025,"Pharmacists' practices, perceptions, and challenges in dispensing antibiotics without prescription: a qualitative study in Palestine.",JAC Antimicrob Resist,10.1093/jacamr/dlaf195,"BACKGROUND AND OBJECTIVE: Antimicrobial resistance (AMR) is a critical global health threat, fuelled by inappropriate antibiotic use. In Palestine, dispensing antibiotics without prescription remains common despite legal restrictions, but limited qualitative evidence exists on pharmacists' perspectives. The objective was to explore community pharmacists' practices, perceptions, and challenges in dispensing antibiotics without prescription in Palestine. METHODS: This qualitative descriptive st...",,,,,,,,
PM-0045,PubMed,41107407,Muhammed Oumer Sada; Serbessa Mirgissa Kaba; Fenta Teferi Gedif,2025,"Exploring behavioral determinants of antimicrobial dispensing in drug retail outlets of Addis Ababa, Ethiopia: a mixed methods study.",Sci Rep,10.1038/s41598-025-20558-w,"Antimicrobial resistance (AMR) is a critical global health threat, exacerbated by inappropriate dispensing practices. Despite efforts to improve antimicrobial stewardship, behavioral determinants influencing antimicrobial dispensing remain understudied, particularly in low-resource settings like Ethiopia. This study was aimed to explore the behavioral drivers of antimicrobial dispensing among pharmacy professionals working at community drug retail outlets of Addis Ababa. This convergent, para...",,,,,,,,
PM-0046,PubMed,41094469,Li Mao-Ya; Zhong Han-Zhi; Bin Cheng-Li; Wang Yan; Huang Li et al.,2025,Efficacy and security of oral Chinese patent medicine combined with antibiotics in the treatment of pelvic inflammatory disease: a Bayesian network meta-analysis.,BMC Complement Med Ther,10.1186/s12906-025-05088-2,BACKGROUND: Pelvic inflammatory disease (PID) is a group of female upper genital tract infectious diseases. The efficacy of combining Chinese patent medicine with antibiotics in treating this condition is well-established. Our objective is to conduct a Bayesian network meta-analysis (NMA) to compare the efficacy and security of different oral Chinese patent medicines combined with antibiotics for PID. METHODS: Randomized controlled trials (RCTs) reporting oral Chinese patent medicine combined...,,,,,,,,
PM-0047,PubMed,41081037,Jonani Bwambale; Kwizera Richard,2025,Regulatory gaps in over-the-counter antifungal access for vulvovaginal candidiasis in Uganda: A policy analysis framework.,IJID Reg,10.1016/j.ijregi.2025.100746,"OBJECTIVES: Vulvovaginal candidiasis (VVC) affects approximately 75% of women globally, with a particularly high prevalence (30-45%) among women of reproductive age in Uganda. Over-the-counter (OTC) antifungal medications are a critical access point for treatment in resource-limited settings; however, their unregulated availability raises important questions regarding appropriate use, diagnostic accuracy, and antimicrobial stewardship. We aimed to analyze Uganda's regulatory framework governi...",,,,,,,,
PM-0048,PubMed,41075025,Gao Tiantian; Huang Shuai; Shen Liyan; Yin Jia; Sun Qiang,2025,Effects of County Medical Community Central Pharmacy on antibiotic use in primary care: a multicenter quasi-experiment.,Int J Clin Pharm,10.1007/s11096-025-02014-x,"INTRODUCTION: Antimicrobial resistance poses a growing global health threat and is largely driven by the inappropriate use of antibiotics. Primary healthcare institutions, particularly in low-resource settings, often face challenges, such as limited oversight and irrational prescribing practices. While progress has been made in improving antibiotic stewardship in higher-level hospitals, efforts to optimize prescription in primary healthcare institutions remain insufficient. The County Medical...",,,,,,,,
PM-0049,PubMed,41058632,Alshahrani Sultan M; Shaik Alavudeen Sirajudeen,2025,"Barriers and determinants of over-the-counter antibiotic sales de-escalation: perspectives of community pharmacists in Aseer, Saudi Arabia.",Front Med (Lausanne),10.3389/fmed.2025.1677246,"BACKGROUND: Antimicrobial resistance (AMR) represents a significant global health threat, which is worsened by the inappropriate distribution of antibiotics without a prescription. Cultural conventions and the easy accessibility of pharmacies in Saudi Arabia further aggravate this situation. Community pharmacists play a crucial role in antimicrobial stewardship, yet they continue to face substantial challenges. OBJECTIVE: The objective of this study was to examine the barriers and determinant...",,,,,,,,
PM-0050,PubMed,41052069,Cunha João Paulo Alves; Rodrigues João Paulo Vilela; Rocha Kérilin Stancini Santos; Gonçalves Ana Maria Rosa Freato; Varallo Fabiana Rossi et al.,2025,Knowledge of medication dispensing among community pharmacists in Brazil: A national cross-sectional survey.,PLoS One,10.1371/journal.pone.0326817,"Brazilian community pharmacists' knowledge of medication dispensing was assessed through a nationally representative cross-sectional survey conducted between October 2021 and May 2022. A total of 366 licensed pharmacists working in private community pharmacies-71.3% of whom were female, with an average age of 36.4 years (standard deviation 9.4)-completed a validated online questionnaire covering fundamental aspects of dispensing practice and reported on their undergraduate training and prefer...",,,,,,,,
PM-0051,PubMed,40980189,Lambert Maarten; van Dijk Liset; Benko Ria; Llor Carl; Lykkegaard Jesper et al.,2025,The role of the community pharmacist in antibiotic use - a commentary on current status and future perspectives.,Explor Res Clin Soc Pharm,10.1016/j.rcsop.2025.100652,"Most antibiotics are prescribed, dispensed, and consumed in the community setting. Community pharmacists have a great potential to optimise antibiotic use and mitigate antibiotic resistance in this setting through antibiotic stewardship. This commentary aims to highlight critical areas where community pharmacists can contribute to optimising antibiotic use and to offer suggestions for how this can be implemented in practice. Currently, the role of the community pharmacist is mostly limited to...",,,,,,,,
PM-0052,PubMed,40967984,Bedhomme Sabrina; Pereton Bénédicte; Rochoux Typhène; Cousson Pierre-Yves; Martinet Elodie et al.,2025,"Pharmaceutical Interventions in Self-Medication, Focus on Requests in Dentistry : A Descriptive Study in Community Pharmacies in the Auvergne Region, France.",Int Dent J,10.1016/j.identj.2025.100935,"INTRODUCTION AND AIMS: The practice of self-medication is common but not without risks. Community pharmacists have an important role in dispensing over the counter drugs without medical prescription and hence conducting a pharmaceutical intervention (PI). It is estimated that the prevalence of self-medication in dentistry is around 58%. The aim of this study was to characterise, self-medication related PIs over a given period, particulalry appertaining to dental pain linked to an infectious o...",,,,,,,,
PM-0053,PubMed,40955350,Akiki Stephanie; Saab Joyce; Safwan Jihan; Chahine Bahia; Rahal Mohamad,2025,Knowledge and barriers among Lebanese community pharmacists in pediatric antibiotic dosing: a cross-sectional study.,Front Pediatr,10.3389/fped.2025.1630682,"BACKGROUND: The accurate dosing of antibiotics in pediatric patients is critically important in Lebanon due to the high prevalence of antibiotic misuse, widespread over-the-counter access without prescriptions, and limited healthcare access for a significant portion of the population. The study aimed to assess the knowledge of Lebanese community pharmacists regarding proper antibiotic dosing in pediatric patients, identify the factors that influence their knowledge, and explore the barriers t...",,,,,,,,
PM-0054,PubMed,40946802,Kishino Yuki; Suzuki Takahiro; Kigasawa Kaoru; Yamahata Koji; Fukai Yasukuni et al.,2025,"Evaluation of outpatient antibiotic use using AWaRe and DDD/DOT indicators: A community pharmacy-based study in Nayoro City, Japan.",J Infect Chemother,10.1016/j.jiac.2025.102810,"OBJECTIVE: This study evaluated outpatient antibiotic use in Nayoro City using the WHO AWaRe. classification and DDD/DOT indicators. It assessed: (1) overall antibiotic use, (2) differences in Access group proportions by prescription duration, and (3) regional prescribing patterns in response to a confirmed drug shortage. METHODS: We retrospectively analyzed 32,632 outpatient prescriptions from July 2022 to March 2025. Short-term prescriptions (≤14 days) were extracted per national guidelines...",,,,,,,,
PM-0055,PubMed,40916500,Aljinović-Vučić Vedrana; Vargantolić Ana-Marija; Virag Davor; Vučić Marin; Lacković Zdravko et al.,2025,"Self-medication practices and the content of home pharmacies in the households of pharmacy and medical students in Zagreb, Croatia, in 2022 with a reference to the findings from 2001 and 1977.",Croat Med J,10.3325/cmj.2025.66.247,"AIM: To inventory the content of home pharmacies and evaluate drug keeping and self-medication practices in the households of medical and pharmacy students at Zagreb University in 2022, and to relate the findings to two previous surveys. METHODS: A cross-sectional survey enrolled 178 students who inventoried drug supplies in their family households, and interviewed household members on drug keeping and self-medication practices. Previous surveys included 287 (in 2001) and 225 (in 1977) studen...",,,,,,,,
PM-0056,PubMed,40914241,Tekle Masho Tigabe; Sema Faisel Dula; Worku Minichil Chanie; Jara Abdisa Gemedi; Ayenew Worku Endalamaw,2025,Dispensing of antibiotics without prescription in community drug retail outlets of Bahir Dar City in Northwest Ethiopia: A simulated client visit before and after educational intervention.,J Glob Antimicrob Resist,10.1016/j.jgar.2025.08.017,"OBJECTIVES: The non-prescription supply of antibiotics in community drug retail outlets (CDROs) significantly contributes to antibiotic resistance (ABR). This study aimed to assess the effectiveness of an educational intervention for pharmacy practitioners (PPs) in reducing over-the-counter (OTC) antibiotic sales. METHODS: From 1 August 2022, to 30 January 2023, a total of 80 simulated client (SC) visits (40 pre-intervention, 40:post-intervention) were made in 40 CDROs of Bahir Dar City, to d...",,,,,,,,
PM-0057,PubMed,40846577,Al Masud Abdullah; Lahiru Walpola Ramesh; Anam Mujibul; Sarker Malabika; Islam Md Saiful et al.,2026,Social and commercial determinants of inappropriate antibiotic use in resource-constrained settings: A social-ecological system framework analysis.,Res Social Adm Pharm,10.1016/j.sapharm.2025.08.007,"BACKGROUND: Non-prescription antibiotic use is common in low- and middle-income countries, particularly in community-settings, yet research often overlooks social and commercial drivers beyond formal-healthcare. METHODS: This qualitative study conducted 64 in-depth interviews-16 each with pharmacy drug-sellers, pharmaceutical sales-representatives, registered-physicians, and antibiotic-users-across two urban and two rural areas in Bangladesh. Using a social-ecological systems framework, it ex...",,,,,,,,
PM-0058,PubMed,40826368,Mohamed Asmaa S; Refaei Hosam M A; Rofaeil Remon R,2025,Assessing patients' knowledge immediately after obtaining the antibacterial drug azithromycin: a community pharmacy-based cross-sectional study.,BMC Res Notes,10.1186/s13104-025-07447-1,"OBJECTIVE: This cross-sectional study was conducted across 38 community pharmacies and included 418 patients who were dispensed oral azithromycin. Pharmacists administered a structured questionnaire to collect demographic information and assess patients' knowledge regarding azithromycin use. Knowledge was evaluated based on responses related to the medication's name, dosage, frequency, potential side effects, and intended purpose. Based on their scores, participants were categorized as having...",,,,,,,,
PM-0059,PubMed,40776712,Nsingo Zanele; Bangalee Varsha; Johnston Deanne,2025,"Utilisation of antibiotics in a community pharmacy: A case from north-west, South Africa.",Afr J Prim Health Care Fam Med,10.4102/phcfm.v17i1.4943,"BACKGROUND:  Antibiotic utilisation is a growing public health issue due to antimicrobial resistance. Community pharmacies are a key access point for antibiotics; thus, an evaluation of dispensing records will provide insights into their use. AIM:  To describe the utilisation of antibiotics in a private community pharmacy. SETTING:  This study was undertaken in a private pharmacy located in the North West province of South Africa. METHODS:  A retrospective, cross-sectional study reviewed elec...",,,,,,,,
PM-0060,PubMed,40767677,Barbosa Jakeline Ribeiro; França Giovanny Vinícius Araújo de; Andrade Aurélio Matos; Araújo Beatriz Torres; Henriques Cláudio Maierovitch Pessanha et al.,2025,Antimicrobial sales profile in Brazil from 2014 to 2021: analysis of records from the National System of Controlled Products Management.,Rev Bras Epidemiol,10.1590/1980-549720250040,"OBJECTIVE: To analyze the antimicrobial dispensing profile in Brazil from 2014 to 2021 based on records from the Brazilian National System of Controlled Products Management (SNGPC) of the Brazilian Health Regulatory Agency (Anvisa). METHODS: A descriptive, time-series ecological study was carried out using data from private pharmacies and drugstores on the sale of antimicrobial drugs. Drugs sold from January 2014 to November 2021 were included, with analysis of the variables of month, year, m...",,,,,,,,
PM-0061,PubMed,40753242,Vieira de Souza Elindayane; Santos Caxico-Vieira Lara Joana; da Silva Moura Maria Amélia Joyce; Stancine Santos Rocha Kérilin; Cerqueira-Santos Sabrina et al.,2025,Effectiveness of educational interventions in improving antimicrobial dispensing by community pharmacists: a systematic review.,BMC Med Educ,10.1186/s12909-025-07309-1,"BACKGROUND: Identifying antimicrobial dispensing services is crucial for promoting the rational use of these medicines and mitigating microbial resistance. Educational interventions can support this process; however, a comprehensive synthesis of their effectiveness is still lacking. This study aimed to assess the effectiveness of educational interventions in improving antimicrobial dispensing among community pharmacists. METHODS: A systematic review of PubMed/Medline, Web of Science, Embase, ...",,,,,,,,
PM-0062,PubMed,40583999,Chisanga Kelly; Simpemba Ernest; Chunga Chipwaila; Chalwe Victor; Kapona Otridah et al.,2025,"Over-the-counter antimicrobial dispensing in Lusaka Province retail pharmacies, Zambia.",JAC Antimicrob Resist,10.1093/jacamr/dlaf092,"BACKGROUND: Antimicrobial resistance (AMR) is a major global threat, projected to cause 10 million deaths annually by 2050, mostly in sub-Saharan Africa. Indiscriminate dispensing and policy non-adherence worsen AMR, yet non-prescription antimicrobial use persists. This study examines over-the-counter (OTC) antimicrobial dispensing by pharmacy personnel in Lusaka Province, Zambia. OBJECTIVE: To describe OTC antimicrobial dispensing by retail pharmacy personnel in Lusaka Province and its impli...",,,,,,,,
PM-0063,PubMed,40486980,Al Masud Abdullah; Walpola Ramesh Lahiru; Sarker Malabika; Asaduzzaman Muhammad; Islam Md Saiful et al.,2025,Antibiotic dispensing practices in community pharmacies: Implications for antimicrobial stewardship in resource-constrained settings.,Explor Res Clin Soc Pharm,10.1016/j.rcsop.2025.100606,"BACKGROUND: Over-the-counter antibiotic sales in community-pharmacies significantly drive antimicrobial resistance (AMR) in low- and middle-income countries (LMICs) due to inappropriate use and early treatment discontinuation. In Bangladesh, community pharmacies, which dispense 56.6 % of antibiotics without prescriptions, serve as the first health-seeking touchpoint, yet conventional stewardship strategies often overlook these informal providers, heightening AMR risks. This study examines dru...",,,,,,,,
PM-0064,PubMed,40472054,de Jesus Nascimento Ferreira Tatiana; Caetano Rosângela; Benkö Ria; de Araújo Morais João Henrique; Osorio-de-Castro Claudia Garcia Serpa,2025,Community use of systemic antibiotics among individuals aged 15 and over in Brazil: A seven-year population-based cross-sectional study.,PLoS One,10.1371/journal.pone.0325231,"Brazil is recognized as the largest consumer of antibiotics among Latin American countries, despite the implementation of restrictive measures since 2011. Systemic antibiotics (J01) are commonly prescribed for community use and empirically for treating viral diseases, which can result in therapeutic failure and potential sources of microbial resistance. Studying the use of J01 at the outpatient and community level provides an opportunity to understand different clinical and social perspective...",,,,,,,,
PM-0065,PubMed,40433488,Popoola Olanrewaju Olamide; Adebisi Igbagboyemi Adebowale; Adeyemi Adebowale Sylvester; Adepitan Damilola Samson; Oladeru Opeyemi Fortunate,2025,"Assessing ethical practices among community pharmacists in Nigeria: prevalence, drivers, challenges, and implications-a mixed methods study.",Front Public Health,10.3389/fpubh.2025.1495328,"INTRODUCTION: Given the accessibility of community pharmacists as the first point of care in Nigeria and their expanding role in optimizing public health, it is critical that they employ evidence-based, ethical practices. This study assessed ethical practices and identified drivers of unethical practices among community pharmacists in Nigeria. METHODS: A convergent-parallel mixed method study design was employed, collecting quantitative and qualitative data, which were analyzed using SPSS and...",,,,,,,,
PM-0066,PubMed,40420096,Doan Dung Anh; Nguyen An Duc; Le Giang Ba; Nguyen Thuy Thi Xuan; Nguyen Phuong Lan et al.,2025,Prevalence and associated factors of antibiotic self-medication and home storage among antibiotic users: a cross-sectional study in Vietnam.,BMC Public Health,10.1186/s12889-025-23202-4,"BACKGROUND: Antibiotic self-medication and home storage are two common behaviors in the community that can lead to inappropriate or unnecessary use. This study investigated the prevalence and factors associated with these two behaviors among antibiotic users in Vietnam. METHODS: In this cross-sectional study, 997 participants from six cities/provinces were selected using a convenience sampling method and directly interviewed from November 2023 to March 2024. Antibiotic home storage was assess...",,,,,,,,
PM-0067,PubMed,40417230,Alghamdi Khalid S; Petzold Max; Alsugoor Mahdi H; Makeen Hafiz A; Persson Christina Ljungberg et al.,2025,Multi-stakeholder perspective on community pharmacy services in Saudi Arabia: A systematic review and meta-analyses for 2010-2020.,Explor Res Clin Soc Pharm,10.1016/j.rcsop.2025.100608,"BACKGROUND: Community pharmacists are the third-largest group of healthcare professionals globally; their capacity often extends far beyond dispensing medication, and they are increasingly involved in a diverse range of advanced health service delivery, which can potentially improve public health outcomes. Among the many initiatives of the Saudi national transformation program towards Saudi Vision 2030 are plans to transform the current model of community pharmacy services by expanding their ...",,,,,,,,
PM-0068,PubMed,40405830,Koski Renee R; Klepser Michael; Bronz Hanna,2025,CLIA-Waived Group a Streptococcal Pharyngitis Test and Treat Programs in Community Pharmacies.,J Pharm Pract,10.1177/08971900251345972,"Acute pharyngitis is mostly viral in origin, but antibiotics are commonly prescribed to cover group A streptococcus (GAS) which is the cause in 5%-30% of pharyngitis episodes. Patients are increasingly utilizing community pharmacy test and treat programs to diagnose and treat acute respiratory infections. There are several Clinical Laboratory Improvement Amendment (CLIA)-waived point-of-care tests (POCT) available to quickly identify GAS. The objective of this article is to explore the 11 ant...",,,,,,,,
PM-0069,PubMed,40380773,Ali Ruaa; Wazaify Mayyada,2025,Prescription and Nonprescription Drug Misuse and Abuse in Jordan: A 15-Year Community Pharmacy Analysis.,Subst Use Misuse,10.1080/10826084.2025.2505771,"BACKGROUND: Prescription and nonprescription drug abuse and misuse are global concerns. Monitoring this issue in community pharmacies is critical for early intervention and management. OBJECTIVES: This study investigates changes in prescription and nonprescription drug misuse and abuse in Jordan's community pharmacies in 2021 and compares these findings to previous studies from 2006 to 2014. METHODS: A cross-sectional survey was conducted among community pharmacists across Jordan, with data c...",,,,,,,,
PM-0070,PubMed,40374229,Mashuri Yusuf Ari; Hasanah Miratul; Rahayu Ihsanti Dwi; Liverani Marco; Probandari Ari et al.,2025,"Post-market quality assessment of antibiotics: findings from a cross-sectional study using standardised patients in Tabalong and Bekasi districts, Indonesia.",BMJ Open,10.1136/bmjopen-2024-087801,"OBJECTIVES: In Indonesia, antibiotics are often purchased without a prescription at community pharmacies, contrary to current regulations. This practice may increase the risk of out-of-specification (OOS) medicines being dispensed, potentially contributing to treatment failure and antibiotic resistance. To address this concern, we assessed the quality of antibiotics purchased without a prescription at private drug retail outlets (PDROs) in Indonesia. DESIGN AND SETTING: We conducted a cross-s...",,,,,,,,
PM-0071,PubMed,40371410,Królak-Ulińska Aneta; Religioni Urszula; Chełstowska Beata; Panford-Quainoo Edwin; Doniec Zbigniew et al.,2025,The role of pharmacists in ensuring rational antibiotic therapy within the interdisciplinary team.,Med Pharm Rep,10.15386/mpr-2740,"The irrational use of antibiotics is one of the biggest threats to public health, as recently highlighted in the documents from the World Health Organization. It includes both the choice of an inappropriate drug, dose, form, or length of therapy for the patient, and a lack of attention to the global cost of treatment. One of the effects of excessive and irrational use of antibiotics worldwide is the increasing number of antibiotic-resistant microorganisms. The growing number of bacterial illn...",,,,,,,,
PM-0072,PubMed,40336878,Gladys Okafor Ukamaka; Gabriella Chukwujindu Nzube; Lawal Folasade Olufunke; Bukola Folorunso Oluwatoyin; Amaechi Victor Chikaodiri et al.,2025,"Antibiotics stewardship: prevalence, nature, and factors associated with dispensing of antibiotics without prescription among community pharmacists in Nigeria.",J Pharm Policy Pract,10.1080/20523211.2025.2498927,"BACKGROUND: Dispensing antibiotics without a prescription is common among community pharmacists in low- and middle-income countries despite its association with antibiotic resistance. This study describes the prevalence and nature of dispensing antibiotics without prescription among community pharmacists in Nigeria and its associated factors. METHOD: A cross-sectional study was conducted among community pharmacists in Nigeria with a validated, online, self-administered questionnaire. Reliabil...",,,,,,,,
PM-0073,PubMed,40318195,Hammad Eman A; Altaher Noor; Tarazi Ala'a; Majdlaweyh Abdalrahman; Albayati Noorhan et al.,2025,Community Pharmacy Staff Referral of Patients with Diarrhea to Medical Consultation: A Simulated Patient Study.,Int J Pharm Pract,10.1093/ijpp/riaf023,OBJECTIVES: The objectives were (i) to assess the ability of community pharmacy staff in Jordan to identify diarrhea symptoms suggestive of bacterial gastroenteritis and advise patients to see a physician and (ii) to identify the factors influencing the referral decisions. METHOD: The study used the simulated patient (SP) approach. Four SPs conveyed a symptom-based scenario of bacterial gastroenteritis. Each visit was assessed for three outcomes: appropriateness of the visit outcome (i.e. ref...,,,,,,,,
PM-0074,PubMed,40298563,Darweesh Omeed; Kurdi Amanj; Merkhan Marwan; Ahmed Hemn; Ibrahem Salih et al.,2025,"Knowledge, Attitudes, and Practices of Iraqi Parents Regarding Antibiotic Use in Children and the Implications.",Antibiotics (Basel),10.3390/antibiotics14040376,,,,,,,,,
PM-0075,PubMed,40278539,Rizvi Tasneem; Zaidi Syed Tabish R; Williams Mackenzie; Thompson Angus; Peterson Gregory M,2025,Factors Influencing Community Pharmacists' Participation in Antimicrobial Stewardship: A Qualitative Inquiry.,Pharmacy (Basel),10.3390/pharmacy13020056,"Very few studies, all employing surveys, have investigated the perceptions of community pharmacists regarding antimicrobial stewardship (AMS). A qualitative inquiry exploring factors affecting community pharmacists' participation in AMS may assist in the implementation of AMS in the primary care setting. This study aimed to explore the perceived barriers and enablers of community pharmacists' participation in AMS. One-on-one semi-structured telephone interviews were conducted with a sample of...",,,,,,,,
PM-0076,PubMed,40276293,Armando P; Moscardó M; Tenllado M I,2025,[Good dispensing practices for antibiotics in community pharmacies of the province of Córdoba (Argentina)].,Farm Comunitarios,10.33620/FC.2173-9218.(2025).09,"OBJECTIVE: To develop a Good Dispensing Practices (GDP) Program for antibiotics (ATB) of greater demand in community pharmacies in the province of Córdoba (Argentina), to help reduce the antibiotic resistance (AR) and improve patients' knowledge about the need for prescription and proper use. METHODS: A standard operating procedure (SOP) was designed on GDP for ATB. Subsequently, a training program for community pharmacists was designed and implemented through a virtual platform. At the end, ...",,,,,,,,
PM-0077,PubMed,40204618,Lambert Maarten; Benko Ria; Lykkegaard Jesper; Søndergaard Jens; Olsen Jonas et al.,2025,Community pharmacists' role in optimising antibiotic use: The HAPPY PATIENT project to improve dispensing practices in five EU countries.,Res Social Adm Pharm,10.1016/j.sapharm.2025.03.064,"BACKGROUND: Community pharmacies can play a pivotal role in optimising the use of antibiotics through their dispensing practice. AIM: To evaluate the impact of a multifaceted intervention on community pharmacies' quality of antibiotic dispensing. METHOD: A prospective before-after study conducted according to the Audit Project Odense methodology in community pharmacies in France, Greece, Lithuania, Poland, and Spain. Pharmacy staff audited dispensing practices through a self-registry form bef...",,,,,,,,
PM-0078,PubMed,40177657,Do Thu Anh; Quan Phuong Bao; Le Thy Tran-Bao; Du Tuyen Thanh; Duong Suong Thi-Thanh et al.,2025,Antibiotic dispensing without a prescription across community pharmacies: A simulated patient study.,Explor Res Clin Soc Pharm,10.1016/j.rcsop.2025.100590,"OBJECTIVES: This study aimed to investigate the proportion of antibiotics dispensed, counseling content, and factors associated with antibiotic dispensing for patients with common cold symptoms among community pharmacists (CPs) in Ho Chi Minh City (HCMC). METHODS: A cross-sectional study was conducted from January to June 2023 using a simulated patient (SP) method. A total of 352 community pharmacies across 24 districts in HCMC were randomly selected. The SP provided complaints including havi...",,,,,,,,
PM-0079,PubMed,40149110,Al-Odat Ma'en; Mustafa Shadi; Al-Hajaya Yousef; Kandari Anwar; Alaroud Amane et al.,2025,Community Pharmacists' Responses Toward Antimicrobial Prescriptions in Jordan: A Cross-Sectional Survey.,Antibiotics (Basel),10.3390/antibiotics14030300,,,,,,,,,
PM-0080,PubMed,40110555,Thu Tran Nguyen Minh; Oyelayo Itunuoluwa Celestina; Purgreth Alexa; Ngo Thi Thanh Xuan; Olowe Adekunle Olugbenga et al.,2025,Investigation of CIP quality in over-the-counter drug stores of resource-limited countries: a comparative study in Vietnam and Nigeria.,JAC Antimicrob Resist,10.1093/jacamr/dlaf042,"INTRODUCTION: CIP, a broad-spectrum antibiotic, is crucial for managing bacterial infections. Its efficacy relies on maintaining high-quality standards, which can be affected by manufacturing, regulatory oversight and storage practices. This study compares the quality of CIP preparations in Vietnam and Nigeria, two nations with contrasting regulatory frameworks, to assess compliance with pharmaceutical standards and identify risks from substandard or falsified medicines. METHODS: A total of 4...",,,,,,,,
PM-0081,PubMed,40041790,Jamil Safayet; Hossain Md Jamal; Mohammad Ali Habib; Akon Md Rakib; Asumah Mubarick Nungbaso et al.,2025,Association of Knowledge and Attitude Toward Antibiotic Use and Resistance With Self-Medication Practice of Antibiotics Among Bangladeshi Private University Teachers: A Cross-Sectional Study.,Health Sci Rep,10.1002/hsr2.70526,"BACKGROUND AND AIMS: Antibiotic resistance is increasing globally and regionally, posing a significant public health concern. This study aimed to assess knowledge and attitude toward antibiotic use and the prevalence of self-medication and its association with the knowledge and attitude toward antibiotic use and resistance among private university teachers in Bangladesh. METHODS: This quantitative, cross-sectional study utilized a convenience sampling technique and included 509 respondents. A...",,,,,,,,
PM-0082,PubMed,40027926,Muloi Dishon M; Kasudi Mitchelle R; Murungi Maurice K; Lusanji Ibayi Eugine; Kahariri Samuel et al.,2025,Analysis of antibiotic use and access to drugs among poultry farmers in Kenya.,One Health,10.1016/j.onehlt.2025.100987,"Understanding access to and use of antibiotics in livestock production systems is critical for guiding antimicrobial stewardship programmes and animal health services. We analysed antibiotic use practices among smallholder-intensive poultry farms in Kenya and characterised access to veterinary supply chains by calculating travel time to drug stores. Data were collected from 766 poultry farms across 15 Kenyan counties, representing all production types, between May 2021 and February 2022. We a...",,,,,,,,
PM-0083,PubMed,39994469,Adeke Azuka S; Olorukooba Abdulhakeem A; Charles-Amaza Rahab; Aniemeka Dilichukwu I; Adeke Stephanie O et al.,2025,"Factors associated with health seeking behaviours and practice of antibiotics self-medication among adults in Abakaliki Metropolis, Ebonyi State, Nigeria.",Sci Rep,10.1038/s41598-025-91122-9,"One of the inappropriate health seeking behaviours (HSBs) people express when they feel ill is self-medication (SM) with antibiotics. The consequence of SM with antibiotics is the increase in antimicrobial resistance (AMR). Therefore, this study aimed to assess HSBs and the practice of SM with antibiotics among adults in Abakaliki, Nigeria. The study was undertaken using community-based cross-sectional study design. Multi-stage sampling technique was used to select 448 study respondents. Data...",,,,,,,,
PM-0084,PubMed,39881951,Hutchinson Eleanor; Mundua Sunday; Myers Jessica; Clarke Sian E; Schultz Hansen Kristian et al.,2025,How does the medicines retail sector ensure continued access to medicines during public health emergencies? Lessons from the COVID-19 pandemic in Uganda.,J Pharm Policy Pract,10.1080/20523211.2024.2418977,"BACKGROUND: The medicines retail sector (MRS) enables access to life-saving health commodities. Despite efforts to harness this market for public health goals, in low- and middle-income countries it is rarely incorporated into pandemic preparedness. This paper analyses the role of the MRS in the response to COVID-19 in Uganda, the extent to which it was incorporated into national planning and in the continuity of essential services. METHODS: We conducted a cross-sectional study using sequenti...",,,,,,,,
PM-0085,PubMed,39878150,Thandar Moe Moe; Baba Toshiaki; Matsuoka Sadatoshi; Ota Erika,2025,Interventions to reduce non-prescription antimicrobial sales in community pharmacies.,Cochrane Database Syst Rev,10.1002/14651858.CD013722.pub2,BACKGROUND: Antimicrobial resistance (AMR) is a major global health concern. One of the most important causes of AMR is the excessive and inappropriate use of antimicrobial drugs in healthcare and community settings. Most countries have policies that require antimicrobial drugs to be obtained from a pharmacy by prescription. The term 'non-prescription antimicrobial sale' refers to the dispensing and selling of antimicrobial drugs without a prescription in countries where the pharmaceutical po...,,,,,,,,
PM-0086,PubMed,39871298,Khan Faiz Ullah; Khan Farman Ullah; Sajjad Aqsa; Ahmad Tawseef; Mallhi Tauqeer Hussain et al.,2025,"Pattern of antibiotic dispensing at pharmacies according to access, watch, reserve (AWaRe) classification: multicenter study after COVID-19 waves in different districts of Pakistan.",BMC Res Notes,10.1186/s13104-024-07030-0,"OBJECTIVE: The dispensing of non-prescription antibiotics is a worldwide concern, and antibiotics should only be dispensed with a legitimate prescription. METHODOLOGY: A cross-sectional study was conducted using the simulated client methodology, with data collected, recorded, and analyzed using SPSS. RESULTS: The simulated client visited 210 pharmacies, of which 70 dispensed antibiotics without a prescription. Outcomes The most often suggested antibiotics for upper respiratory tract infection...",,,,,,,,
PM-0087,PubMed,39863948,Güran Mümtaz; Ali Ömer Barış; Ceylanlı Ekin; İyican Muharrem; Tepretmez Laden et al.,2024,Insights of community pharmacists on antibiotic misuse during the COVID-19 pandemic in the northern region of Cyprus.,J Infect Dev Ctries,10.3855/jidc.19595,"INTRODUCTION: The global healthcare system faced unparalleled challenges during the coronavirus disease 2019 (COVID-19) pandemic, potentially reshaping antibiotic usage trends. This study aimed to evaluate the knowledge, perceptions, and observations of community pharmacists concerning antibiotic utilization during and after the pandemic; and offer crucial insights into its impact on antibiotic usage patterns and infection dynamics. METHODOLOGY: This cross-sectional study involved 162 communi...",,,,,,,,
PM-0088,PubMed,39858319,Moura Sofia; Duarte Paulo; Oliveira Ana Sofia; Martinez-de-Oliveira José; Palmeira-de-Oliveira Ana et al.,2025,Azole Antifungal Consumption in Community Pharmacy Sales in Mainland Portugal: Trend Analysis from 2014 to 2023.,Antibiotics (Basel),10.3390/antibiotics14010033,,,,,,,,,
PM-0089,PubMed,39823125,Jaggi Preeti; Logan Latania,2024,Dispensing practices of amoxicillin suspension by community pharmacists.,Antimicrob Steward Healthc Epidemiol,10.1017/ash.2024.360,BACKGROUND: Amoxicillin suspension is frequently prescribed to children; we hypothesized that prescribing convention system constraints lead to unusual dosing regimens and unnecessary waste of the drug. OBJECTIVE: Identify antibiotic dispensing practices by community pharmacists and/or technicians to understand opportunities to decrease wasted amoxicillin liquid and optimize prescribing convention of liquid amoxicillin to children. METHODS: Pilot online survey of Atlanta area and National Com...,,,,,,,,
PM-0090,PubMed,39811094,Al Masud Abdullah; Walpola Ramesh Lahiru; Sarker Malabika; Kabir Alamgir; Asaduzzaman Muhammad et al.,2025,Assessing community antibiotic usage and adherence as per standard treatment guidelines: A potential area to enhance awareness at community pharmacy settings.,Explor Res Clin Soc Pharm,10.1016/j.rcsop.2024.100552,"BACKGROUND: Antibiotic nonadherence significantly contributes to poor treatment outcomes and antimicrobial resistance. In Southeast Asia, including Bangladesh, community pharmacies are crucial in primary healthcare, and are key sources of over-the-counter antibiotics. However, understanding of adherence to the full course of community-dispensed antibiotics is limited. This study measured antibiotic adherence to Bangladesh government and WHO Standard Treatment Guidelines (STGs) among patients ...",,,,,,,,
PM-0091,PubMed,39794822,Kirubi Beatrice; Eman Kinz Ul; Lodhi Usman R; Fatima Razia K; Kazi Ghulam Nabi et al.,2025,"Enhancing tuberculosis case notifications through mapping sales of medicine in the private sector: a quasi-experimental study in Punjab province, Pakistan.",BMC Health Serv Res,10.1186/s12913-024-12202-6,"INTRODUCTION: In Pakistan, almost one-third of people who develop tuberculosis (TB) are missed by the National TB Program (NTP). A considerable number of people with TB receive treatment in the private sector but remain unnotified. This study documents the outcomes of an intervention to identify people with TB through private pharmacy engagement, building on mapping TB medicine sales in Punjab Province. METHODS: A comprehensive intervention was carried out in four districts of Punjab with hig...",,,,,,,,
PM-0092,PubMed,39712530,Jannah Nurul; Fahrunnisa; Paramitadevi Yudith Vega; Vibowo Heryudianto; Kurniawan Fariz Am et al.,2024,"Antibiotic Utilization and Its Implications Among Ruminant Farmers and Stakeholders in Sumbawa Regency, Indonesia.",Vet Med Int,10.1155/vmi/6519659,"The rise in antimicrobial resistance is a vital concern, and various factors, such as the overuse of antibiotics in agriculture, have contributed to its development and spread. Livestock farmers, veterinarians, and pharmacies are key prescribers of antibiotics for disease prevention, control, and treatment of ruminant animals. A qualitative study in the Sumbawa District examined their awareness, attitudes, and practices concerning antibiotic use, residues, and resistance, underscoring their v...",,,,,,,,
PM-0093,PubMed,39704767,Campbell Chloë; Morris Caroline; Sunderland Bruce; McBain Lynn; Czarniak Petra,2024,Contribution of the community pharmacist workforce to primary care through the lens of medicines classification: comparison of Aotearoa New Zealand and Australia.,J Prim Health Care,10.1071/HC24050,Introduction Optimal use of the workforce in primary care is critical due to increasing complexity and demand resulting from multi-morbidity in ageing populations. Improving public access to medicines by making them available via a pharmacist without prescription can support self-care while ensuring oversight by a health professional. Aim The aim of this paper was to identify and explore key differences between New Zealand and Australia in medicines classified nationally for pharmacist-only n...,,,,,,,,
PM-0094,PubMed,39691775,Elgammal Ayat; Ryan Joseph; Bradley Colin; Crean Abina; Bermingham Margaret,2025,Challenges prescribing and dispensing oral antibiotics with poor palatability for paediatric patients: A qualitative interview study with GPs and pharmacists.,Explor Res Clin Soc Pharm,10.1016/j.rcsop.2024.100546,BACKGROUND: Poor palatability of antibiotics is a key cause for non-adherence to antibiotic treatment among children. Failure to complete antibiotic treatment because of poor palatability can cause disease recurrence and may contribute to increasing rates of antimicrobial resistance. The aim of this study was to investigate the experience and challenges faced by general practitioners (GPs) and community pharmacists regarding prescribing and dispensing oral liquid antibiotics for children and ...,,,,,,,,
PM-0095,PubMed,39685007,Alnezary Faris S; Alahmadi Dina A; Abduljaleel Fatima N; Alharbi Riham G; Alzahrani Fahad et al.,2024,Assessing Community Pharmacists' Management of Acute Diarrhea in Saudi Arabia: A Simulated Patient Study.,Healthcare (Basel),10.3390/healthcare12232385,"INTRODUCTION: Antimicrobial resistance poses a significant threat to global health, and community pharmacists are positioned to play a crucial role in mitigating this issue. The present study aimed to evaluate the extent of compliance among community pharmacists in Saudi Arabia with relevant regulations and clinical guidelines in the management of suspected infectious diarrhea. METHOD: This cross-sectional study employed simulated patients presenting with diarrhea to assess the management pra...",,,,,,,,
PM-0096,PubMed,39628834,Lubanga Adriano Focus; Bwanali Akim Nelson; Kamanga Watipaso; Kathewera Bernard Sindani; Makole Tumaini John et al.,2024,"Antibiotic Dispensing Practices Among Community Retail Pharmacies and Registered Drugstores: Results from a Simulated Client Study in Lilongwe, Malawi.",Integr Pharm Res Pract,10.2147/IPRP.S487530,"INTRODUCTION: Antimicrobial resistance (AMR) is largely driven by the inappropriate use of antibiotics. This has been attributed to the non-prescription sale of antibiotics in retail drug outlets. Despite the rising number of retail drug outlets in Malawi, the practice of drug dispensing in private pharmacies has not been evaluated. This study therefore assessed the prevalence of non-prescription sales of antibiotics in retail drug outlets in Lilongwe, Malawi. METHODS: A community-based simul...",,,,,,,,
PM-0097,PubMed,39584022,Netthong Rojjares; Donsamak Sisira; John Dai N; Kane Ros; Armani Keivan,2024,Empowering Thai community pharmacists in combating antimicrobial resistance: Qualitative insight and sentiment analysis.,Explor Res Clin Soc Pharm,10.1016/j.rcsop.2024.100535,"BACKGROUND: Antimicrobial resistance (AMR) is increasing globally and poses a significant public health challenge. Community pharmacists, especially in primary care settings, play a pivotal role in mitigating the irrational use of antibiotics, a key driver of AMR. OBJECTIVES: This study aims to explore qualitative insights from community pharmacists regarding antibiotic supply and usage, analyze sentiments related to AMR, and highlight the crucial role of community pharmacists in AMR stewards...",,,,,,,,
PM-0098,PubMed,39574365,Al-Jumaili Ali Azeez; Ahmed Kawther K,2024,A review of antibiotic misuse and bacterial resistance in Iraq.,East Mediterr Health J,10.26719/2024.30.10.663,"BACKGROUND: Antimicrobial resistance poses a serious threat to healthcare globally. Reviewing current practice regarding antibiotic prescription and use is crucial to understanding antimicrobial resistance issues in Iraq and how to tackle them. AIM: To review and analyse studies addressing antimicrobial resistance as well as antibiotic prescription, dispensing and use in Iraq. METHODS: In June 2023, we searched Google Scholar for, and reviewed, empirical studies related to antibiotic use and ...",,,,,,,,
PM-0099,PubMed,39554327,Deniz Elif Ulutaş; Yuca Hafize; Aydın Bilge; Öztürk Gözde; Çoban Furkan et al.,2024,"Comparative content analysis and biological activity studies of fatty and essential oils from some garlic products sold in Turkish community pharmacies, natural, and fermented garlic.",Food Sci Nutr,10.1002/fsn3.4352,"Garlic (Alliaceae), an annual herb, is renowned not only for its distinctive flavor but also for its extensive therapeutic applications in managing various ailments and health conditions. In this study, garlic products identified as the best-selling items in Turkish pharmacies for various purposes were compared with garlic grown under standard conditions in terms of chemical composition and antidiabetic, anticholinesterase, antimicrobial, and antioxidant properties. Three of garlic samples we...",,,,,,,,
PM-0100,PubMed,39531344,García-Sangenís Ana; Lykkegaard Jesper; Hansen Malene Plejdrup; González López-Valcárcel Beatriz; Raynal Fabiana et al.,2025,Impact of a multifaceted intervention programme on antibiotic prescribing and dispensing in four patient-centred settings in five European countries. The HAPPY PATIENT project.,Fam Pract,10.1093/fampra/cmae064,"BACKGROUND: The primary cause of antimicrobial resistance is excessive and non-indicated antibiotic use. AIM: To evaluate the impact of a multifaceted intervention aimed at various healthcare professionals (HCPs) on antibiotic prescribing and dispensing for common infections. DESIGN AND SETTING: Before-and-after study set in general practice, out-of-hours services, nursing homes, and community pharmacies in France, Greece, Lithuania, Poland, and Spain. METHODS: Following the Audit Project Ode...",,,,,,,,
PM-0101,PubMed,39512802,Aloudah Nouf; Alsaja Raghad Abdulaziz; Bin Mohareb Abeer Mohammed; Alshabanah Aljoharah O; Alammari Raghad Bakr,2024,Disposal of Unused Antibiotics in Community Pharmacies in Saudi Arabia: A Mixed-Methods Study.,Integr Pharm Res Pract,10.2147/IPRP.S488482,"INTRODUCTION: Improper disposal of unused antibiotics poses a significant global challenge, drawing attention from various stakeholders. This discharge of antibiotics into the environment can occur through various means such as industrial production, consumption, and excretion by humans and animals, as well as improper disposal of unused or expired antibiotics. The aim of our study is to investigate the availability of proper disposal of antibiotics in community pharmacies and to explore obst...",,,,,,,,
PM-0102,PubMed,39486791,Meknassi Salime Ghita; Cherif Chefchaouni Ali; ElHamdaoui Omar; Elalaoui Yassir,2025,Self-medication of the pediatric population by parents in Morocco: Survey in the Midelt region.,Ann Pharm Fr,10.1016/j.pharma.2024.10.009,"INTRODUCTION: Self-medication, the practice of administering medications without a medical prescription, has become a ubiquitous reality in many homes. Although often seen as a practical solution to alleviate minor ailments, it also raises major concerns, particularly when it involves children. Indeed, self-medication among children by their parents is a complex phenomenon, influenced by various social, cultural and economic factors. OBJECTIVES: The main objective of our study is to evaluate ...",,,,,,,,
PM-0103,PubMed,39452805,Jîtcă Carmen-Maria; Jîtcă George; Silvia Imre,2024,Off-Label Pediatric Medication Prescribing and Dispensing: Awareness and Attitudes among Community Pharmacists: A Questionnaire-Based Study.,Pharmacy (Basel),10.3390/pharmacy12050149,"Off-label practice in pediatrics requires relentless engagement from all the health professionals involved. Community pharmacists are the last ones in the prescribing-dispensing chain; therefore, they have the key responsibility of verifying the correctness of a treatment. A cross-sectional study was conducted for assessing the awareness and views of Romanian community pharmacists, regarding off-label drugs in the pediatric population, through a 28-item questionnaire comprising five sections ...",,,,,,,,
PM-0104,PubMed,39366709,Ferdiana Astri; Mashuri Yusuf Ari; Wulandari Luh Putu Lila; Rahayu Ihsanti Dwi; Hasanah Miratul et al.,2024,The impact of a multi-faceted intervention on non-prescription dispensing of antibiotics by urban community pharmacies in Indonesia: a mixed methods evaluation.,BMJ Glob Health,10.1136/bmjgh-2024-015620,INTRODUCTION: Non-prescription antibiotic dispensing is prevalent among community pharmacies in several low- and middle-income countries. We evaluated the impact of a multi-faceted intervention to address this challenge in urban community pharmacies in Indonesia. METHODS: A pre-post quasi-experimental study was carried out in Semarang city from January to August 2022 to evaluate a 7-month long intervention comprising: (1) online educational sessions for pharmacists; (2) awareness campaign tar...,,,,,,,,
PM-0105,PubMed,39318500,Al Masud Abdullah; Walpola Ramesh Lahiru; Sarker Malabika; Kabir Alamgir; Asaduzzaman Muhammad et al.,2024,Understanding antibiotic purchasing practices in community pharmacies: A potential driver of emerging antimicrobial resistance.,Explor Res Clin Soc Pharm,10.1016/j.rcsop.2024.100485,"INTRODUCTION: Antimicrobial resistance (AMR), a transboundary health issue, critically impacting low- and middle-income countries (LMICs) where 80% of antibiotics are used in the community, with 20-50% being inappropriate. Southeast-Asia, including Bangladesh, faces heightened AMR risk due to suboptimal healthcare standard and unregulated antibiotic sales. This study aimed to audit antibiotic dispensing patterns from community pharmacies, identifying factors influencing purchasing behaviors. ...",,,,,,,,
PM-0106,PubMed,39294829,Hafez Hadeer; Rakab Mohamed Saad; Elshehaby Adham; Gebreel Ahmed Ibrahim; Hany Mohamed et al.,2024,Pharmacies and use of antibiotics: a cross sectional study in 19 Arab countries.,Antimicrob Resist Infect Control,10.1186/s13756-024-01458-6,"BACKGROUND: The rise of antimicrobial resistance, which is partially attributed to the overuse and/or misuse of antibiotics in health care, is one of the world's largest public health challenges. The distribution of antibiotics in absence of a prescription in pharmacies is a significant contributor to the growing global public health crisis of antibiotic resistance. A pharmacist's clinical and lawful knowledge of antibiotic provide has an impact on the proper way to dispense medication. There...",,,,,,,,
PM-0107,PubMed,39277724,Aiesh Banan M; Saleh Salsabeel; Matouk Nadine; Labadi Marah; Kmail Sanaa et al.,2024,Assessing pediatric antibiotic knowledge and practices among community pharmacists in Palestine: implications for antibiotic use and resistance.,BMC Pediatr,10.1186/s12887-024-05060-y,"BACKGROUND: Antibiotics are widely used in the pediatric population, and their inappropriate use contributes to antibiotic resistance, which is a growing concern in developing countries. Therefore, this national cross-sectional study aimed to assess community pharmacists' knowledge, attitudes and practices regarding appropriate antibiotic use and dosing in pediatric patients and to explore the barriers to such use in Palestine. METHODS: A questionnaire-based survey was conducted among communi...",,,,,,,,
PM-0108,PubMed,39216078,Shammah Jwan B; Scott Jenny; Wazaify Mayyada,2024,Prescription and nonprescription drug misuse and abuse in community pharmacies in Iraq: a cross-sectional survey.,Int J Pharm Pract,10.1093/ijpp/riae045,"BACKGROUND: There is little known regarding prescription and nonprescription medicine nonmedical use (abuse and misuse) in Iraq, with limited treatment. Pharmacists could be a valuable source of information in the absence of any national monitoring system. AIMS: This study aimed to explore Iraqi community pharmacists' perspectives on prescription and nonprescription medicine abuse/misuse, including motives for use and how often they encounter people whom they think are misusing or abusing med...",,,,,,,,
PM-0109,PubMed,39192993,Vinh Nguyen Nam; Do Nga Thi Thuy; Vu Huong Thi Lan; Bui Phuong Bich; Pham Thai Quang et al.,2024,Understanding Acceptability and Willingness-to-pay for a C-reactive Protein Point-of-care Testing Service to Improve Antibiotic Dispensing for Respiratory Infections in Vietnamese Pharmacies: A Mixed-methods Study.,Open Forum Infect Dis,10.1093/ofid/ofae445,"BACKGROUND: Pharmacies are popular first points of contact for mild infections in the community. Pharmacy services in many countries have expanded to include vaccines and point-of-care tests. In low- and middle-income countries such as Vietnam, poor enforcement of regulations results in substantial volumes of over-the-counter antibiotic sales. Point-of-care tests could provide an economically viable way to reduce antibiotic sales, while still satisfying customer demand for convenient healthca...",,,,,,,,
PM-0110,PubMed,39169928,Alanazi Ibtisam Hamoud; Alanazi Sabah Dhaifallah; Alanazwi Shouq Lafui; Alshehri Sara Hassan; Prabahar Kousalya,2024,Dispensing Errors and Self-medication Practices-Pharmacists' Experience in Tabuk: A Cross-sectional Study.,J Pharm Bioallied Sci,10.4103/jpbs.jpbs_1288_23,"BACKGROUND: Community pharmacists are engaged in various professional activities starting from drug dispensing to promoting the well-being of patients. They dispense medications as stated in the prescription and are also licensed to prescribe over-the-counter (OTC) medications. Self-medication is widely practiced in various countries, which may lead to irrational drug use. The objectives of this study were to identify the factors associated with dispensing errors, to find ways to minimize dis...",,,,,,,,
PM-0111,PubMed,39168630,Nakamura Koyo; Matsumoto Kazuaki; Enoki Yuki; Taguchi Kazuaki; Yamashita Shuji et al.,2024,Antimicrobial Stewardship of Oral Third-Generation Cephalosporins in Community Pharmacy: A Single-Center Quasi-Experimental Study.,Biol Pharm Bull,10.1248/bpb.b24-00047,"Proper use of antimicrobials in hospital and outpatient settings is critical for minimizing the occurrence of antimicrobial resistance. Some hospitals have intervened in the inappropriate use of third-generation oral cephalosporins. However, there have been no such studies in community pharmacy settings. This study aimed to investigate how the use of oral third-generation cephalosporins in community pharmacies affects the amount of antimicrobials used. Patients who visited Nakanomaru Pharmacy...",,,,,,,,
PM-0112,PubMed,39156981,Pereira Yanira,2023,[Antibiotic dispensing: 'Happy Patient' Project].,Farm Comunitarios,10.33620/FC.2173-9218.(2023).30,"Antibiotic resistance is a growing public health threat that affects all countries in the world. As healthcare professionals who are experts in medicine, we must improve clinical practice in the dispensing of antibiotics and educate the patient about the correct form of administration to contribute to reducing the appearance of bacterial resistance. The 'Happy patient' project allows us to audit the usual practice of community pharmacies in dispensing antibiotics to find points of improvement...",,,,,,,,
PM-0113,PubMed,39156980,Plaza Zamora Francisco Javier; Mendoza Barbero Ana; Molinero Ana; Sánchez Marcos Navidad; Lambert M et al.,2023,[Audit of Antibiotic Dispensing in Community Pharmacy (Happy Patient Project)].,Farm Comunitarios,10.33620/FC.2173-9218.(2023).28,"BACKGROUND: Dispensing and prescribing antibiotics is inappropriate in many of the countries in the European Union, including Spain, and a threat to the population's health. To tackle the growth of antimicrobial resistance, the Happy Patient project was set up under the sponsorship of the European Commission. AIM: O ascertain the characteristics of dispensing antibiotic therapy in Spanish community pharmacies.To compare the variability between different Spanish community pharmacies. METHODS: ...",,,,,,,,
PM-0114,PubMed,39092463,Sadreghaemy Milad; Gamba Magdalena A; Bloem Lourens T; Egberts Toine C G,2024,Leftover of Amoxicillin Suspension After Use by Children in the Netherlands.,Pharmacoepidemiol Drug Saf,10.1002/pds.5868,"PURPOSE: In clinical practice, a discrepancy may exist between the prescribed amount of a drug and the commercially available pack sizes in the pharmacy, potentially contributing to drug waste. This study aimed-as an example of this phenomena-to quantify leftover of amoxicillin suspension prescribed to children, due to discrepancies between physician-prescribed and pharmacy-dispensed amounts. METHODS: We performed a retrospective cohort study including amoxicillin suspension dispensations for...",,,,,,,,
PM-0115,PubMed,39007989,Budden Mitchell; Gilbertson Daniel; Chung Sean; Benrimoj Shalom I; Mardones Francisco et al.,2024,Clinical management protocols for community pharmacist-led management of urinary tract infections: a review of the grey literature and quality appraisal.,Int J Clin Pharm,10.1007/s11096-024-01768-0,"BACKGROUND: Pharmacist-led management of urinary tract infections has been introduced as a service in the United Kingdom, Canada, United States of America, New Zealand, and Australia. The management of acute uncomplicated urinary tract infections by community pharmacists has gained increasing attention as a potential avenue to alleviate the burden on primary healthcare services. AIM: The objectives of the review were to: (1) identify protocols for community pharmacist management of acute unco...",,,,,,,,
PM-0116,PubMed,38965914,Noga Fabiola; Hoti Ela; Ibrahimi Eliana; Toma Diana; Malaj Ledjan,2024,Perceptions and experiences of community pharmacists with off-label prescribing in the pediatric population.,Int J Pharm Pract,10.1093/ijpp/riae031,"OBJECTIVES: This study aimed to investigate and provide insight into the prevalence and patterns of off-label drug use in the pediatric population from the perspective of community pharmacists, addressing the existing data gap in a developing setting. METHODS: A questionnaire-based cross-sectional study was conducted on Albanian community pharmacists in June 2021. The online administered survey explored the participants' demographic details, perceptions, and experiences with off-label prescri...",,,,,,,,
PM-0117,PubMed,38939617,Alkadhimi Akram; Dawood Omar T; Khan Amer H,2024,"The role of community pharmacists and their perception towards antimicrobial stewardship in Baghdad, Iraq.",Health Care Sci,10.1002/hcs2.92,"BACKGROUND: This study aimed to assess the role of community pharmacists and their perception toward antimicrobial stewardship, in addition to identifying factors influencing their perception and practices in community pharmacy. METHODS: A cross-sectional study was carried out among community pharmacists regarding antimicrobial stewardship. Convenience sampling was used to obtain the required sample from a community pharmacy in Baghdad. In total, 381 participants have completed the survey. RE...",,,,,,,,
PM-0118,PubMed,38911442,Tosin Anthony Agbesanwa; Olukayode Aina Felixelix; Olusoji Abidemi Solomon; Azeez Oyemomi Ibrahim; Adefunke Babatola Olarinre et al.,2024,"Prevalence, practice, determinants and adverse effects of self-medication among young people living in a suburban community of Ekiti, Nigeria: A community-based cross-sectional study.",SAGE Open Med,10.1177/20503121241261002,"OBJECTIVES: Health hazards such as adverse drug reactions and prolonged morbidity are fallouts of self-medication among young people in sub-Saharan Africa. The aim of this study was to assess the prevalence, practice, determinants, and adverse effects of self-medication among young people living in a suburban community of Ekiti, Nigeria. METHODS: This survey was a descriptive, cross-sectional study of 602 young people aged 16-24 years., who were randomly selected in the community. A predesign...",,,,,,,,
PM-0119,PubMed,38888511,Lamshöft Maike Maria; Liheluka Edwin; Ginski Greta; Lusingu John P A; Minja Daniel et al.,2024,Understanding pre-hospital disease management of fever and diarrhoea in children-Care pathways in rural Tanzania.,Trop Med Int Health,10.1111/tmi.14022,"OBJECTIVE: Many children in sub-Saharan Africa die from infectious diseases like malaria, pneumonia, and diarrhoea that can be prevented by early diagnosis, effective and targeted treatment. This study aimed to gain insights into case management practices by parents before they present their children to hospital. METHODS: We conducted a cross-sectional study among 332 parents attending a district hospital with their under-fives symptomatic with fever and/or diarrhoea between November 2019 and...",,,,,,,,
PM-0120,PubMed,38870190,Nabeel Muhammad; Ali Khubaib; Sarwar Muhammad Rehan; Waheed Imran,2024,"Assessment of knowledge, attitudes, and practices among community pharmacists in Lahore regarding antibiotic dispensing without prescription: A cross-sectional study.",PLoS One,10.1371/journal.pone.0304361,"OBJECTIVES: The irrational dispensing practices are responsible for antibiotic abuse and the spread of antibiotic resistance. Thus, the present study aims to evaluate the knowledge, attitudes, and practices of community pharmacists (CPs) regarding dispensing antibiotics without prescription (DAwP). METHOD: A descriptive, cross-sectional study was conducted between March 1, 2023, and March 31, 2023, in community pharmacy settings of Lahore, Pakistan. A self-administered and pretested questionn...",,,,,,,,
PM-0121,PubMed,38863561,Mudenda Steward; Mulenga Karen Mubanga; Nyirongo Ruth; Chabalenge Billy; Chileshe Chikwanda et al.,2024,"Non-prescription sale and dispensing of antibiotics for prophylaxis in broiler chickens in Lusaka District, Zambia: findings and implications on one health.",JAC Antimicrob Resist,10.1093/jacamr/dlae094,BACKGROUND: The irrational use of antibiotics in humans and livestock has contributed to the emergence of antimicrobial resistance (AMR). This study investigated the commonly sold and dispensed antibiotics for prophylaxis in broiler chickens in pharmacy and agro-veterinary shop personnel in the Lusaka District of Zambia. METHODS: This cross-sectional study was conducted from August 2023 to October 2023 among 200 veterinary medicine dispensers in the Lusaka District of Zambia using a simulated...,,,,,,,,
PM-0122,PubMed,38853587,Nohrborg Sandra; Nguyen-Thi Thinh; Xuan Huyen Nguyen; Hai Yen Luu Thi; Lindahl Johanna et al.,2024,Understanding veterinary drug shop workers' knowledge and practices to identify drivers of antibiotic use in Vietnamese livestock farms.,Vet Med Sci,10.1002/vms3.1502,"BACKGROUND: Antimicrobial resistance (AMR) is a One Health issue and a major threat to animal and human health. Antibiotic use (ABU) drives AMR development, and several hotspots for ABU, and AMR, in livestock have been identified in Southeast Asia, including Vietnam. There are often multiple drivers of ABU at farms, and to identify all of them there is a need to look beyond farm level. OBJECTIVES: The overall aim of this study was to identify routines and/or competencies, related to antibioti...",,,,,,,,
PM-0123,PubMed,38853279,Lopes Luciane Cruz; Motter Fabiane R; Carvalho-Soares Mônica Da Luz,2024,Consumption of antibiotics in Brazil - an analysis of sales data between 2014 and 2019.,Antimicrob Resist Infect Control,10.1186/s13756-024-01412-6,BACKGROUND: Antibiotic consumption is a driver for the increase of antimicrobial resistance. The objective of this study is to analyze variations in antibiotic consumption and its appropriate use in Brazil from 2014 to 2019. METHODS: We conducted a time series study using the surveillance information system database (SNGPC) from the Brazilian Health Regulatory Agency. Antimicrobials sold in retail pharmacies were evaluated. All antimicrobials recorded for systemic use identified by the active...,,,,,,,,
PM-0124,PubMed,38853267,Ayenew Wondim; Tessema Tewodros Ayalew; Anagaw Yeniewa Kerie; Siraj Ebrahim Abdela; Zewdie Segenet et al.,2024,Prevalence and predictors of self-medication with antibiotics in Ethiopia: a systematic review and meta-analysis.,Antimicrob Resist Infect Control,10.1186/s13756-024-01417-1,"INTRODUCTION: Antibiotic self-medication is a global public health concern contributing to antibiotic resistance. This systematic review and meta-analysis aim to assess the prevalence of antibiotic self-medication and its associated factors in Ethiopia. METHODS: A comprehensive search of electronic databases was conducted from MEDLINE (PubMed), Scopus, Google Scholar and Web of Science to identify relevant studies published between 2000 and 2024. Adult households, undergraduate university stu...",,,,,,,,
PM-0125,PubMed,38812219,Ma Kun; Huang Tian-Jiao; Cao Ren-Shuang; Li Qian,2024,[Network Meta-analysis of Chinese patent medicines combined with antibiotics in treatment of pelvic inflammatory diseases].,Zhongguo Zhong Yao Za Zhi,10.19540/j.cnki.cjcmm.20240115.502,"To evaluate the efficacy and safety of different Chinese patent medicines in the treatment of pelvic inflammatory disease(PID) using network Meta-analysis. The databases of CNKI, Wanfang, VIP, SinoMed, PubMed, Cochrane Library, EMbase, and Web of Science were searched, and from the time of database construction to July 16, 2023, the randomized controlled trial(RCT) of Chinese patent medicines combined with antibiotics in the treatment of PID included in these databases was collected. The qual...",,,,,,,,
PM-0126,PubMed,38809832,Greene Hannah Camille; Makovi Kinga; Abdul-Mumin Rafiatu; Bansal Akhil; Frimpong Jemima A,2024,"Challenges in the distribution of antimicrobial medications in community dispensaries in Accra, Ghana.",PLoS One,10.1371/journal.pone.0281699,"INTRODUCTION: The dispensation of medicines in some low- and middle-income countries is often carried out by private vendors operating under constrained conditions. The aim of this study was to understand the challenges reported by employees of dispensaries, specifically, chemical and herbal shops and pharmacies in Accra, Ghana. Our objectives were twofold: (1) to assess challenges faced by medicine vendors related to dispensing antimicrobials (antibiotic and antimalarial medications), and (2...",,,,,,,,
PM-0127,PubMed,38728639,Tomic Tanja; Henman Martin; Tadic Ivana; Antic Stankovic Jelena; Santric Milicevic Milena et al.,2024,Immediate and long-term effects of COVID-19 on antibiotic dispensing: increasing use of Watch antibiotics.,J Infect Dev Ctries,10.3855/jidc.19255,"INTRODUCTION: The coronavirus disease 2019 (COVID-19) pandemic affected antibiotic usage worldwide. However, there is limited data from Serbia. Dispensing of oral antibiotics in Serbian pharmacies was analyzed to calculate monthly and yearly changes between 2018-2021, and to explore immediate and long-term effects of COVID-19 on antibiotic dispensing during this period. METHODOLOGY: The number of antibiotic packages dispensed from pharmacies during the study period was analyzed with a Chi-squ...",,,,,,,,
PM-0128,PubMed,38702286,Lambert Maarten; Wonink Anneloes; Benko Ria; Plejdrup Hansen Malene; van Dijk Liset et al.,2024,Pharmacists combating antimicrobial resistance: A Delphi study on antibiotic dispensing.,Res Social Adm Pharm,10.1016/j.sapharm.2024.04.006,"BACKGROUND: The daily work of community pharmacists includes dispensing antibiotics, but little is known about how this should be done to ensure quality use of antibiotics. OBJECTIVE: To define specific tasks of the community pharmacist when dispensing antibiotics and to assess to what extent these tasks can be implemented in practice in Europe. METHODS: A Delphi study with community pharmacist experts in the European Economic Area. Statements on potential tasks for pharmacists during the ant...",,,,,,,,
PM-0129,PubMed,38668094,Suciu Maria; Vlaia Lavinia; Boujneh Eya; Suciu Liana; Buda Valentina Oana et al.,2024,"Prevalence and Determinants of Self-Medication Practices among Cardiovascular Patients from Béja, North West Tunisia: A Community-Pharmacy-Based Survey.",Pharmacy (Basel),10.3390/pharmacy12020068,"In Tunisia, self-medication is a common practice, and there is a continual rise in the prevalence of cardiovascular disease. Given the lack of data on the self-medication practices (SMPs) among cardiovascular patients in this area, the present study aimed to identify the prevalence and determinants of SMPs among cardiovascular patients in the city of Béja. A community-pharmacy-based survey was conducted among selected cardiovascular patients in Béja, Tunisia, from May 2021 to June 2021. Data ...",,,,,,,,
PM-0130,PubMed,38662675,Gacheri June; Hamilton Katie A; Munywoki Peterkin; Wakahiu Sinaida; Kiambi Karen et al.,2024,"Antibiotic prescribing practices in community and clinical settings during the COVID-19 pandemic in Nairobi, Kenya.",PLOS Glob Public Health,10.1371/journal.pgph.0003046,"The COVID-19 pandemic has significantly impacted healthcare systems, including antibiotic use practices. We present data on patterns of antibiotic dispensing and use in community and hospital settings respectively in Nairobi, Kenya during the pandemic. We conducted interviews with 243 pharmacies in Nairobi using a standardised questionnaire from November to December 2021. The data collected included demographic characteristics, antibiotic customers, types of antibiotics sold, and antibiotic p...",,,,,,,,
PM-0131,PubMed,38637971,Sawant Pravin Arun; Hiralkar Sakshi Shantanu; Hulsurkar Yogita Purushottam; Phutane Mugdha Sharad; Mahajan Uma Satish et al.,2024,"Predicting over-the-counter antibiotic use in rural Pune, India, using machine learning methods.",Epidemiol Health,10.4178/epih.e2024044,"OBJECTIVES: Over-the-counter (OTC) antibiotic use can cause antibiotic resistance, threatening global public health gains. To counter OTC use, this study used machine learning (ML) methods to identify predictors of OTC antibiotic use in rural Pune, India. METHODS: The features of OTC antibiotic use were selected using stepwise logistic, lasso, random forest, XGBoost, and Boruta algorithms. Regression and tree-based models with all confirmed and tentatively important features were built to pre...",,,,,,,,
PM-0132,PubMed,38598202,Qudah Taima; Alameri Mariam Ahmad; Alqudah Abdelrahim; Al Meslamani Ahmad; Iqbal Sehar,2024,"Knowledge, Attitudes, and Practices (KAP) of community pharmacists regarding antibiotic use and resistance: a cross-sectional study from the United Arab Emirates.",Int J Environ Health Res,10.1080/09603123.2024.2339534,"One of the main contributing factors of antibiotic resistance is the dispensing of antibiotics without prescription. This study investigated community pharmacists' knowledge, attitudes, and practices in relation to antibiotic dispensing and resistance in United Arab Emirates (UAE). A cross-sectional survey was conducted using validated questionnaire. (40.1%) had an overall positive KAP score. A total of (88%) respondents were aware of the illegality of dispensing antibiotics without a prescri...",,,,,,,,
PM-0133,PubMed,38576383,Ngyedu Eric Kofi; Efui Acolatse Joseph Elikem; Akafity George; Incoom Robert; Rauf Audu et al.,2024,"Response to: 'letter to the editor: ""A multifaceted strategy is needed to limit the over-the-counter sale of antimicrobials ""'.",Expert Rev Anti Infect Ther,10.1080/14787210.2024.2337824,,,,,,,,,
PM-0134,PubMed,38562134,Alnezary Faris S; Alamri Amira R; Alrehaili Rafa D; Alnizari Dina S; Alzahrani Fahad et al.,2024,Managing infectious diarrhea among young children in community pharmacies in Saudi Arabia and the implications for AMR.,Front Pediatr,10.3389/fped.2024.1342493,"INTRODUCTION: Diarrhea remains a major global health issue for children under five, contributing substantially to morbidity and mortality. Community pharmacists play a pivotal role in the management of these children; however, their competence in managing childhood diarrhea in Saudi Arabia is under-researched. This is important to ensure optimal patient care. METHOD: Simulated patients (SPs) presenting with three pediatric diarrhea scenarios were used to evaluate pharmacists' practice in term...",,,,,,,,
PM-0135,PubMed,38381126,Llor Carl; Moragas Ana,2024,A multifaceted strategy is needed to limit the over-the-counter sale of antimicrobials.,Expert Rev Anti Infect Ther,10.1080/14787210.2024.2322450,,,,,,,,,
PM-0136,PubMed,38273410,Rojop N; Moreno P; Grajeda L; Romero J; Reynoso L et al.,2024,Informal sale of antibiotics in Guatemalan convenience stores before and after implementation of federal antibiotic dispensing legislation.,BMC Pharmacol Toxicol,10.1186/s40360-023-00720-8,"BACKGROUND: Convenience stores in Guatemala provide essential consumer goods in communities, but many dispense antibiotics illegally. Federal legislation, passed in August of 2019, requires prescriptions for antibiotic purchase at pharmacies but it is unclear if this legislation is enforced or if it has any impact on unlawful sales of antibiotics. METHODS: To determine if antibiotic availability changed in convenience stores, we carried out a repeated measures study collecting antibiotic avai...",,,,,,,,
PM-0137,PubMed,38264405,Zeleke Tirsit Ketsela; Alamirew Bekalu Dessie; Bazezew Zegaye Agmassie; Alemu Muluken Adela; Jara Abdisa Gemedi et al.,2024,The magnitude and predictors of self-medication amongst street dwellers in Ethiopia: a multicentre study.,Drugs Context,10.7573/dic.2023-7-2,"BACKGROUND: Low levels of living standards amongst street dwellers worldwide limit their access to conventional healthcare services, resulting in self-medication use for the treatment of an illness. Nevertheless, self-medication use has risks, including adverse drug reactions, increased polypharmacy, drug resistance, drug dependence, drug interactions and incorrect diagnosis. Ethiopia has a large street-dwelling community; however, there are no studies conducted in Ethiopia assessing self-med...",,,,,,,,
PM-0138,PubMed,38259789,Gillani Ali Hassan; Arshad Hafsa; Mujtaba Hasan; Umer Muhammad Farooq; Xu Sen et al.,2023,Dispensing of antibiotics for tuberculosis patients using standardized patient approach at community pharmacies: results from a cross-sectional study in Pakistan.,Front Public Health,10.3389/fpubh.2023.1241551,"BACKGROUND: Pakistan is among top countries for antibiotic consumption around the globe and patients often receive antibiotics directly from community pharmacies. Thus, our aim was to assess the drug dispensing practices of pharmacies for presumed and confirmed tuberculosis by using standardized patients' method in Pakistan. METHODS: In this cross-sectional study, we adopted two standardized patient cases in pharmacies of three cities of Punjab. The first case involved a presumed tuberculosis...",,,,,,,,
PM-0139,PubMed,38211985,Zhou Tian-Tian; Ruan Yan; Hu Jing; Liao Xing,2023,[Clinical comprehensive evaluation of Jinsang Liyan Pills/Capsules in treatment of chronic pharyngitis].,Zhongguo Zhong Yao Za Zhi,10.19540/j.cnki.cjcmm.20231009.501,"According to the Guidelines for clinical comprehensive evaluation of Chinese patent medicine(2022 version), this study comprehensively compared the clinical value of Jinsang Liyan Pills/Capsules with that of another commonly used Chinese patent medicine(drug A).(1)Effectiveness: Jinsang Liyan Pills/Capsules had antimicrobial, anti-inflammatory, and pain-relieving effects and can improve the total response rate in the treatment of chronic pharyngitis. Moreover, they took effect faster than the...",,,,,,,,
PM-0140,PubMed,38176877,Zeitouny Seraphine; McGrail Kimberlyn; Tadrous Mina; Wong Sabrina T; Cheng Lucy et al.,2024,Impact of the COVID-19 pandemic on prescription drug use and costs in British Columbia: a retrospective interrupted time series study.,BMJ Open,10.1136/bmjopen-2022-070031,"OBJECTIVES: To assess the impact of the COVID-19 pandemic on prescription drug use and costs. DESIGN: Interrupted time series analysis of comprehensive administrative health data linkages in British Columbia, Canada, from 1 January 2018 to 28 March 2021. SETTING: Retrospective population-based analysis of all prescription drugs dispensed in community pharmacies and outpatient hospital pharmacies and irrespective of the drug insurance payer. PARTICIPANTS: Between 4.30 and 4.37 million individu...",,,,,,,,
PM-0141,PubMed,38169897,Kasozi Keneth Iceland; MacLeod Ewan Thomas; Sones Keith Robert; Welburn Susan Christina,2023,Trypanocide usage in the cattle belt of southwestern Uganda.,Front Microbiol,10.3389/fmicb.2023.1296522,"BACKGROUND: Systematic infrastructure and regulatory weaknesses over many decades, in communities struggling with animal African trypanosomiasis (AAT) would be expected to create an environment that would promote drug misuse and risk development of drug resistance. Here, we explore rural community practices of livestock keepers, livestock extension officers and drug shop attendants to determine whether appropriate practice was being followed in administration of trypanocides and other drugs. ...",,,,,,,,
PM-0142,PubMed,38098592,Hashmi Furqan K; Khadka Sitaram; Yadav Gopal K; Khan Mash'hood Mahmood; Khan Saif Ullah et al.,2023,Non-prescription antibiotics dispensing by community pharmacies: implications for antimicrobial resistance.,Ann Med Surg (Lond),10.1097/MS9.0000000000001388,"INTRODUCTION: The non-prescription antibiotics dispensing (NPAD) from pharmacies is on the rise in low- and middle-income countries, which contributes to the emergence of antimicrobial resistance (AMR). This study was conducted with the objective to determine the community pharmacy personnel's perspectives on NPAD and its implications for AMR. METHODS: A questionnaire-based cross-sectional survey was conducted in Pakistan among 336 pharmacies. The data were analyzed using SPSS v21 and MedCalc...",,,,,,,,
PM-0143,PubMed,38086709,Hu Xiao-Yang; Logue Martin; Maund Emma; Santer Miriam; Willcox Merlin Luke et al.,2024,Pharmacists' perspectives on recommending herbal medicines for acute infections: a qualitative study.,BJGP Open,10.3399/BJGPO.2023.0138,"BACKGROUND: Community pharmacists have an essential role in antimicrobial stewardship by providing self-care advice for self-limiting infections. AIM: To explore community pharmacists' perceptions and experiences of advising patients on management of acute respiratory tract infections (RTIs) and urinary tract infections (UTIs), and to explore issues regarding use of over-the-counter (OTC) medicines, including herbal medicines. DESIGN & SETTING: A qualitative study using semi-structured interv...",,,,,,,,
PM-0144,PubMed,38044388,Giua Corrado; Romano Flora; Keber Enrico; Pellegrino Paolo; Perez Marcos et al.,2024,"A Prospective Real-World Study of Bacillus clausii Evaluating Use, Treatment Habits and Patient Satisfaction in Italian Community Pharmacies: The PEGASO Study.",Drugs Real World Outcomes,10.1007/s40801-023-00402-1,"BACKGROUND: Ailments such as diarrhoea and antibiotic-associated gut symptoms are generally self-managed using probiotics. Real-world data on reasons behind self-medication with over-the-counter (OTC) products and patient-reported outcomes can be investigated strategically by the pharmacists. OBJECTIVE: This study evaluates the use of Bacillus clausii (Enterogermina DESIGN: This is a multicentre, prospective, non-interventional study which included two visits [at screening (T0) and end of the...",,,,,,,,
PM-0145,PubMed,38033381,Hamadouk Riham M; Alshareif Einass M; Ibrahim Omnia M; Albashair Esra D; Yousef Bashir A,2023,The Extent of Antibiotic Dispensing in Self-Medication Encounters in Sudan: A Simulated Patient Study Focusing on Cefixime Sale.,Integr Pharm Res Pract,10.2147/IPRP.S440010,"BACKGROUND: Antibiotics play an important role in decreasing morbidity and mortality worldwide. However, inappropriate use of them by patients or healthcare professionals contributes to their resistance rendering them less efficacious. Community pharmacists (CPs) have a significant part in reducing antibiotic resistance. Therefore, this study aimed to investigate the dispensing of antibiotics without prescription in community pharmacies with an emphasis on cefixime dispensing. METHODS: A cros...",,,,,,,,
PM-0146,PubMed,38021742,Dharanindra Moturu; Shriram Dhanasekaran Krishna; Rayana Supriya; Noor Shaik Mohammad; Bandela Piyush et al.,2023,Antibiotic-Dispensing Patterns and Awareness of Anti-microbial Resistance Among the Community Pharmacists in South-Central India.,Cureus,10.7759/cureus.47043,"Background Anti-microbial resistance (AMR) is an ongoing epidemic contributing to extremely high healthcare costs and hospital admissions. Inappropriate dispensing of antibiotics is one of the root causes of AMR. Hence, our study aimed to assess antibiotic-dispensing patterns and AMR awareness among pharmacists from South-Central India. Methodology This cross-sectional observational study was conducted over a period of two months from June to July 2023. The pharmacies in urban and semi-urban ...",,,,,,,,
PM-0147,PubMed,37983218,Jha Nisha; Thapa Bibechan; Pathak Samyam Bickram; Kafle Sajala; Mudvari Anish et al.,2023,"Availability of access, watch, and reserve (AWaRe) group of antibiotics in community pharmacies located close to a tertiary care hospital in Lalitpur, Nepal.",PLoS One,10.1371/journal.pone.0294644,"INTRODUCTION: The access, watch, and reserve (AWaRe) classification of antibiotics was developed in 2019 by the WHO Expert Committee on the Selection and Use of Essential Medicines as a tool to support antibiotic stewardship efforts at local, national, and global levels. The objectives of this study were to assess the availability of antibiotics as per WHO AWaRe classification at community pharmacies located around a tertiary care hospital in Lalitpur and to compare these antibiotics with the...",,,,,,,,
PM-0148,PubMed,37978569,Musoke David; Lubega Grace Biyinzika; Gbadesire Mimi Salome; Boateng Stephanie; Twesigye Belinda et al.,2023,"Antimicrobial stewardship in private pharmacies in Wakiso district, Uganda: a qualitative study.",J Pharm Policy Pract,10.1186/s40545-023-00659-5,"BACKGROUND: Private pharmacies are the first point of contact for the public regarding acquisition of medicines and other pharmaceuticals in many low- and middle-income countries including Uganda. Most antimicrobial stewardship (AMS) programmes in Uganda have targeted pharmacies in public health facilities, with little known about private pharmacies. This study explored knowledge and practices related to AMS in private pharmacies in Wakiso district, central Uganda. METHODS: This was a qualita...",,,,,,,,
PM-0149,PubMed,37975725,Ngyedu Eric Kofi; Acolatse Joseph; Akafity George; Incoom Robert; Rauf Audu et al.,2023,Selling antibiotics without prescriptions among community pharmacies and drug outlets: a simulated client study from Ghana.,Expert Rev Anti Infect Ther,10.1080/14787210.2023.2283037,"BACKGROUND: Selling antibiotics without prescriptions is mostly illegal worldwide, including in Ghana, and promotes antimicrobial resistance. We evaluated the prevalence and practice of selling antibiotics without prescriptions among community pharmacies (CPs) and drug outlets, for the first time, in Ghana to quantify and characterize this issue to inform future interventions. RESEARCH DESIGN AND METHODS: Two scenarios utilizing the Simulated Client Methodology were enacted: an upper respirat...",,,,,,,,
PM-0150,PubMed,37973496,Alam Muniba; Saleem Zikria; Haseeb Abdul; Qamar Muhammad Usman; Sheikh Aziz et al.,2023,Tackling antimicrobial resistance in primary care facilities across Pakistan: Current challenges and implications for the future.,J Infect Public Health,10.1016/j.jiph.2023.10.046,"Antibiotics are gradually becoming less effective against bacteria worldwide, and this issue is of particular concern in economically-developing nations like Pakistan. We undertook a scoping review in order to review the literature on antimicrobial use, prescribing, dispensing and the challenges associated with antimicrobial resistance in primary care (PC) settings in Pakistan. Furthermore, this review aims to identify potential solutions to promote appropriate use of antimicrobials in Pakist...",,,,,,,,
PM-0151,PubMed,37963156,Dhungel Binod; Thapa Shrestha Upendra; Adhikari Sanjib; Adhikari Nabaraj; Bhattarai Alisha et al.,2023,Use of antimicrobials during the COVID-19 pandemic: A qualitative study among stakeholders in Nepal.,PLOS Glob Public Health,10.1371/journal.pgph.0002166,"The COVID-19 pandemic was a major public health threat and the pressure to find curative therapies was tremendous. Particularly in the early critical phase of the pandemic, a lot of empirical treatments, including antimicrobials, were recommended. Drawing on interviews with patients, clinicians and drug dispensers, this article explores the use of antimicrobials for the management of COVID-19 in Nepal. A total of 30 stakeholders (10 clinicians, 10 dispensers and 10 COVID-19 patients) were ide...",,,,,,,,
PM-0152,PubMed,37950337,Hutton-Nyameaye Araba Ata; Saah Farrukh Ishaque; Bedzina Israel; Somuah Samuel Owusu; Mensah Kofi Boamah et al.,2023,"Management of sexually transmitted infections: a qualitative assessment of community pharmacy practices in the Ho Municipality, Ghana.",J Pharm Policy Pract,10.1186/s40545-023-00650-0,"BACKGROUND: Effective management of sexually transmitted infections (STIs) is crucial in the control and spread of these infections in health systems. Community pharmacies are usually the first port of call in Ghana for most people who contract STIs for therapy. Delayed and inappropriate treatment contributes significantly to treatment failures, drug resistance and complications. However, the community pharmacies may not have diagnostic tools and trained personnel for prompt case detection an...",,,,,,,,
PM-0153,PubMed,37824345,Ghosh Probir Kumar; Jannat Kaniz Khatun E; Islam Ausraful; Shanta Ireen Sultana; Islam Kazi Munisul et al.,2023,"Factors contributing to antibiotic use among children younger than five years old with fever, acute respiratory illness, and diarrhea in Bangladesh.",J Infect Dev Ctries,10.3855/jidc.17891,"INTRODUCTION: Increasing antibiotic usage is a leading health threat that develops antibiotic resistance. The current practice of antibiotic use among under-five children are unavailable in Bangladesh. We aim to identify the factors of antibiotic use among under-five children with infectious diseases. METHODOLOGY: A cross-sectional multiple indicators cluster survey (MICS) was conducted in 2019 across Bangladesh. This survey of 23,099 children under the age of five was randomly selected by us...",,,,,,,,
PM-0154,PubMed,37821920,Akande-Sholabi Wuraola; Oyesiji Eunice,2023,"Antimicrobial stewardship: knowledge, perceptions, and factors associated with antibiotics misuse among consumer's visiting the community pharmacies in a Nigeria Southwestern State.",J Pharm Policy Pract,10.1186/s40545-023-00629-x,"BACKGROUND: In middle-income countries like Nigeria, the misuse of antibiotics by consumers is posing serious threats to public health. This is contributing to the alarming increase in antimicrobial resistance, which is reducing the effectiveness of antibiotics against common infections. This study therefore aimed to assess the knowledge, perceptions, and factors associated with antibiotics misuse among consumers visiting selected community pharmacies. METHODS: This cross-sectional study cond...",,,,,,,,
PM-0155,PubMed,37770989,Isah Abdulmuminu; Aina Azeez Babatunde; Ben-Umeh Kenechukwu C; Onyekwum Chinyere A; Egbuemike Cynthia C et al.,2023,Assessment of public knowledge and attitude toward antibiotics use and resistance: a community pharmacy-based survey.,J Pharm Policy Pract,10.1186/s40545-023-00619-z,"BACKGROUND: Antimicrobial resistance is a public health challenge affecting all aspects of healthcare systems. Policies to reduce antimicrobial resistance should be implemented and monitored in community pharmacies, because they are patients' first point of care. Public awareness of relevant knowledge and attitudes on antimicrobials is a feasible strategy to mitigate the spread of antimicrobial resistance by exploiting the relationship between pharmacists and patients in the community pharmac...",,,,,,,,
PM-0156,PubMed,37760752,Colonia Daniel Ricardo Montes; Ramírez Patiño Daniela; Higuita-Gutiérrez Luis Felipe,2023,"Knowledge, Attitudes, and Practices Regarding Antibiotic Sales in Pharmacies in Medellín, Colombia 2023.",Antibiotics (Basel),10.3390/antibiotics12091456,"OBJECTIVE: Describe the knowledge, attitudes, and practices regarding the sale of antibiotics in pharmacies in Medellín, Colombia. METHOD: A cross-sectional descriptive study was conducted in 277 selected pharmacies using a stratified sampling method with proportional allocation to represent all areas of the city. Knowledge, attitudes, and practices (KAPs) were assessed using a scale, analyzed with absolute and relative frequencies for each item, and represented in a global score ranging from...",,,,,,,,
PM-0157,PubMed,37740561,Sono Tiyani Milta; Yeika Eugene; Cook Aislinn; Kalungia Aubrey; Opanga Sylvia A et al.,2023,Current rates of purchasing of antibiotics without a prescription across sub-Saharan Africa; rationale and potential programmes to reduce inappropriate dispensing and resistance.,Expert Rev Anti Infect Ther,10.1080/14787210.2023.2259106,"INTRODUCTION: Antimicrobial resistance (AMR) is a global concern. Currently, the greatest mortality due to AMR is in Africa. A key driver continues to be high levels of dispensing of antibiotics without a prescription. AREAS COVERED: A need to document current rates of dispensing, their rationale and potential ways forward including antimicrobial stewardship programmes (ASPs). A narrative review was undertaken. The highest rates of antibiotic purchasing were in Eritrea (up to 89.2% of antibio...",,,,,,,,
PM-0158,PubMed,37740203,Zhang Tingting; Lin Hanyi; Zhao Xinping; Wang Wei; Yan Fei et al.,2023,Influences on treatment-seeking and antibiotic use for common illnesses in eastern China.,BMC Public Health,10.1186/s12889-023-16700-w,"BACKGROUND: Antibiotic resistance rates remain high in China where antibiotics are widely used for common illnesses. This study aimed to investigate the influences on people's decisions on treatment and antibiotic use for common illnesses in eastern China. METHODS: Semi-structured interviews were conducted with 29 patients recruited through convenience sampling between July 2020 and January 2021 in one hospital in County A in Zhejiang Province, and one hospital and one village clinic in Count...",,,,,,,,
PM-0159,PubMed,37651424,Ndaki Pendo M; Mwanga Joseph R; Mushi Martha F; Konje Eveline T; Fredricks Kathryn Jean et al.,2023,Practices and motives behind antibiotics provision in drug outlets in Tanzania: A qualitative study.,PLoS One,10.1371/journal.pone.0290638,"Dispensing antibiotics without prescription is among the major factors leading to antimicrobial resistance. Dispensing of antibiotics without prescription has negative impact at the individual and societal level leading to poor patient outcomes, and increased risks of resistant bacteria facilitated by inappropriate choice of antibiotics doses/courses. Antimicrobial resistance is a global public health threat which is projected to cause 10 million deaths by 2050 if no significant actions are t...",,,,,,,,
PM-0160,PubMed,37624082,Alenezi Shaymaa; Alanazi Mona; Aljazaeri Reaam; Almuzaini Marwah; Alrasheidi Shorouq et al.,2023,"Community Pharmacies in the Asian Countries of Developing Health System: Formation, Regulation, and Implication.",Pharmacy (Basel),10.3390/pharmacy11040127,"Community pharmacies (CPs) in Asian countries are often the first point of contact for patients withinthe healthcare system and their preferred place to purchase medicines. The number of CPs may vary across Asian countries, and each country has developed its own design and functioning. The regulatory environment plays a crucial role in shaping and governing CPs. The aim of this study was to conduct a comprehensive literature review in order to enhance understanding of the establishment and re...",,,,,,,,
PM-0161,PubMed,37556412,Lambert H; Shen X; Chai J; Cheng J; Feng R et al.,2023,"Prevalence, drivers and surveillance of antibiotic resistance and antibiotic use in rural China: Interdisciplinary study.",PLOS Glob Public Health,10.1371/journal.pgph.0001232,"This study aimed to characterise antibiotic prescribing and dispensing patterns in rural health facilities in China and determine the community prevalence of antibiotic resistance. We investigated patterns and drivers of antibiotic use for common respiratory and urinary tract infections (RTI/UTI) in community settings, examined relationships between presenting symptoms, clinical diagnosis and microbiological results in rural outpatient clinics, and assessed potential for using patient records...",,,,,,,,
PM-0162,PubMed,37550647,Belachew Sewunet Admasu; Hall Lisa; Selvey Linda A,2023,"""Handing out non-prescribed antibiotics is storing up trouble for the next generation!"" Unpacking multistakeholder views of drivers and potential solutions in Ethiopia.",BMC Health Serv Res,10.1186/s12913-023-09819-4,"BACKGROUND: Antibiotic resistance is a global health crisis, with inappropriate antibiotic use often being linked to non-prescribed antibiotic dispensing practices. This study aimed to examine the perspectives of multiple stakeholders on the drivers and potential solutions for non-prescribed antibiotic dispensing in Ethiopian community drug retail outlets (CDROs). Despite the prescription only use policies, the practice remains prevalent in Ethiopia. Many factors are thought to contribute to ...",,,,,,,,
PM-0163,PubMed,37522068,Bogale Kassie Achenef; Mengie Ayele Teklie; Mekonnen Agidew Melaku,2023,"Assessment of Dispensing Malpractice in Community Drug Retail Outlets in South Gondar Zone, Northwest Ethiopia: A Simulated Patient Experience.",Integr Pharm Res Pract,10.2147/IPRP.S416830,"BACKGROUND: Pharmacy professionals in community drug retail outlets, as the most accessible personnel for the community, are engaged in consultation and responding to health problems in addition to filling prescriptions. In doing so, different dispensing malpractices are observed and much is not known on the issue in Ethiopia. OBJECTIVE: The study aimed at assessing dispensing malpractice at pharmacies, drug stores and drug vendors in South Gondar zone. METHODOLOGY: A cross-sectional study de...",,,,,,,,
PM-0164,PubMed,37440517,Nyarko Eric; Akoto Francisca Mawulawoe; Doku-Amponsah Kwabena,2023,Perceived antimicrobial dispensing practices in medicine outlets in Ghana: A maximum difference experiment design.,PLoS One,10.1371/journal.pone.0288519,"INTRODUCTION: Antimicrobials are consumed among patients globally, but in developing and middle-income countries, these drugs can be obtained without a prescription from pharmacies and licensed drug stores due to inadequate regulation in the pharmaceutical sector. This study aimed to assess antimicrobial dispensing practices in medicine sales outlets (i.e., pharmacies and licensed drug stores) to provide quantitative evidence for policy discussions to enhance patient safety and care quality i...",,,,,,,,
PM-0165,PubMed,37410016,Elgammal Ayat; Ryan Joseph; Bradley Colin; Crean Abina; Bermingham Margaret,2024,The impact of drug palatability on prescribing and dispensing of antibiotic formulations for paediatric patients: a cross-sectional survey of general practitioners and pharmacists.,Fam Pract,10.1093/fampra/cmad071,BACKGROUND: Palatability is a key element of paediatric acceptability for medicines. Many patient and drug factors are considered when choosing an antibiotic for a child. Pharmacists report that they receive questions about the palatability of oral liquid antibiotics for children. This study aimed to explore the experiences of GPs and pharmacists concerning palatability of oral liquid antibiotics for children. METHODS: A questionnaire about the impact of palatability on the choice of antibiot...,,,,,,,,
PM-0166,PubMed,37397770,Tenzin Jigme; Tshomo Kinley Penjor; Wangda Sonam; Gyeltshen Wangdi; Tshering Gyem,2023,"Knowledge, attitude and practice on antimicrobial use and antimicrobial resistance among competent persons in the community pharmacies in Bhutan.",Front Public Health,10.3389/fpubh.2023.1113239,"INTRODUCTION: Since the discovery, antimicrobials have been used to treat variety of infections both in humans and animals caused by microbes. However, with the increasing use, microbes developed resistance to the antimicrobials and many of the antimicrobials became ineffective against certain microbes. Many factors are reported to contribute to the resistance of microbes to antimicrobials. One contributing factor is the misuse and overuse of antibiotics which mainly occur due to the lack of ...",,,,,,,,
PM-0167,PubMed,37397709,Zheng Yu; Liu Jiayu; Tang Pou Kuan; Hu Hao; Ung Carolina Oi Lam,2023,A systematic review of self-medication practice during the COVID-19 pandemic: implications for pharmacy practice in supporting public health measures.,Front Public Health,10.3389/fpubh.2023.1184882,"INTRODUCTION: Since the COVID-19 pandemic, self-medication had become highly popular due to the risk of virus infection and overwhelming medical resources. Pharmacists are well-positioned to provide public health education and disease prevention. This study aims to provide an overview of the research about self-medication during COVID-19 and the role of pharmacists in ensuring the drug safety related to self-medication. METHODS: Databases (PubMed, Google Scholar, Scopus, EBSCO host, and Web o...",,,,,,,,
PM-0168,PubMed,37370337,Gul Bushra; Sana Maria; Saleem Aneela; Mustafa Zia Ul; Salman Muhammad et al.,2023,Antimicrobial Dispensing Practices during COVID-19 and the Implications for Pakistan.,Antibiotics (Basel),10.3390/antibiotics12061018,"Antibiotics are one of the most frequently dispensed classes of medicines. However, excessive misuse and abuse enhances antimicrobial resistance (AMR). Previous studies in Pakistan have documented extensive dispensing of 'Watch' and 'Reserve' antibiotics, which is a concern. In view of this, there is a need to assess current dispensing patterns following COVID-19 in Pakistan. A cross-sectional study was undertaken, collecting dispensing data from 39 pharmacies and 53 drug stores from November...",,,,,,,,
PM-0169,PubMed,37279421,Taleb Mohammed H; Elmanama Abdelraouf A; Taleb Alaa H; Tawfick Mahmoud M,2023,"Pre- and post-COVID-19 antimicrobial resistance profile of bacterial pathogens, a comparative study in a tertiary hospital.",J Infect Dev Ctries,10.3855/jidc.17791,INTRODUCTION: Antimicrobial resistance (AMR) is a natural evolutionary process in bacteria that is accelerated by selection pressure from the frequent and irrational use of antimicrobial drugs. This study aimed to determine the variations in AMR patterns of priority bacterial pathogens at a tertiary care hospital in the Gaza Strip during pre- and post-COVID-19 pandemic. METHODOLOGY: This is a retrospective observational study to determine the AMR patterns of bacterial pathogens at a tertiary ...,,,,,,,,
PM-0170,PubMed,37235550,Svadzian Anita; Daniels Benjamin; Sulis Giorgia; Das Jishnu; Daftary Amrita et al.,2023,"Use of standardised patients to assess tuberculosis case management by private pharmacies in Patna, India: A repeat cross-sectional study.",PLOS Glob Public Health,10.1371/journal.pgph.0001898,"As the first point of care for many healthcare seekers, private pharmacies play an important role in tuberculosis (TB) care. However, previous studies in India have showed that private pharmacies commonly dispense symptomatic treatments and broad-spectrum antibiotics over-the-counter (OTC), rather than referring patients for TB testing. Such inappropriate management by pharmacies can delaye TB diagnosis. We assessed medical advice and OTC drug dispensing practices of pharmacists for standardi...",,,,,,,,
PM-0171,PubMed,37162116,Ferreira Tatiana de Jesus Nascimento; Morais João Henrique de Araújo; Caetano Rosângela; Osorio-de-Castro Claudia Garcia Serpa,2023,[Data processing of the Brazilian National System of Controlled Product Management for drug utilization research with antimicrobials].,Cad Saude Publica,10.1590/0102-311XPT173922,"The Brazilian National System of Controlled Product Management (SNGPC) stores data on the dispensing of manufactured and compounded drugs and pharmaceutical inputs, whether controlled and antimicrobial, based on the records of private pharmacies and drugstores. This study assessed the quality of SNGPC data from the dispensing records of manufactured antibiotics, aiming to propose their use in drug utilization researchs (DURs), with a descriptive and retrospective design, analyzing the raw dat...",,,,,,,,
PM-0172,PubMed,37134062,Shrestha Nistha; Manandhar Sulochana; Maharjan Nhukesh; Twati Devina; Dongol Sabina et al.,2023,"Perspectives of pharmacy employees on an inappropriate use of antimicrobials in Kathmandu, Nepal.",PLoS One,10.1371/journal.pone.0285287,"BACKGROUND: Unregulated antimicrobial use is common in both hospital and community settings of low- and middle-income countries (LMICs). However, discrete data regarding the use/misuse of antimicrobials at pharmacies in LMICs are limited. This study was conducted to understand knowledge, attitude, and practice of pharmacy employees on antimicrobial dispensing in Nepal. METHODS: We conducted a cross-sectional survey using a structured questionnaire on 801 pharmacy employees working in communit...",,,,,,,,
PM-0173,PubMed,37131940,Chen Jie; Xie Ying; Sun Yiting; Zang Ruichen; Sun Yuhao et al.,2023,"Sales of antibiotics without a prescription in pharmacies, 2017 and 2021, China.",Bull World Health Organ,10.2471/BLT.22.289435,"OBJECTIVE: To measure sales of antibiotics without a prescription in pharmacies in China in 2017 and 2021, before and during the coronavirus disease 2019 (COVID-19) pandemic, and determine the factors associated with such sales. METHODS: We conducted cross-sectional surveys using the simulated patient method in retail pharmacies in 13 provinces in eastern, central and western China in 2017 and 2021. At the pharmacies, the simulated patients (trained medical students) reported that they had mi...",,,,,,,,
PM-0174,PubMed,37105212,Li Jinxi; Zhou Pengfei; Wang Jing; Li Hui; Xu Hongbin et al.,2023,Worldwide dispensing of non-prescription antibiotics in community pharmacies and associated factors: a mixed-methods systematic review.,Lancet Infect Dis,10.1016/S1473-3099(23)00130-5,"This mixed-method systemic review estimated the pooled prevalence of non-prescription antibiotic dispensing in community pharmacies worldwide and identified associated factors influencing the practice. 162 studies covering 52 countries were included. The pooled prevalence of community pharmacy non-prescription antibiotic dispensing was 63·4% (95% CI 59·6-67·1). The prevalence was significantly higher in low-income countries than in high-income countries. Additionally, the situation of dispens...",,,,,,,,
PM-0175,PubMed,37035632,Nakakande Joan; Taremwa Ivan Mugisha; Nanyingi Miisa; Mugambe Samuel,2023,"The Utility of Internet-Enabled Antibiotic Self-Medication and Its Associated Factors Among Patients Attending Private Clinics in Kawempe Division in Kampala Capital City, Uganda: Community-Based Cross-Sectional Study.",Drug Healthc Patient Saf,10.2147/DHPS.S405072,"INTRODUCTION: The expanding practice of internet-based antibiotic self-medication raises public health concerns as it increases antibiotic resistance and introduces avoidable risks. This study aims to examine the utility of internet-enabled antibiotic self-medication and its associated factors among patients attending private clinics in Kawempe division in Kampala Capital City, Uganda. METHODS: This was an analytical cross-sectional study that enrolled participants attending private clinics i...",,,,,,,,
PM-0176,PubMed,36969650,Balquis Fatima; Sohail Muhammad Farhan; Hamid Huma; Ullah Waseem; Khan Amer Hayat et al.,2023,Potential and weak links in the management of tuberculosis by Pakistani private pharmacy staff.,Front Public Health,10.3389/fpubh.2023.983997,"INTRODUCTION: The emergence of MDR-TB is a global threat and an obstacle to the effective control of TB in Pakistan. A lack of proper TB knowledge among the staff in private pharmacies and the sale of compromised quality anti-TB drugs are the main instigators of multidrug-resistant tuberculosis (MDR-TB). Thus, this study was aimed at investigating the quality and storage conditions of fixed-dose combination (FDC) anti-TB drugs along with the awareness of staff working in private pharmacies re...",,,,,,,,
PM-0177,PubMed,36963050,Kiragga Agnes N; Najjemba Leticia; Galiwango Ronald; Banturaki Grace; Munyiwra Grace et al.,2023,Community purchases of antimicrobials during the COVID-19 pandemic in Uganda: An increased risk for antimicrobial resistance.,PLOS Glob Public Health,10.1371/journal.pgph.0001579,"Self-Medication (SM) involves the utilization of medicines to treat self-recognized symptoms or diseases without consultation and the irrational use of over-the-counter drugs. During the COVID-19 pandemic, the lack of definitive treatment led to increased SM. We aimed to estimate the extent of SM for drugs used to treat COVID-19 symptoms by collecting data from pharmacy sale records. The study was conducted in Kampala, Uganda, where we extracted data from community pharmacies with functional ...",,,,,,,,
PM-0178,PubMed,36960886,Hung P N; Phu H L; Huong V T M; Phuong T N; Tuong V L et al.,2023,"Evaluating attitudes, behaviors, and relevant factors in dispensing antibiotics without prescription by pharmacies: a cross-sectional study in Vietnam.",Ann Ig,10.7416/ai.2023.2562,"OBJECTIVES: To standardize a questionnaire about drug dispensers' attitudes and behaviors in dispensing antibiotics without prescription, and to evaluate drug dispensers' attitudes, behaviors, and relevant factors in dispensing antibiotics without prescription at community pharmacies in Can Tho City, Vietnam. METHODS: A descriptive cross-sectional study was conducted among community pharmacists in Can Tho City, Vietnam from June to December 2022. A self-administered questionnaire designed acc...",,,,,,,,
PM-0179,PubMed,36945072,Al-Shami Hiba A; Abubakar Usman; Hussein Maryam S E; Hussin Hanin F A; Al-Shami Sondos A,2023,"Awareness, practices and perceptions of community pharmacists towards antimicrobial resistance and antimicrobial stewardship in Libya: a cross-sectional study.",J Pharm Policy Pract,10.1186/s40545-023-00555-y,"BACKGROUND: Community pharmacists play a vital role in promoting appropriate use of antibiotics in the community. This study evaluated the practices and perceptions of community pharmacists towards antibiotic use, antibiotic resistance, and antimicrobial stewardship in Libya. METHODS: A cross-sectional study was conducted among community pharmacists in Libya using a 47-item validated, pre-tested online questionnaire. Data was collected from December 2021 to February 2022 and was analysed usin...",,,,,,,,
PM-0180,PubMed,36871194,Valia Daniel; Kouanda Juste Stéphane; Ingelbeen Brecht; Derra Karim; Kaboré Bérenger et al.,2023,Healthcare seeking outside healthcare facilities and antibiotic dispensing patterns in rural Burkina Faso: A mixed methods study.,Trop Med Int Health,10.1111/tmi.13868,"OBJECTIVE: Optimising antibiotic use is important to limit increasing antibiotic resistance. In rural Burkina Faso, over-the-counter dispensing of antibiotics in community pharmacies and non-licensed medicine retail outlets facilitates self-medication. We investigated its extent, reasons and dispensing patterns. METHODS: In an exploratory mixed-method design conducted between October 2020 and December 2021, this study first explored illness perceptions, the range of healthcare providers in co...",,,,,,,,
PM-0181,PubMed,36819304,Rathod Pragati; Sharma Sarita; Ukey Ujwala; Sonpimpale Bhagyashri; Ughade Suresh et al.,2023,"Prevalence, Pattern, and Reasons for Self-Medication: A Community-Based Cross-Sectional Study From Central India.",Cureus,10.7759/cureus.33917,"Introduction Self-medication is an important public health problem, with varied prevalence across the world. The high prevalence of self-medication in India is one of the important factors contributing to the development of antimicrobial resistance. Self-medication without medical guidance can lead to inappropriate, incorrect, or undue therapy, missed diagnosis, delays in appropriate treatment, pathogen resistance, and increased morbidity. The growing trend of self-medication can be attribute...",,,,,,,,
PM-0182,PubMed,36798105,Kumar K Sarath; Saranya S; Rani Nagasubramanian Vanitha,2022,"Community Pharmacists' Knowledge, Attitude, and Nonprescription Dispensing Practices of Antibiotics: An Explorative Study in a Selected City of South India.",J Res Pharm Pract,10.4103/jrpp.jrpp_48_21,"OBJECTIVE: This study aimed to assess the community pharmacists' knowledge of antibiotics, their attitude toward antibiotic usage and antibiotic resistance, and their nonprescription dispensing practices of antibiotics. METHODS: A cross sectional-questionnaire-based study was conducted among 75 community pharmacists practicing in a selected city of South India. Data on their age, years of experience, and educational qualifications were obtained. A modified, 33-items, prevalidated structured q...",,,,,,,,
PM-0183,PubMed,36774512,Olamijuwon Emmanuel; Konje Eveline; Kansiime Catherine; Kesby Mike; Keenan Katherine et al.,2023,Antibiotic dispensing practices during COVID-19 and implications for antimicrobial resistance (AMR): parallel mystery client studies in Uganda and Tanzania.,Antimicrob Resist Infect Control,10.1186/s13756-022-01199-4,"BACKGROUND: Over-the-counter antibiotic access is common in low-and-middle-income countries and this may accelerate antimicrobial resistance. Our study explores critical aspects of the drug seller-client interaction and antibiotic dispensing patterns for simulated COVID-19 symptoms during the pandemic in two study sites in Tanzania and Uganda, countries with different government responses to the pandemic. METHODS: Research assistants posing as clients approached different types of drug seller...",,,,,,,,
PM-0184,PubMed,36748068,Beardsley Justin; Chambers Joshua Mark; Lam Thanh Tuan; Zawahir Shukry; Le Hien et al.,2023,Mapping access to drug outlets in Vietnam: distribution of drug outlets and the sociodemographic characteristics of the communities they serve.,Lancet Reg Health West Pac,10.1016/j.lanwpc.2022.100668,"BACKGROUND: Drug outlets are a vital first point of healthcare contact in low- and middle-income countries (LMICs), but they are often poorly regulated and counter staff may be unqualified to provide advice. This introduces the risk of easy access to potentially harmful products, including unnecessary antimicrobials. Over-the-counter antimicrobial sales are a major driver of antimicrobial resistance (AMR) in LMICs. We aimed to investigate the distribution of different types of drug outlets an...",,,,,,,,
PM-0185,PubMed,36733512,Gharaibeh Lobna; Alameri Mariam Ahmad; Sibai Obada A; Alfreahat Shirin; Saeed Fadi et al.,2022,"Practices, knowledge, and attitudes of community pharmacists towards dispensing drugs during the COVID-19 pandemic: A cross sectional study from Jordan.",Pharm Pract (Granada),10.18549/PharmPract.2022.3.2692,"BACKGROUND: Pharmacists have an important role in providing correct information, education, and counseling to the public during the COVID-19 pandemic and other health crisis. In order to perform their duties in a correct manner, they must receive adequate and evidence-based information from official resources. OBJECTIVES: The objectives of the study were to examine the practices of community pharmacists towards dispensing drugs during the COVI-19 pandemic and assess their knowledge concerning...",,,,,,,,
PM-0186,PubMed,36732727,Rousham Emily K; Nahar Papreen; Uddin Mohammad Rofi; Islam Mohammad Aminul; Nizame Fosiul Alam et al.,2023,Gender and urban-rural influences on antibiotic purchasing and prescription use in retail drug shops: a one health study.,BMC Public Health,10.1186/s12889-023-15155-3,"INTRODUCTION: Few studies have reported antibiotic purchases from retail drug shops in relation to gender in low and middle-income countries (LMICs). Using a One Health approach, we aimed to examine gender dimensions of antibiotic purchases for humans and animals and use of prescriptions in retail drug shops in Bangladesh. METHODS: We conducted customer observations in 20 drug shops in one rural and one urban area. Customer gender, antibiotic purchases, and prescription use were recorded duri...",,,,,,,,
PM-0187,PubMed,36588061,Holder Kelsey; Oprinovich Sarah; Guthrie Kendall,2023,Evaluating pediatric weight-based antibiotic dosing in a community pharmacy.,J Am Pharm Assoc (2003),10.1016/j.japh.2022.12.011,"BACKGROUND: Owing to pharmacokinetic variations in pediatric patients, many antibiotics require weight-based dosing to ensure medication safety and antimicrobial stewardship. Despite the need for weight-based dosing, prescribers are not legally required to include the weight or diagnosis code on pediatric prescriptions that are necessary components to verify appropriateness. Clinical decision support system (CDSS) can help clinicians improve dosing appropriateness, but little is known about C...",,,,,,,,
PM-0188,PubMed,36565158,Adedeji Waheed Adeola; Dairo Magbagbeola David; Nguku Patrick Mboya; Oyemakinde Akin; Fehintola Fatai Adewale,2023,Pattern and predictors of medication use among adults in southwestern Nigeria: A community-based cross-sectional study.,Pharmacol Res Perspect,10.1002/prp2.1017,"Population-based drug utilization studies are scanty in Nigeria. The aim was to determine the pattern and predictors of medication use among adults in the communities of Southwestern Nigeria. A cross-sectional study was conducted among adults selected by multi-stage sampling from Oyo State communities. The questionnaires, adapted from the WHO Students' Drug Use Questionnaire and previous studies, were pretested and interviewer administered. The respondents' socio-demographic characteristics, ...",,,,,,,,
PM-0189,PubMed,36564839,de Souza Elindayane Vieira; Vieira Lara Joana Santos Caxico; Dos Santos Sylmara Nayara Pereira; Cerqueira-Santos Sabrina; Rocha Kérilin Stancine Santos et al.,2022,Evaluation of pharmacist's practices regarding the antimicrobials dispensing: a simulated patient study.,BMC Health Serv Res,10.1186/s12913-022-08853-y,"BACKGROUND: The indiscriminate use of antimicrobials is considered a major contributing factor to the increase in antimicrobial resistance. Community pharmacies are the main source of access to antimicrobials, and pharmacists are in a strategic position to promote rational use of these medicines. Therefore, it is important to know dispensing service quality. OBJECTIVE: To evaluate the behavior of pharmacists in dispensing antimicrobials in community pharmacies in northeast Brazil. METHODS: Th...",,,,,,,,
PM-0190,PubMed,36564772,Myemba David T; Maganda Betty A; Kibwana Upendo O; Nkinda Lilian; Ndayishimiye Pacifique et al.,2022,Profiling of antimicrobial dispensing practices in accredited drug dispensing outlets in Tanzania: a mixed-method cross-sectional study focusing on pediatric patients.,BMC Health Serv Res,10.1186/s12913-022-08980-6,"BACKGROUND: The emergency of antimicrobial resistance due to irrational antimicrobial use has put public health under threat. Accredited Drug Dispensing Outlets (ADDOs) play an important role in enhancing availability and accessibility of antimicrobials, however, there is a scarcity of studies assessing antimicrobial dispensing practices in these outlets, focusing on children in Tanzania. OBJECTIVE: This study was conducted to assess the antimicrobial dispensing practices among ADDO dispenser...",,,,,,,,
PM-0191,PubMed,36551380,Gradl Gabriele; Kieble Marita; Nagaba Jens; Schulz Martin,2022,Assessment of the Prescriptions of Systemic Antibiotics in Primary Dental Care in Germany from 2017 to 2021: A Longitudinal Drug Utilization Study.,Antibiotics (Basel),10.3390/antibiotics11121723,"(1) Background: Due to increasing antibiotic resistance, the frequency of antibiotic use should be questioned in dentistry and attention paid to the choice of the best suited substance according to guidelines. In Germany, overprescribing of clindamycin was noteworthy in the past. Therefore, the aim of our study was to determine the trend of antibiotic prescriptions in primary dental care. (2) Methods: Prescriptions of antibiotics in German primary dental care from 2017 to 2021 were analysed u...",,,,,,,,
PM-0192,PubMed,36530961,Faraji Fatemeh; Jalali Rostam; Salari Nader,2022,The Relationship between Fear of COVID-19 and Self-Medication and the Rate of Antibiotic Use in Patients Referred to COVID-19.,Interdiscip Perspect Infect Dis,10.1155/2022/3044371,"INTRODUCTION: The coronavirus pandemic can cause anxiety and stress among people, which can make them practice self-medication. This study aimed to investigate the relationship between fear of corona and self-medication and antibiotics use. METHODS: In a convenience sampling method, 250 people referring to COVID-19 centers including 16-hour comprehensive health services in Kermanshah, Iran, who tested positive and were not hospitalized were extracted from the SIB system. Data collection tools...",,,,,,,,
PM-0193,PubMed,36509332,Onwunduba Augustine; Ekwunife Obinna; Onyilogwu Ebuka,2023,Impact of point-of-care C-reactive protein testing intervention on non-prescription dispensing of antibiotics for respiratory tract infections in private community pharmacies in Nigeria: a cluster randomized controlled trial.,Int J Infect Dis,10.1016/j.ijid.2022.12.006,OBJECTIVES: To ascertain if access to C-reactive protein (CRP) test kits-and staff training on how to use them in respiratory tract infection (RTI) management-in private community pharmacies (PCPs) can reduce non-prescription antibiotic dispensing for RTI. METHODS: A parallel cluster randomized controlled trial was conducted in Nigeria. The clusters-which were equally the participating units-were PCPs with blood testing experience. Stratified block randomization was done. PCPs were stratified...,,,,,,,,
PM-0194,PubMed,36465854,Haseeb Abdul; Essam Elrggal Mahmoud; Saeed Bawazir Mohammed; Omar Bawazir Mohammed; Ur Rehman Inayat et al.,2022,"Knowledge, attitude, and perception of community pharmacists towards antimicrobial stewardship in Saudi Arabia: A descriptive cross-sectional study.",Saudi Pharm J,10.1016/j.jsps.2022.09.010,"BACKGROUND: Antimicrobial resistance is of paramount concern globally. Community pharmacists (CPs) play a vital role in supporting judicious antimicrobial use in the community as they are the key healthcare providers at a public level. This study aimed to assess the knowledge, attitude, and perception of CPs towards antimicrobial stewardship at the community level in Saudi Arabia. METHODS: A self-administered questionnaire was distributed to all community pharmacies in four major cities of Sa...",,,,,,,,
PM-0195,PubMed,36465587,Haile Kaleab Taye; Yabeyu Abdella Birhan,2022,"Knowledge, Attitude and Practice of Pharmacy Professionals Against Dispensing Antibiotics Without Prescription in Ethiopia.",Integr Pharm Res Pract,10.2147/IPRP.S383709,"INTRODUCTION: Antibiotic resistance is a global public health threat that warrants immediate intervention. Dispensing of antibiotics without prescription (DAWP), is an inappropriate practice that contributes significantly to the emergence and spread of antibiotic resistance. The current study aimed to assess the knowledge, attitude and practice of community pharmacists and pharmacy assistants towards DAWP. METHODS: A cross-sectional study was conducted, and data was collected from community p...",,,,,,,,
PM-0196,PubMed,36459709,Alajmi Areej M; Alamoudi Abdullah A; Halwani Abdulrahman A; Almangour Thamer A; Almozain Nada H et al.,2023,"Antimicrobial Resistance Awareness, Antibiotics Prescription Errors and Dispensing Patterns by Community Pharmacists in Saudi Arabia.",J Infect Public Health,10.1016/j.jiph.2022.11.026,"BACKGROUND: Antibiotic overuse and misuse have greatly facilitated the development of antimicrobial resistance (AMR). The Kingdom of Saudi Arabia is one of the countries that took a strategic approach, beginning with the prohibition of over-the-counter antibiotic dispensing, followed by the implementation of antimicrobial stewardship programs and various educational and awareness governmental activities and plans. However, the status of antibiotic prescriptions and dispensing in Saudi communi...",,,,,,,,
PM-0197,PubMed,36447792,Zarauz José María; Zafrilla Pilar; Ballester Pura; Cerda Begoña,2022,"Study of the Drivers of Inappropriate Use of Antibiotics in Community Pharmacy: Request for Antibiotics Without a Prescription, Degree of Adherence to Treatment and Correct Recycling of Leftover Treatment.",Infect Drug Resist,10.2147/IDR.S375125,"INTRODUCTION: The WHO considered antibiotic resistance as 1 of the 10 greatest threats to global health in 2019. The inappropriate and indiscriminate use of antibiotics, together with the lack of new therapeutic alternatives, may eradicate their effectiveness in the closest future. OBJECTIVE: The general objective is to analyze the different causes attributable to patients, providers and pharmacists that could be drivers of irrational use of antibiotics, and responsible for the appearance of ...",,,,,,,,
PM-0198,PubMed,36402956,Ndaki Pendo M; Mushi Martha F; Mwanga Joseph R; Konje Eveline T; Mugassa Stella et al.,2022,Non-prescribed antibiotic dispensing practices for symptoms of urinary tract infection in community pharmacies and accredited drug dispensing outlets in Tanzania: a simulated clients approach.,BMC Prim Care,10.1186/s12875-022-01905-6,"BACKGROUND: Antibiotic dispensing without prescription is a major determinant of the emergence of Antimicrobial Resistance (AMR) which has impact on population health and cost of healthcare delivery. This study used simulated clients describing UTI like symptoms to explore compliance with regulation, variations in dispensing practices and drug recommendation, and quality of seller-client interaction on the basis of the gender of the client and the type of drug outlets in three regions in Tanz...",,,,,,,,
PM-0199,PubMed,36358183,Lambert Maarten; Benkő Ria; Chalkidou Athina; Lykkegaard Jesper; Hansen Malene Plejdrup et al.,2022,Developing a Tool for Auditing the Quality of Antibiotic Dispensing in Community Pharmacies: A Pilot Study.,Antibiotics (Basel),10.3390/antibiotics11111529,"BACKGROUND: The European Centre for Disease Prevention and Control describes the community pharmacist as the gatekeeper to the quality of antibiotic use. The pharmacist has the responsibility to guard safe and effective antibiotic use; however, little is known about how this is implemented in practice. AIMS: To assess the feasibility of a method to audit the quality of antibiotic dispensing in community pharmacy practice and to explore antibiotic dispensing practices in Greece, Lithuania, Pol...",,,,,,,,
PM-0200,PubMed,36303594,Naseef Hani; Joza' Dana; Awawdeh Ahlam; Hasan Alaa; Abukhalil Abdallah Damin et al.,2022,Evaluation of Self-Medication with Antibiotics in Primary Care Clinics in Palestine.,Patient Prefer Adherence,10.2147/PPA.S384671,"BACKGROUND: Antibiotics are highly effective medications and essential in curing infectious diseases; however, their inappropriate use, such as self-medication, is a significant factor in developing antimicrobial resistance. OBJECTIVE: This study aimed to evaluate the level of antibiotic self-medication among patients who visited primary care clinics in Palestine. METHODS: Data were collected via a self-administered questionnaire, either printed or electronically, using google forms (Google I...",,,,,,,,
PM-0201,PubMed,36290076,Rakhshani Noor Sabah; Kaljee Linda Marie; Khan Mohammad Imran; Prentiss Tyler; Turab Ali et al.,2022,A Formative Assessment of Antibiotic Dispensing/Prescribing Practices and Knowledge and Perceptions of Antimicrobial Resistance (AMR) among Healthcare Workers in Lahore Pakistan.,Antibiotics (Basel),10.3390/antibiotics11101418,"(1) Background: Antimicrobial resistance causes significant disease burden in low- and middle-income countries. The objective of this paper is to describe antibiotic dispensing/prescribing practices and underlying factors associated with these practices among community-based healthcare workers. (2) Methods: Cross-sectional survey data were collected from private and public health facilities in 14 union councils, Lahore Pakistan. Respondents included physicians, nurses, lady health workers/vol...",,,,,,,,
PM-0202,PubMed,36243738,Simegn Wudneh; Weldegerima Berhanemeskel; Seid Mohammed; Zewdie Ayal; Wondimsigegn Dawit et al.,2022,Assessment of prescribing errors reported by community pharmacy professionals.,J Pharm Policy Pract,10.1186/s40545-022-00461-9,BACKGROUND: Medication errors have serious consequences for patients' morbidity and mortality. The involvement of pharmacy professionals in the prescribing and dispensing procedure allowed the detection of a range of drug-related problems in addition to identification by prescribers. They are often the first point of contact in the healthcare system in identifying prescribing errors and intervening in these errors by dealing with the prescribers and the patients. OBJECTIVES: This study aimed ...,,,,,,,,
PM-0203,PubMed,36210768,Belachew Sewunet Admasu; Hall Lisa; Selvey Linda A,2022,Magnitude of non-prescribed antibiotic dispensing in Ethiopia: a multicentre simulated client study with a focus on non-urban towns.,J Antimicrob Chemother,10.1093/jac/dkac341,"OBJECTIVES: Non-prescription dispensing of antibiotics significantly contributes to widespread antibiotic misuse, which in turn hastens the occurrence of antibiotic resistance. It is believed to be common in Ethiopia despite prescription-only regulations. We aimed to quantify non-prescription dispensing of antibiotics in community drug retail outlets (CDROs) with a focus on non-urban towns in the Amhara region of Ethiopia. METHODS: A multicentre simulated client (SC) study was conducted to me...",,,,,,,,
PM-0204,PubMed,36204499,Saleem Zikria; Faller Erwin Martinez; Godman Brian; Malik Muhammad Sajeel Ahmed; Iftikhar Aqsa et al.,2021,Antibiotic consumption at community pharmacies: A multicenter repeated prevalence surveillance using WHO methodology.,Med Access Point Care,10.1177/23992026211064714,BACKGROUND: Antibiotics are losing their effectiveness because of the rapid emergence of resistant bacteria. Unnecessary antimicrobial use increases antimicrobial resistance (AMR). There are currently no published data on antibiotic consumption in Pakistan at the community level. This is a concern given high levels of self-purchasing of antibiotics in Pakistan and variable knowledge regarding antibiotics and AMR among physicians and pharmacists. OBJECTIVE: The objective of this repeated preva...,,,,,,,,
PM-0205,PubMed,36180895,Edessa Dumessa; Assefa Nega; Dessie Yadeta; Asefa Fekede; Dinsa Girmaye et al.,2022,Non-prescribed antibiotic use for children at community levels in low- and middle-income countries: a systematic review and meta-analysis.,J Pharm Policy Pract,10.1186/s40545-022-00454-8,"BACKGROUND: Non-prescribed antibiotic use is an emerging risky practice around the globe. An inappropriate use involving nonprescription access is one cause of the rapid increase in antibiotic resistance. Children commonly encounter many self-limiting illnesses for which they frequently use antibiotics without prescription. However, no specific and conclusive evidence exists to inform actions against this unsafe practice. We thus aimed to estimate the pooled proportion of non-prescribed antib...",,,,,,,,
PM-0206,PubMed,36139990,Mudenda Steward; Mukosha Moses; Godman Brian; Fadare Joseph; Malama Sydney et al.,2022,"Knowledge, Attitudes, and Practices of Community Pharmacy Professionals on Poultry Antibiotic Dispensing, Use, and Bacterial Antimicrobial Resistance in Zambia: Implications on Antibiotic Stewardship and WHO AWaRe Classification of Antibiotics.",Antibiotics (Basel),10.3390/antibiotics11091210,"Globally, the inappropriate dispensing and use of antibiotics in animals has contributed to the development of bacterial antimicrobial resistance (AMR). In Zambia, there is insufficient information among community pharmacy professionals on antibiotic use (ABU) and AMR in food-producing animals. This study assessed community pharmacy professionals' knowledge, attitudes, and practices regarding poultry antibiotic dispensing, use, and bacterial AMR in the Lusaka district of Zambia. A cross-secti...",,,,,,,,
PM-0207,PubMed,36119342,Mathew Philip; Thomas Shruthi Anna; Chandy Sujith J,2022,The role of Schedule H1 and Red Line campaign in improving antibiotic use in India.,J Family Med Prim Care,10.4103/jfmpc.jfmpc_1811_21,"PURPOSE: Over-the-counter (OTC) sale of antibiotics have contributed to the growing threat of antibiotic resistance. The Government of India has instituted regulatory measures, such as Schedule H1 and public campaigns such as Red Line Campaign, to limit such sales. This study was conducted to assess the perceptions of stakeholders regarding their effectiveness. METHODS: To assess Schedule H1, pharmacists who own retail pharmacies in the state of Kerala, India, were interviewed using a pre-pre...",,,,,,,,
PM-0208,PubMed,36116000,de Souza Elindayane Vieira; Vieira Lara Joana Santos Caxico; Dos Santos Sylmara Nayara Pereira; Cerqueira-Santos Sabrina; Rocha Kérilin Stancine Santos et al.,2022,Antimicrobial dispensing process in community pharmacies: a scoping review.,Antimicrob Resist Infect Control,10.1186/s13756-022-01157-0,"BACKGROUND: Antimicrobial resistance remains a major global public health concern, and antimicrobial dispensing in community pharmacies is an important factor in preventing this damage. However, the current literature focuses on the technical and attitudinal aspects related to antimicrobial dispensing, with little emphasis on the interventions provided in this service. Thus, this study aimed to determine the antimicrobial dispensing process in community pharmacies. METHODS: A scoping review w...",,,,,,,,
PM-0209,PubMed,35962425,Ramay Brooke M; Jara Jorge; Moreno Maria Purificación; Lupo Patrizia; Serrano Carlos et al.,2022,"Self-medication and ILI etiologies among individuals presenting at pharmacies with influenza-like illness: Guatemala City, 2018 influenza season.",BMC Public Health,10.1186/s12889-022-13962-8,"OBJECTIVES: We aimed to characterize the proportion of clients presenting to community pharmacies with influenza-like illness (ILI) and the severity of their illness; the proportion with detectable influenza A, influenza B, and other pathogens (i.e., parainfluenza I, II, and III, adenovirus, respiratory syncytial virus, human metapneumovirus); and to describe their self-medication practices. METHODS: A cross-sectional study was conducted in six pharmacies in Guatemala City. Study personnel co...",,,,,,,,
PM-0210,PubMed,35919794,Kharaba Zelal; Moutraji Sedq A; Khawaldeh Rama A Al; Alfoteih Yassen; Meslamani Ahmad Z Al,2022,What has changed in the pharmaceutical care after COVID-19: Pharmacists' perspective.,Pharm Pract (Granada),10.18549/PharmPract.2022.2.2656,"OBJECTIVES: The study aimed to investigate the impact of Coronavirus disease (COVID-19) on the roles of hospital and community pharmacists in the United Arab Emirates (UAE) and to assess how COVID-19 has affected their roles concerning medication dispensing and review, patient education, and telepharmacy services. METHODS: This was a face-to-face questionnaire-based study. A convenient sampling technique was used to collect responses from 428 licensed community and hospital pharmacists across...",,,,,,,,
PM-0211,PubMed,35915837,Abdelrahman Hussain Mohamed; Osman Mohamed Ahmed; Sandel Abkar Alsara; Siddig Mohamed Fatima; Khider Elzubair Hana,2022,"Knowledge, Attitude and Practice of Community Pharmacists in Relation to Dispensing Antibiotics Without Prescription in Sudan: A Cross-sectional Study.",Integr Pharm Res Pract,10.2147/IPRP.S363079,"BACKGROUND: Dispensing antibiotics without prescription (DAwP) is a widespread practice, especially in developing countries, contributing to antibiotic resistance. Community pharmacists play a significant role in promoting rational use of antibiotics by refraining from DAwP, and providing drug information to patients. This study aimed to evaluate community pharmacists' knowledge, attitude and practice, and to assess the factors behind DAwP. METHODS: A cross-sectional study was conducted in 20...",,,,,,,,
PM-0212,PubMed,35902955,Nkinda Lilian; Kilonzi Manase; Felix Fatuma F; Mutagonda Ritah; Myemba David T et al.,2022,Drivers of irrational use of antibiotics among children: a mixed-method study among prescribers and dispensers in Tanzania.,BMC Health Serv Res,10.1186/s12913-022-08359-7,"BACKGROUND: Misuse of antibiotics has been associated with poor knowledge, attitude and practice (KAP). Therefore, this study aimed to assess if KAP of prescribers and dispensers could drive irrational use of antibiotics among children in Tanzania. METHODS: A convergent parallel mixed-methods study design that employed quantitative and qualitative approaches was conducted in 14 regional referral hospitals (RRHs). A total of 108 participants, prescribers [54] and dispensers [54] working with t...",,,,,,,,
PM-0213,PubMed,35893207,Magalhães Sandra; Estrela Marta; Silva Tânia Magalhães; Costa Tainá; Crexinski Gabriella et al.,2022,Improving Pharmacists' Awareness of Inadequate Antibiotic Use for URTIs through an Educational Intervention: A Pilot Study.,Healthcare (Basel),10.3390/healthcare10081385,"The inadequate use of antibiotics led to the development of multi-resistant bacteria that are now causing millions of deaths worldwide. Since most antibiotics are prescribed/dispensed to treat respiratory tract infections, it is important to raise awareness among health professionals to optimize antibiotic use, especially within the primary care context. Thus, this pilot study aimed to evaluate pharmacists' feedback about the eHealthResp platform, composed by an online course and a mobile app...",,,,,,,,
PM-0214,PubMed,35884230,Piraux Arthur; Hammoud Ramy; Riou Jérémie; Lebdai Souhil; Faure Sébastien,2022,Assessment of the Compliance of Cystitis Management According to French Recommendations through the Analysis of Prescriptions Collected in Community Pharmacies.,Antibiotics (Basel),10.3390/antibiotics11070976,"Urinary tract infections, especially cystitis, are common infections; they are the second most prevalent cause of antibiotic prescriptions in community pharmacies. To reduce antimicrobial resistance, guidelines are revised regularly. This study aims to assess compliance between prescriptions collected in community pharmacies and French cystitis guidelines. A treatment is considered compliant if the nature, dosage, and duration of the antibiotics are correct. Only women aged 18-65 years with a...",,,,,,,,
PM-0215,PubMed,35881572,Al-Jedai Ahmed Hamdan; Almogbel Yasser; Eljaaly Khalid; Alqahtani Nasser M; Almudaiheem Hajer Yousef et al.,2022,Restriction on antimicrobial dispensing without prescription on a national level: Impact on the overall antimicrobial utilization in the community pharmacies in Saudi Arabia.,PLoS One,10.1371/journal.pone.0271188,"BACKGROUND: High rates of non-prescription dispensing of antimicrobials have led to a significant increase in the antimicrobial overuse and misuse in Saudi Arabia (SA). The objective of this study was to evaluate the antimicrobial utilization following the enforcement of a new prescription-only antimicrobial dispensing policy in the community pharmacy setting in SA. METHODS: Data were extracted from the IQVIA database between May 2017 and May 2019. The antimicrobial utilization rates, based o...",,,,,,,,
PM-0216,PubMed,35784102,Nabi Nusrat; Baluja Zenis; Mukherjee Shoma; Kohli Sunil,2022,Trends in Practices of Self-Medication with Antibiotics among Medical Undergraduates in India.,J Pharm Bioallied Sci,10.4103/jpbs.jpbs_17_21,BACKGROUND: Self-medication with antibiotics (SMA) without the consultation of a professional is a serious health concern and can lead to serious health hazard. This study was designed to evaluate the trends in SMA behavior and risk factors in medical undergraduates to further explore the association between SMA practices and adverse drug events (ADEs). MATERIALS AND METHODS: This cross-sectional questionnaire-based study was carried out among 360 volunteering medical undergraduates at a tert...,,,,,,,,
PM-0217,PubMed,35740140,Jirjees Feras; Ahmed Munazza; Sayyar Somayeh; Amini Monireh; Al-Obaidi Hala et al.,2022,Self-Medication with Antibiotics during COVID-19 in the Eastern Mediterranean Region Countries: A Review.,Antibiotics (Basel),10.3390/antibiotics11060733,"Self-treatment with medicines including treatment with antibiotics is a growing global concern, as it can cause public health problems, such as antibiotic resistance and drug toxicity. Therefore, the significance of the self-medication impact of COVID-19 in any region can have an influence on the prevalence of such problems. The review aimed to investigate the self-treatment with antibiotics among the general population in Eastern Mediterranean region countries during COVID-19 pandemic. A com...",,,,,,,,
PM-0218,PubMed,35710452,Mabilika Richard James; Mpolya Emmanuel; Shirima Gabriel,2022,"Prevalence and predictors of self-medication with antibiotics in selected urban and rural districts of the Dodoma region, Central Tanzania: a cross-sectional study.",Antimicrob Resist Infect Control,10.1186/s13756-022-01124-9,"BACKGROUND: Antibiotic resistance is a global health threat driven partly by self-medication with antibiotics (SMA). This study aims to assess the prevalence and predictors of SMA in selected rural and urban communities of the Dodoma region, Central Tanzania. METHODS: This cross-sectional study was conducted in Chemba District Council (rural) and Dodoma City Council (urban) from August to November 2019 using multistage stratified random sampling. Data were collected through face-to-face inter...",,,,,,,,
PM-0219,PubMed,35696405,Saha Ayan; Marma Kay Kay Shain; Rashid Afrah; Tarannum Nowshin; Das Srabanty et al.,2022,"Risk factors associated with self-medication among the indigenous communities of Chittagong Hill Tracts, Bangladesh.",PLoS One,10.1371/journal.pone.0269622,"BACKGROUND: In developing countries like Bangladesh, self-medication has become a predicament associated with health risks and clinical complications. To date, no studies have been conducted on the practice of self-medication among the indigenous population living in Chittagong Hill Tract (CHT). OBJECTIVES: This study was aimed to determine the prevalence of self-medication and analyzing the factors associated with it among the indigenous population in CHT. METHODS: This cross-sectional study...",,,,,,,,
PM-0220,PubMed,35677264,Paul Gowranga Kumar; Swapon Md Shalauddin; Kaderi Kibria K M,2022,"Knowledge, awareness, and attitudes toward antibiotic resistance and practice of self-medication among university students in Bangladesh: A cross-sectional study.",J Educ Health Promot,10.4103/jehp.jehp_602_21,"BACKGROUND: The prevalence of self-medication is high in Bangladesh due to easy access and poor regulatory controls over these drugs. Our study aimed to assess the attitude of university students in Bangladesh toward antibiotic usage, especially their knowledge and awareness about antibiotics and their resistance. We also evaluated the determinants behind their attempts at drug intake without prescription. MATERIALS AND METHODS: A cross-sectional study was conducted in Mawlana Bhashani Scienc...",,,,,,,,
PM-0221,PubMed,35664422,Amoabeng Ivy Anima; Otoo Bernice Araba; Darko Godfred; Borquaye Lawrence Sheringham,2022,Disposal of Unused and Expired Medicines within the Sunyani Municipality of Ghana: A Cross-Sectional Survey.,J Environ Public Health,10.1155/2022/6113346,"The occurrence of pharmaceuticals in the environment is a global challenge. Pharmaceuticals such as antibiotics and analgesics have been reported in various environmental matrices at varying concentrations. The major disposal route for unused and expired pharmaceuticals in Ghana is throwing them into dustbins. Although there are laws on the proper disposal patterns of drugs, these laws are poorly implemented. Sunyani is a fast-growing community with several health facilities that dispense med...",,,,,,,,
PM-0222,PubMed,35662689,Khan Faiz Ullah; Mallhi Tauqeer Hussain; Khan Farman Ullah; Hayat Khezar; Rehman Asim Ur et al.,2022,"Evaluation of Consumers Perspective on the Consumption of Antibiotics, Antibiotic Resistance, and Recommendations to Improve the Rational use of Antibiotics: An Exploratory Qualitative Study From Post-Conflicted Region of Pakistan.",Front Pharmacol,10.3389/fphar.2022.881243,,,,,,,,,
PM-0223,PubMed,35650548,Nyeko Richard; Otim Felix; Obiya Evelyn Miriam; Abala Catherine,2022,Pre-hospital exposures to antibiotics among children presenting with fever in northern Uganda: a facility-based cross-sectional study.,BMC Pediatr,10.1186/s12887-022-03375-2,"BACKGROUND: The rise in the indiscriminate use of antibiotics has become a major global public health problem and presents the biggest global health challenge in the twenty-first century. In developing countries, caregivers initiate treatment with antibiotics at home before presentation to a health facility. However, there is a paucity of evolving data towards surveillance of this trend in low-income countries. We investigated antibiotic use among febrile children presenting to a tertiary hea...",,,,,,,,
PM-0224,PubMed,35625230,Rachina Svetlana; Kozlov Roman; Kurkova Anastasiya; Portnyagina Ulyana; Palyutin Shamil et al.,2022,Antimicrobial Dispensing Practice in Community Pharmacies in Russia during the COVID-19 Pandemic.,Antibiotics (Basel),10.3390/antibiotics11050586,"COVID-19 has had a significant impact on health care systems, including drug use. The present study aimed to evaluate the patterns of community supply of antimicrobials from community pharmacies during the COVID-19 pandemic in five cities of Russia. In a cross-sectional study, a random sample of pharmacies reported all episodes of antimicrobials supply during a one-week period. Patterns of supply (age and gender of customer, drug name and formulation, prescription availability, indication, et...",,,,,,,,
PM-0225,PubMed,35501712,Bjerrum Anders; García-Sangenís Ana; Modena Daniela; Córdoba Gloria; Bjerrum Lars et al.,2022,Health alliance for prudent prescribing and yield of antibiotics in a patient-centred perspective (HAPPY PATIENT): a before-and-after intervention and implementation study protocol.,BMC Prim Care,10.1186/s12875-022-01710-1,"BACKGROUND: Excessive and inappropriate use of antibiotics is the most important driver of antimicrobial resistance. The aim of the HAPPY PATIENT project is to evaluate the adaptation of European Union (EU) recommendations on the prudent use of antimicrobials in human health by evaluating the impact of a multifaceted intervention targeting different categories of healthcare professionals (HCPs) on common community-acquired infectious diseases, especially respiratory and urinary tract infectio...",,,,,,,,
PM-0226,PubMed,35488321,Belachew Sewunet Admasu; Hall Lisa; Selvey Linda A,2022,"Community drug retail outlet staff's knowledge, attitudes and practices towards non-prescription antibiotics use and antibiotic resistance in the Amhara region, Ethiopia with a focus on non-urban towns.",Antimicrob Resist Infect Control,10.1186/s13756-022-01102-1,"INTRODUCTION: Some evidence suggests that knowledge and attitudes towards rational antibiotic use influences dispensing practice in community drug retail outlets. However, there is limited evidence in resource limited countries, including Ethiopia. We aimed to assess the knowledge and attitudes surrounding antibiotic use or supply and antibiotic resistance, and the non-prescribed antibiotic dispensing practices in community drug retail outlets in non-urban Ethiopia. METHODS: We conducted a cr...",,,,,,,,
PM-0227,PubMed,35465041,Zawahir Shukry; Le Hien Thi Thu; Nguyen Thu-Anh; Beardsley Justin; Dang Anh Duc et al.,2022,Inappropriate supply of antibiotics for common viral infections by community pharmacies in Vietnam: A standardised patient survey.,Lancet Reg Health West Pac,10.1016/j.lanwpc.2022.100447,"BACKGROUND: This study aimed to evaluate the appropriateness of antibiotic dispensing of private pharmacies in Vietnam. METHODS: Standardised patient surveys were conducted in randomly selected community pharmacies across 40 districts in Vietnam. Four clinical scenarios were represented by patient actors: (a) an adult requesting treatment for a sibling with a viral upper respiratory tract infection (URTI), (b) a parent requesting treatment for a child with acute diarrhoea, (c) an adult making...",,,,,,,,
PM-0228,PubMed,35360769,Dutta Siddhartha; Kaur Rimple J; Bhardwaj Pankaj; Ambwani Sneha; Godman Brian et al.,2022,"Demand of COVID-19 medicines without prescription among community pharmacies in Jodhpur, India: Findings and implications.",J Family Med Prim Care,10.4103/jfmpc.jfmpc_1250_21,"BACKGROUND: COVID-19 pandemic led to increased self-medication of antimicrobials, vitamins, and immune boosters among the common people and consuming without prescription can lead to adverse consequences including antimicrobial resistance. METHODS: A cross-sectional study was conducted on community pharmacies in Jodhpur, India. They were inquired regarding the prescription and increased sales (<25%, 25-50%, 50--75%, or 75--100%) of various medicines (Hydroxychloroquine, Azithromycin, Ivermect...",,,,,,,,
PM-0229,PubMed,35340354,Edessa Dumessa; Sisay Mekonnen; Hagos Bisrat; Amare Firehiwot,2022,Antimicrobial Use and Management of Childhood Diarrhea at Community Drug Retail Outlets in Eastern Ethiopia: A Matched Questionnaire-Based and Simulated Patient-Case Study.,Pediatric Health Med Ther,10.2147/PHMT.S348204,"INTRODUCTION: Antimicrobial agents have saved millions of lives worldwide. However, inappropriate use has become a global concern leading to the emergence and spread of antimicrobial resistance (AMR). In this regard, the dispensing practices of pharmacy professionals in the community drug retail outlets (CDROs) plays a central role. Therefore, this study was aimed to assess the knowledge and dispensing practices of pharmacy professionals in the management of childhood diarrhea in CDROs of Eas...",,,,,,,,
PM-0230,PubMed,35282798,Poompruek Panoopat; Perris Anna; Whanpuch Phakha; Chandler Clare I R; Sringernyuang Luechai,2022,Mystifying medicines and maximising profit: Antibiotic distribution in community pharmacies in Thailand.,Glob Public Health,10.1080/17441692.2022.2049843,"Thailand's antimicrobial stewardship strategy has focussed on promoting 'rational drug use' in the public sector, to reduce the threat of drug resistance and control healthcare expenditure. The strategy's next ambition is to attend to the private sector, where antibiotics are widely available over the counter without prescription. Using ethnographic and survey data, this paper follows antibiotics through community pharmacies, to explore drug distribution and access, and identify potential cha...",,,,,,,,
PM-0231,PubMed,35277361,Prosser Theresa R; Bollmeier Suzanne G,2022,Concordance between reported medication taking behavior and prescription instructions for patients with chronic obstructive pulmonary disease visiting community pharmacies.,J Am Pharm Assoc (2003),10.1016/j.japh.2022.02.011,"BACKGROUND: Understanding types and frequency of medication taking discrepancies could help design pharmacist interventions to improve adherence, outcomes, and prescribing. OBJECTIVE: This study aimed to assess concordance between participants' descriptions of chronic obstructive pulmonary disease (COPD) medication taking behaviors and prescription instructions. METHODS: Continued analysis of previously collected data. Dispensing data from 35 community pharmacies identified participants at th...",,,,,,,,
PM-0232,PubMed,35203744,Zhang Tingting; Lambert Helen; Zhao Linhai; Liu Rong; Shen Xingrong et al.,2022,Antibiotic Stewardship in Retail Pharmacies and the Access-Excess Challenge in China: A Policy Review.,Antibiotics (Basel),10.3390/antibiotics11020141,"In China, efforts to restrict excessive antibiotic consumption may prevent sufficient access to these life-saving drugs among the most deprived in society because of the weak primary health care system. This makes antibiotic stewardship in the retail pharmacy sector a particular challenge. We conducted an analysis to examinate policies on antibiotic sales in retail pharmacies in China and how tensions between 'excess' and 'access' are managed. The analysis was guided by the Walt and Gilson he...",,,,,,,,
PM-0233,PubMed,35176043,Ahmad Tawseef; Khan Faiz Ullah; Ali Sayyad; Rahman Asad Ur; Ali Khan Shujaat,2022,"Assessment of without prescription antibiotic dispensing at community pharmacies in Hazara Division, Pakistan: A simulated client's study.",PLoS One,10.1371/journal.pone.0263756,"Antibiotics dispensing without a prescription is an irrational practice and can increase the risk of antibiotic resistance, which is a significant public health concern around the globe. This study was aimed to determine the extent to which antibiotics are supplied without prescription in the community pharmacies (CPs) at Hazara Division from November 2020 to February 2021. The simulated client method (SCM) was used, and the data were gathered, recorded, and analyzed through different statist...",,,,,,,,
PM-0234,PubMed,35146427,Mokwele R Nelly; Schellack Natalie; Bronkhorst Elmien; Brink Adrian J; Schweickerdt Louise et al.,2022,Using mystery shoppers to determine practices pertaining to antibiotic dispensing without a prescription among community pharmacies in South Africa-a pilot survey.,JAC Antimicrob Resist,10.1093/jacamr/dlab196,"BACKGROUND: Inappropriate use of antimicrobials is a key factor increasing antimicrobial resistance, a major global public health problem including in South Africa. Key drivers include antibiotics being dispensed without a prescription. OBJECTIVES: To determine the accessibility of antibiotics without a prescription in community pharmacies in urban areas in South Africa and determine whether counselling was provided when antibiotics were dispensed. PATIENTS AND METHODS: Prospective, observati...",,,,,,,,
PM-0235,PubMed,35119042,Tang Jiqin; Zhang Gong; Xing Jinxiao; Yu Ying; Han Tao,2022,Network meta-analysis of heat-clearing and detoxifying oral liquid of Chinese medicines in treatment of children's hand-foot-mouth disease: A protocol for systematic review and meta-analysis.,Medicine (Baltimore),10.1097/MD.0000000000028778,"BACKGROUND: Hand-foot-mouth is a viral infectious disease characterized by fever, hand foot rash and oral mucosal herpes caused by a variety of enteroviruses. It is often found in preschool children, and its immune system is not well developed, so it is very susceptible to infection by pathogens and epidemics, resulting in rapid progress of the disease. At present, the commonly used Chinese patent medicine oral liquid in our country has good clinical efficacy of antiviral, antibacterial, anti...",,,,,,,,
PM-0236,PubMed,35112381,Lambert Maarten; Smit Chloé C H; De Vos Stijn; Benko Ria; Llor Carl et al.,2022,A systematic literature review and meta-analysis of community pharmacist-led interventions to optimise the use of antibiotics.,Br J Clin Pharmacol,10.1111/bcp.15254,"AIMS: The aim of this systematic review is to assess the effects of community pharmacist-led interventions to optimise the use of antibiotics and identify which interventions are most effective. METHODS: This review was conducted according to the PRISMA guidelines (PROSPERO: CRD42020188552). PubMed, EMBASE and the Cochrane Central Register of Controlled Trials were searched for (randomised) controlled trials. Included interventions were required to target antibiotic use, be set in the communi...",,,,,,,,
PM-0237,PubMed,35105611,Gillani Ali Hassan; Zhao Mingyue; Hussain Azzah Khadim; Munir Kiran; Masood Shamaila et al.,2022,Community pharmacists' perception and exposure to drug promotion in Pakistan: a cross-sectional study.,BMJ Open,10.1136/bmjopen-2020-048249,"OBJECTIVE: Drug promotion is a factor that promotes the irrational use of drugs and sometimes negatively influences the prescribing/dispensing pattern. So there was a need to assess the views about accepting gifts and attitudes/influence towards drug promotion among community pharmacists in Punjab, Pakistan. SETTING: Adopting a preused questionnaire, we conducted a cross-sectional multiple-site survey study. We distributed questionnaires to pharmacists in the community pharmacies to investiga...",,,,,,,,
PM-0238,PubMed,35093049,Khojah Hani M J,2022,Over-the-counter sale of antibiotics during COVID-19 outbreak by community pharmacies in Saudi Arabia: a simulated client study.,BMC Health Serv Res,10.1186/s12913-022-07553-x,"BACKGROUND: Recent studies have reflected increased global concern regarding the possible acceleration of bacterial resistance secondary to the reported overuse and misuse of antibiotics during the COVID-19 pandemic. Therefore, this study aimed to investigate the nonprescribed sale of antibiotics by community pharmacies in Saudi Arabia during the COVID-19 outbreak and the pharmacists' skills in triaging COVID-19 suspects. METHODS: Herein, 120 pharmacies were randomly selected and surveyed by ...",,,,,,,,
PM-0239,PubMed,35088232,Czarniak Petra; Chalmers Leanne; Hughes Jeffery; Iacob Rebecca; Lee Ya Ping et al.,2022,Point-of-care C-reactive protein testing service for respiratory tract infections in community pharmacy: a qualitative study of service uptake and experience of pharmacists.,Int J Clin Pharm,10.1007/s11096-021-01368-2,"Background Targeted interventions in community pharmacies, such as point-of-care C-reactive protein testing, could reduce inappropriate antimicrobial consumption in patients presenting with symptoms of respiratory tract infections, although data regarding Australian pharmacists' perspectives on its provision are limited. Aim To explore pharmacists' experiences and perspectives of point-of-care C-reactive protein testing, including barriers and facilitators, influencing service provision and u...",,,,,,,,
PM-0240,PubMed,35081939,Putman Barbara; Coucke Louise; Vanoverschelde Anna; Mehuys Els; Lahousse Lies,2022,Community pharmacist counseling improves adherence and asthma control: a nationwide study.,BMC Health Serv Res,10.1186/s12913-022-07518-0,"BACKGROUND: Pharmaceutical counseling (PC) interventions have been shown to improve adherence to controller medication and asthma control. However, the real-life impact of these PC interventions in difficult-to-control asthma patients remains unclear. We aimed to assess the effectiveness of PC interventions in real life using nationwide claims data. METHODS: Demographics and drugs use of patients who received ICS in 2017 with or without pharmaceutical counseling were retrieved from a Belgian ...",,,,,,,,
PM-0241,PubMed,35081149,Elmahi Osman Kamal Osman; Musa Reem Abdalla Elsiddig; Shareef Ahd Alaaeldin Hussain; Omer Mohammed Eltahier Abdalla; Elmahi Mugahid Awad Mohamed et al.,2022,Perception and practice of self-medication with antibiotics among medical students in Sudanese universities: A cross-sectional study.,PLoS One,10.1371/journal.pone.0263067,"INTRODUCTION: The benefits of antibiotics are under threat by self-medication, which culminated in economic burdening of developing countries, treatment failures, the emergence of antibiotic-resistant strains of bacteria and an increased probability of exposure and infection of the general population by antibiotic-resistant bacterial strains. OBJECTIVES: This study aimed to evaluate the knowledge and attitude of medical students in Sudan towards the use of antibiotics, the prevalence of self-...",,,,,,,,
PM-0242,PubMed,35024361,Leelakanok Nattawut; Petchsomrit Arpa; Methaneethorn Janthima; Pornwattanakavee Suphannika Prateepjarassaeng,2021,Medication selection for the treatment of acute infective diarrhea in Thai pharmacies: a qualitative study.,Transl Clin Pharmacol,10.12793/tcp.2021.29.e22,World Health Organization (WHO) released the treatment manual of diarrhea in 2005. We aimed to investigate the rationale for selecting medications for acute infective diarrhea in Thai community pharmacies and to see if the selection complied with the WHO manual. A theoretical 18-year-old patient with acute infective diarrhea was used for interviews. The protocol and materials for the research were approved by Institutional Review Board. A total of 30 drugstore personnel were selected by conve...,,,,,,,,
PM-0243,PubMed,34980037,Dillen Hannelore; Burvenich Ruben; De Burghgraeve Tine; Verbakel Jan Y,2022,Using Belgian pharmacy dispensing data to assess antibiotic use for children in ambulatory care.,BMC Pediatr,10.1186/s12887-021-03047-7,"BACKGROUND: The desired effect of antibiotics is compromised by the rapid escalation of antimicrobial resistance. Children are particularly at high-risk for unnecessary antibiotic prescribing, which is owing to clinicians' diagnostic uncertainty combined with parents' concerns and expectations. Recent Belgian data on ambulatory antibiotic prescribing practices for children are currently lacking. Therefore, we aim to analyse different aspects of antibiotic prescriptions for children in ambulat...",,,,,,,,
PM-0244,PubMed,34969084,Karki Kshitij; Kumar Neupane Aashish; Raj Singh Devendra,2022,"Antibiotic dispensing knowledge and practice among dispensing staff working in pharmacies near teaching hospitals in Kathmandu Valley, Nepal.",Int J Pharm Pract,10.1093/ijpp/riab076,"OBJECTIVES: To assess antibiotic dispensing knowledge and practice among dispensing staff who may or may not have a formal pharmacy qualification working in pharmacies near teaching hospitals in Kathmandu Valley, Nepal. METHODS: A face-to-face cross-sectional study was conducted among 220 dispensing staff. The data were analysed using SPSS 20 to measure descriptive statistics and logistic regressions. KEY FINDINGS: Among 220 participants, half of them (50.0%) had inadequate knowledge and slig...",,,,,,,,
PM-0245,PubMed,34932455,Moura Maria L; Boszczowski Icaro; Blaque Manuela; Mussarelli Rafael M; Fossaluza Victor et al.,2022,"Effect on Antimicrobial Resistance of a Policy Restricting Over-the-Counter Antimicrobial Sales in a Large Metropolitan Area, São Paulo, Brazil.",Emerg Infect Dis,10.3201/eid2801.201928,"Although restricting over-the-counter (OTC) antimicrobial drug sales is recommended globally, no data track its effect on antimicrobial resistance (AMR) in bacteria. We evaluated the effect of a national policy restricting OTC antimicrobial sales, put in place in November 2010, on AMR in a metropolitan region of São Paulo, Brazil. We reviewed associations between antimicrobial sales from private pharmacies and AMR in 404,558 Escherichia coli and 5,797 Streptococcus pneumoniae isolates using a...",,,,,,,,
PM-0246,PubMed,34916784,Ayana Hika; Sileshi Tesemma; Bule Mohammed Hussen; Chaka Eshetu E,2021,"Non-Prescription Antibiotics Use and Associated Factors Among Drug Retail Outlets in Ambo, Ethiopia: A Cross-Sectional Study.",Patient Prefer Adherence,10.2147/PPA.S337364,"PURPOSE: To assess the non-prescription use of antibiotics and associated factors in Ambo Town, West Shoa, Oromia, Ethiopia. METHODS: An institutional-based cross-sectional study design supported with the qualitative study was conducted in Ambo Town from February 1 to March 1, 2020. Data were collected using a pretested semi-structured questionnaire and in-depth interview guide questions. Simple random sampling was used to select retail outlets and systematic random sampling to select study p...",,,,,,,,
PM-0247,PubMed,34907055,Zhu Yao; Tang Xuewen; Yan Rui; Shao Zhujun; Zhou Yang et al.,2021,Non-prescription antibiotic use for cough among Chinese children under 5 years of age: a community-based cross-sectional study.,BMJ Open,10.1136/bmjopen-2021-051372,OBJECTIVE: This study aimed to investigate the non-prescription use of antibiotics for cough among children under 5 years in China. DESIGN: A community-based cross-sectional survey. SETTING: A face-to-face interview based on a standard questionnaire in the community from October to December 2019. PARTICIPANTS: A total of 3102 children under 5 years of age were enrolled with probability proportionate to size sampling method. The children's caregivers provided the responses as their agents. OUT...,,,,,,,,
PM-0248,PubMed,34797865,Burtscher Doris; Van den Bergh Rafael; Nasim Masood; Mahama Gbane; Au Sokhieng et al.,2021,"'They eat it like sweets': A mixed methods study of antibiotic perceptions and their use among patients, prescribers and pharmacists in a district hospital in Kabul, Afghanistan.",PLoS One,10.1371/journal.pone.0260096,"BACKGROUND: Antibiotic resistance is a growing public health threat. In Afghanistan, high levels of indiscriminate antibiotic use exist, and healthcare programmes are not informed by understanding of local attitudes towards rational antibiotic use. Médecins Sans Frontières is an international non-governmental organization providing healthcare services to the Ahmad Shah Baba (ASB) District Hospital in Kabul, Afghanistan, since 2009. This mixed-methods study aimed to explore the perceptions and...",,,,,,,,
PM-0249,PubMed,34795710,Akpan Richard Mary; Udoh Emmanuel Imo; Akpan Samuel Emediong; Ozuluoha Chioma Cynthia,2021,"Community pharmacists' management of self-limiting infections: a simulation study in Akwa Ibom State, South-South Nigeria.",Afr Health Sci,10.4314/ahs.v21i2.12,"BACKGROUND: Inappropriate use of antibiotics, especially for treatment of self-limiting infections remains one of the major drivers of antibiotic resistance (ABR). Community pharmacists can contribute to reducing ABR by ensuring antibiotics are dispensed only when necessary. OBJECTIVE: To assess community pharmacists' management of self-limiting infections. METHODS: A purposive sample of 75 pharmacies participated in the study. Each pharmacy was visited by an investigator and a trained simula...",,,,,,,,
PM-0250,PubMed,34784981,Nizame Fosiul Alam; Shoaib Dewan Muhammad; Rousham Emily K; Akter Salma; Islam Mohammad Aminul et al.,2021,Barriers and facilitators to adherence to national drug policies on antibiotic prescribing and dispensing in Bangladesh.,J Pharm Policy Pract,10.1186/s40545-021-00342-7,"BACKGROUND: The National Drug Policy in Bangladesh prohibits the sale and distribution of antibiotics without prescription from a registered physician. Compliance with this policy is poor; prescribing antibiotics by unqualified practitioners is common and over-the-counter dispensing widespread. In Bangladesh, unqualified practitioners such as drug shop operators are a major source of healthcare for the poor and disadvantaged. This paper reports on policy awareness among drug shop operators an...",,,,,,,,
PM-0251,PubMed,34757115,Knight Braden D; Shurgold Jayson; Smith Glenys; MacFadden Derek R; Schwartz Kevin L et al.,2022,The impact of COVID-19 on community antibiotic use in Canada: an ecological study.,Clin Microbiol Infect,10.1016/j.cmi.2021.10.013,"OBJECTIVES: The COVID-19 pandemic has had an effect on the incidence of infectious diseases and medical care. This study aimed to describe the impact of the COVID-19 pandemic on community-level antibiotic use. METHODS: Using national antibiotic dispensing data from IQVIA's CompuScript database, this ecological study investigated antibiotic dispensing through community retail pharmacies in Canada from November 2014 to October 2020. Analyses were stratified by age, sex, prescription origin and ...",,,,,,,,
PM-0252,PubMed,34723182,Allison Rosalie; Chapman Sarah; Howard Philip; Thornley Tracey; Ashiru-Oredope Diane et al.,2020,Feasibility of a community pharmacy antimicrobial stewardship intervention (PAMSI): an innovative approach to improve patients' understanding of their antibiotics.,JAC Antimicrob Resist,10.1093/jacamr/dlaa089,"BACKGROUND: Community pharmacy staff have an opportunity to play a pivotal role in antimicrobial stewardship (AMS) due to their expertise in medicines and accessibility to patients. OBJECTIVES: To develop and test the feasibility of a pharmacy AMS intervention (PAMSI) to increase community pharmacy staff's capability, opportunity and motivation to check antibiotic appropriateness and provide self-care and adherence advice when dispensing antibiotics. METHODS: The PAMSI was centred around an A...",,,,,,,,
PM-0253,PubMed,34707158,Geta Kindu; Kibret Mulugeta,2021,"Knowledge, attitudes and practices of animal farm owners/workers on antibiotic use and resistance in Amhara region, north western Ethiopia.",Sci Rep,10.1038/s41598-021-00617-8,"Inappropriate use of antibiotics in animal and human plays a role in the emergence and spread of bacteria resistant to antibiotics which threatens human health significantly. Although extensive use of these antibiotics could contribute to the development of drug resistance, information on the knowledge, attitude and practice of antimicrobial resistance and use among animal farm owners/workers in north western Ethiopia is rare. The objective of the present study was to assess knowledge, attitu...",,,,,,,,
PM-0254,PubMed,34620152,Ferdiana Astri; Liverani Marco; Khan Mishal; Wulandari Luh Putu Lila; Mashuri Yusuf Ari et al.,2021,"Community pharmacies, drug stores, and antibiotic dispensing in Indonesia: a qualitative study.",BMC Public Health,10.1186/s12889-021-11885-4,"BACKGROUND: Inappropriate dispensing of antibiotics at community pharmacies is an important driver of antimicrobial resistance (AMR), particularly in low- and middle-income countries. Thus, a better understanding of dispensing practices is crucial to inform national, regional, and global responses to AMR. This requires careful examination of the interactions between vendors and clients, sensitive to the context in which these interactions take place. METHODS: In 2019, we conducted a qualitati...",,,,,,,,
PM-0255,PubMed,34572705,Kotwani Anita; Joshi Jyoti; Lamkang Anjana Sankhil,2021,Over-the-Counter Sale of Antibiotics in India: A Qualitative Study of Providers' Perspectives across Two States.,Antibiotics (Basel),10.3390/antibiotics10091123,"India has one of the highest rates of antimicrobial resistance (AMR) worldwide. Despite being prescription drugs, antibiotics are commonly available over-the-counter (OTC) at retail pharmacies. We aimed to gain insight into the OTC sale of antibiotics at retail pharmacies and to elucidate its underlying drivers. We conducted face-to-face, in-depth interviews using convenience sampling with 22 pharmacists and 14 informal dispensers from 36 retail pharmacies across two Indian states (Haryana an...",,,,,,,,
PM-0256,PubMed,34507579,Akande-Sholabi Wuraola; Ajamu Amen T,2021,"Antimicrobial stewardship: Assessment of knowledge, awareness of antimicrobial resistance and appropriate antibiotic use among healthcare students in a Nigerian University.",BMC Med Educ,10.1186/s12909-021-02912-4,"BACKGROUND: Inappropriate use of antibiotics is a major cause of antimicrobial resistance (AMR). Inadequate knowledge about AMR among healthcare students could affect their practice of antimicrobial stewardship as future healthcare professionals. This study aims to assess the use of antibiotics and knowledge of AMR among future healthcare professionals of a Nigerian University. METHODS: Respondents' knowledge of antimicrobial resistance, use of antibiotics, and source of antibiotics in the pa...",,,,,,,,
PM-0257,PubMed,34439074,Ndaki Pendo M; Mushi Martha F; Mwanga Joseph R; Konje Eveline T; Ntinginya Nyanda E et al.,2021,Dispensing Antibiotics without Prescription at Community Pharmacies and Accredited Drug Dispensing Outlets in Tanzania: A Cross-Sectional Study.,Antibiotics (Basel),10.3390/antibiotics10081025,"Worldwide, antimicrobial resistance is increasing rapidly and is associated with misuse of antimicrobials. The HATUA study (a broader 3-country study) investigated the antibiotic dispensing practices of pharmaceutical providers to clients, particularly the propensity to dispense without prescription. A cross-sectional study using a 'mystery client' method was conducted in 1148 community pharmacies and accredited drugs dispensing outlets (ADDO) in Mwanza (",,,,,,,,
PM-0258,PubMed,34429128,Sweileh Waleed M,2021,Global research publications on irrational use of antimicrobials: call for more research to contain antimicrobial resistance.,Global Health,10.1186/s12992-021-00754-9,BACKGROUND: Irrational use of antimicrobials is highly prevalent. It is a major driving factor for antimicrobial resistance (AMR). Research on irrational antimicrobial use is important for developing policies and regulations to combat and contain AMR. The present study aims to provide an overview of research publications on the irrational use of antimicrobials at the national and global levels. METHODS: Publications on irrational use of antimicrobials were extracted from Scopus using a wide r...,,,,,,,,
PM-0259,PubMed,34416911,Musoke David; Namata Carol; Lubega Grace Biyinzika; Kitutu Freddy Eric; Mugisha Lawrence et al.,2021,"Access, use and disposal of antimicrobials among humans and animals in Wakiso district, Uganda: a qualitative study.",J Pharm Policy Pract,10.1186/s40545-021-00361-4,"BACKGROUND: Inappropriate use of antimicrobials in both humans and animals is a key driver of antimicrobial resistance (AMR). In addition, human behaviours such as poor disposal of antimicrobials in the environment can increase their exposure to microbes which can impact on humans and animals. However, evidence on access, use and disposal of antimicrobials for humans and animals at community level in Uganda is limited. This study therefore explored access, use and disposal of antimicrobials a...",,,,,,,,
PM-0260,PubMed,34412692,Porter George James; Owens Stephen; Breckons Matthew,2021,A systematic review of qualitative literature on antimicrobial stewardship in Sub-Saharan Africa.,Glob Health Res Policy,10.1186/s41256-021-00216-0,BACKGROUND: Antibiotic resistance is a major problem in every region of the globe and Sub-Saharan Africa (SSA) is no exception. Several systematic reviews have addressed the prevalence of resistant organisms but few have examined the underlying causes in this region. This systematic review of qualitative literature aims to highlight barriers and facilitators to antimicrobial stewardship in SSA. METHODS: A literature search of Embase and MEDLINE(R) was carried out. Studies were included if the...,,,,,,,,
PM-0261,PubMed,34400861,Badr Aisha F; Humedi Raneyah A; Alfarsi Nada A; Alghamdi Haifa A,2021,Rapid antigen detection test (RADT) for pharyngitis diagnosis in children: Public and pharmacist perception.,Saudi Pharm J,10.1016/j.jsps.2021.04.029,BACKGROUND: Most common sought antibiotic-self treated infection globally is pharyngitis (sore throat). The aim of this study is to assess public's acceptance and potential use of Rapid Antigen Detection Test at community pharmacies in the diagnosis of bacterial pharyngitis in children prior to antibiotic dispensing in Saudi Arabia. METHOD: A qualitative cross-sectional study was conducted on October 2017. Two self-conducted questionnaires were used. One targeted the public above 21 years old...,,,,,,,,
PM-0262,PubMed,34385252,Bahta Merhawi; Weldemariam Dawit G; Tesfamariam Sirak; Tesfamariam Eyasu H; Russom Mulugeta,2021,Determinants of dispensing antibiotics without prescription in Eritrea: a mixed-method qualitative study on pharmacy professionals' perspective.,BMJ Open,10.1136/bmjopen-2021-049000,"OBJECTIVE: Antimicrobial resistance is a global public health challenge. Dispensing of antibiotics without prescription (DAWP), a major contributor to antibiotic resistance, is extensive in Eritrea. This study was, therefore, aimed at deeply understanding, qualitatively, the pharmacy professionals' perspective on the factors that trigger DAWP and how this practice could be mitigated. DESIGN: A qualitative exploratory study design was employed. SETTING: Drug retail outlets of Asmara, capital o...",,,,,,,,
PM-0263,PubMed,34356753,Gradl Gabriele; Werning Johanna; Enners Salka; Kieble Marita; Schulz Martin,2021,Quality Appraisal of Ambulatory Oral Cephalosporin and Fluoroquinolone Use in the 16 German Federal States from 2014-2019.,Antibiotics (Basel),10.3390/antibiotics10070831,"BACKGROUND: Despite concerns about causing bacterial resistance and serious side effects, oral cephalosporins and fluoroquinolones are still frequently prescribed in Germany. We aimed to test a method for the detection of regional quality differences in the use of oral cephalosporins and fluoroquinolones and to apply this to the German federal states. METHODS: Use of antibiotics from 2014-2019 was analyzed using dispensing data from community pharmacies claimed to the statutory health insuran...",,,,,,,,
PM-0264,PubMed,34344668,Wulandari Luh Putu Lila; Khan Mishal; Liverani Marco; Ferdiana Astri; Mashuri Yusuf Ari et al.,2021,Prevalence and determinants of inappropriate antibiotic dispensing at private drug retail outlets in urban and rural areas of Indonesia: a mixed methods study.,BMJ Glob Health,10.1136/bmjgh-2021-004993,INTRODUCTION: The aim of this mixed-method study was to determine the extent and determinants of inappropriate dispensing of antibiotics by licensed private drug retail outlets in Indonesia. METHODS: Standardised patients (SPs) made a total of 495 visits to 166 drug outlets (community pharmacies and drug stores) between July and August 2019. The SPs presented three clinical cases to drug outlet staff: parent of a child at home with diarrhoea; an adult with presumptive tuberculosis (TB); and a...,,,,,,,,
PM-0265,PubMed,34285080,Chua Kao-Ping; Volerman Anna; Conti Rena M,2021,Prescription Drug Dispensing to US Children During the COVID-19 Pandemic.,Pediatrics,10.1542/peds.2021-049972,"BACKGROUND: After the US coronavirus disease 2019 outbreak, overall prescription dispensing declined but then rebounded. Whether these same trends occurred for children is unknown. METHODS: Using the IQVIA National Prescription Audit, which contains monthly dispensing counts from 92% of US retail pharmacies, we assessed changes in the monthly number of prescriptions dispensed to US children aged 0 to 19 years during 2018-2020. We compared dispensing totals in April to December 2020 and April ...",,,,,,,,
PM-0266,PubMed,34196261,Roien Rohullah; Bhandari Divya; Hosseini Sayed Mohammad Reza; Mosawi Sayed Hussain; Ataie Mohammad Arif et al.,2022,Prevalence and determinants of self-medication with antibiotics among general population in Afghanistan.,Expert Rev Anti Infect Ther,10.1080/14787210.2021.1951229,"OBJECTIVE: Self-medication with antibiotics (SMA) is a common cause of antibiotic resistance, a major public health problem. This research aimed to identify the prevalence of SMA and explore reasons for practicing SMA among people living in Kabul, Afghanistan. METHODS: A community-based cross-sectional study was conducted from May to November 2017 in 12 community pharmacies operating across Kabul, Afghanistan. Multivariable logistic regression was conducted to identify the factors associated ...",,,,,,,,
PM-0267,PubMed,34182991,Piraux Arthur; Faure Sébastien; Naber Kurt G; Alidjanov Jakhongir F; Ramond-Roquin Aline,2021,"Changes in the management of urinary tract infections in women: impact of the new recommendations on antibiotic prescribing behavior in France, between 2014 and 2019.",BMC Health Serv Res,10.1186/s12913-021-06653-4,"BACKGROUND: Urinary tract infections (UTIs) are among the most common infections that require antibiotic therapy. In December 2015, new guidelines for UTI management were published in France with the aim of reducing antibiotic misuse and the risk of antimicrobial resistance. OBJECTIVES: To analyze changes in antibiotic prescribing behavior for acute uncomplicated UTI in women in France from 2014 to 2019. METHODS: Retrospective study using data extracted from the medico-administrative database...",,,,,,,,
PM-0268,PubMed,34123675,AlOtieschan Salman; Alsalim Abdulrahman; Albabtain Shahad; Almujahid Munthir; Obeid Dana et al.,2021,Public Perception Toward Ministry of Health Regulations for Antibiotic Dispensing and Its Impact on Pharmacy and Family Physician Visits.,Cureus,10.7759/cureus.14981,"Introduction Antibiotic dispensing regulations have been implemented in most countries worldwide. Saudi Arabia's Ministry of Health (MOH) recently implemented a policy for dispensing antibiotics, in which pharmacies in Saudi Arabia are strictly prohibited from dispensing antibiotics without a medical prescription. Failure to adhere to the regulations will result in a fine and may lead to the revoking of the pharmacy's license. The aim of this study was to investigate public perception among t...",,,,,,,,
PM-0269,PubMed,34114102,van der Zande Rian Lelie-; Koster Ellen S; Teichert Martina; Bouvy Marcel L,2021,Survey on general practitioners' and pharmacists' opinions regarding patient-initiated treatment of recurring urinary tract infections.,Int J Clin Pharm,10.1007/s11096-021-01295-2,"Background The Dutch general practitioners (GP) guideline for urinary tract infections (UTI) recommends patient-initiated treatment for women with recurring UTI. In countries other than the Netherlands, community pharmacists play a role in dispensing antibiotics for recurring UTI without preceding GP consultation. Objective To study GP and pharmacist opinions regarding the desirability of patient-initiated treatment, including potential pharmacist support for, and consequences of, facilitated...",,,,,,,,
PM-0270,PubMed,34112249,Akande-Sholabi Wuraola; Ajamu Amen T; Adisa Rasaq,2021,"Prevalence, knowledge and perception of self-medication practice among undergraduate healthcare students.",J Pharm Policy Pract,10.1186/s40545-021-00331-w,"BACKGROUND: Globally, self-medication is a common practice, and an increasingly perceived necessity to relieve burdens on health services. However, inappropriate self-medication may result to reduced health outcomes, increased antimicrobial resistance and economic waste. Healthcare students are the future health professionals who will be consistently responsible for educating the public on rational use of medication. This study therefore aimed to assess the prevalence, knowledge and perceptio...",,,,,,,,
PM-0271,PubMed,34082726,Belachew Sewunet Admasu; Hall Lisa; Erku Daniel Asfaw; Selvey Linda A,2021,No prescription? No problem: drivers of non-prescribed sale of antibiotics among community drug retail outlets in low and middle income countries: a systematic review of qualitative studies.,BMC Public Health,10.1186/s12889-021-11163-3,"BACKGROUND: Non-prescription dispensing of antibiotics, one of the main sources of antibiotic misuse or over use, is a global challenge with detrimental public health consequences including acceleration of the development of antimicrobial resistance, and is facilitated by various intrinsic and extrinsic drivers. The current review aimed to systematically summarise and synthesise the qualitative literature regarding drivers of non-prescribed sale of antibiotics among community drug retail outl...",,,,,,,,
PM-0272,PubMed,34022819,Unicomb Leanne E; Nizame Fosiul Alam; Uddin Mohammad Rofi; Nahar Papreen; Lucas Patricia J et al.,2021,Motivating antibiotic stewardship in Bangladesh: identifying audiences and target behaviours using the behaviour change wheel.,BMC Public Health,10.1186/s12889-021-10973-9,"BACKGROUND: South Asia is a hotspot for antimicrobial resistance due largely to over-the-counter antibiotic sales for humans and animals and from a lack of policy compliance among healthcare providers. Additionally, there is high population density and high infectious disease burden. This paper describes the development of social and behavioural change communication (SBCC) to increase the appropriate use of antibiotics. METHODS: We used formative research to explore contextual drivers of anti...",,,,,,,,
PM-0273,PubMed,33975888,Adhikari Bipin; Pokharel Sunil; Raut Shristi; Adhikari Janak; Thapa Suman et al.,2021,"Why do people purchase antibiotics over-the-counter? A qualitative study with patients, clinicians and dispensers in central, eastern and western Nepal.",BMJ Glob Health,10.1136/bmjgh-2021-005829,"INTRODUCTION: Over-the-counter (OTC) use of antibiotics contributes to the burgeoning rise in antimicrobial resistance (AMR). Drawing on qualitative research methods, this article explores the characteristics of OTC sales of antibiotic in Nepal, its drivers and implications for policy. METHODS: Data were collected in and around three tertiary hospitals in eastern, western and central Nepal. Using pre-defined guides, a mix of semi-structured interviews and focus group discussions were conducte...",,,,,,,,
PM-0274,PubMed,33942448,Yeika Eugene Vernyuy; Ingelbeen Brecht; Kemah Ben-Lawrence; Wirsiy Frankline Sevidzem; Fomengia Joseph Nkeangu et al.,2021,"Comparative assessment of the prevalence, practices and factors associated with self-medication with antibiotics in Africa.",Trop Med Int Health,10.1111/tmi.13600,"OBJECTIVE: To evaluate and compare the prevalence, reasons, sources and factors associated with self-medication with antibiotics (SMA) within Africa. METHODS: Systematic review and meta-analysis. An electronic search of PubMed and Google Scholar databases was performed for observational studies conducted between January 2005 and February 2020. Two reviewers independently screened abstracts and full texts using the PRISMA flowchart and performed quality assessment of eligible studies. Both qua...",,,,,,,,
PM-0275,PubMed,33922058,Majid Aziz Muhammad; Haider Fatima; Rasool Muhammad Fawad; Hashmi Furqan Khurshid; Bahsir Sadia et al.,2021,Dispensing of Non-Prescribed Antibiotics from Community Pharmacies of Pakistan: A Cross-Sectional Survey of Pharmacy Staff's Opinion.,Antibiotics (Basel),10.3390/antibiotics10050482,"Community pharmacies are the main channel of antibiotics distribution. We aimed to analyze the dispensing of non-prescribed antibiotics and knowledge of pharmacy staff. We conducted a cross-sectional study in Punjab, Pakistan between December 2017 and March 2018. A self-administered, structured, pretested, and validated bilingual questionnaire was used, and we used chi-square tests in the statistical analysis. A total of 573 (91.7%) pharmacy retailers responded to the survey; 44.0% were aged ...",,,,,,,,
PM-0276,PubMed,36101578,Poudel Ramesh Sharma; Shrestha Shakti; Adhikari Shital,2021,Dispensing of antibiotics without a prescription by community pharmacies in Nepal: A call for action.,Public Health Pract (Oxf),10.1016/j.puhip.2021.100117,,,,,,,,,
PM-0277,PubMed,33841518,Soltani Delaram; Ebrahimpour Sholeh; Hajimiri Seyed Hossein; Jafarzadeh Kohneloo Aarefeh; Jahangard-Rafsanjani Zahra,2020,"Assessment of Antibiotic Dispensing Practice in Community Pharmacies of Tehran, for 2 Common Infectious Symptoms, Using Simulated Patient Method.",Iran J Pharm Res,10.22037/ijpr.2020.112096.13529,"Resistance to antibiotics is a worldwide concern and community pharmacies can play a strategic role in controlling this issue through rationalizing antibiotic consumption. Considering that dispensing any type of antibiotics without a prescription is prohibited according to Iran's regulations, this study was conducted to quantify the rate of antibiotic dispensing without a prescription by pharmacists in Tehran, Iran. A descriptive cross-sectional study was conducted from September 2016 through...",,,,,,,,
PM-0278,PubMed,33828621,Kotwani Anita; Joshi Jyoti; Lamkang Anjana S; Sharma Ayushi; Kaloni Deeksha,2021,"Knowledge and behavior of consumers towards the non-prescription purchase of antibiotics: An insight from a qualitative study from New Delhi, India.",Pharm Pract (Granada),10.18549/PharmPract.2021.1.2206,"BACKGROUND: In Low-and Middle-Income Countries, including India, consumers often purchase antibiotics over-the-counter (OTC) from retail pharmacies. This practice leads to the inappropriate use of antibiotics in the community which is an important driver for the development of antimicrobial resistance. A better understanding of consumers' views towards this grave public health concern is critical to developing evidence-based intervention programs for awareness among the general population. OB...",,,,,,,,
PM-0279,PubMed,33790584,Malik Usman Rashid; Chang Jie; Hashmi Furqan; Atif Naveel; Basir Hareem et al.,2021,"A Simulated Client Exploration of Nonprescription Dispensing of Antibiotics at Drugstores for Pediatric Acute Diarrhea and Upper Respiratory Infection in Lahore, Pakistan.",Infect Drug Resist,10.2147/IDR.S301812,"INTRODUCTION: The excessive consumption of antibiotics is a significant contributor to antimicrobial resistance, especially in children. Children are often advised antibiotics for viral infections. In developing countries, drugstores are a prime source of easy access to nonprescription antibiotics. Moreover, in Pakistan, their irrational use is an ""everyday routine"". The study, therefore, aimed to evaluate the dispensing of nonprescription antibiotics to children. METHODS: Using pediatric acu...",,,,,,,,
PM-0280,PubMed,33789207,Akbar Zunaira; Saleem Zikria; Shaukat Arooj; Farrukh Muhammad Junaid,2021,"Perception and practices of community pharmacists towards antimicrobial stewardship in Lahore, Pakistan.",J Glob Antimicrob Resist,10.1016/j.jgar.2021.03.013,"OBJECTIVES: Antimicrobial resistance is a major health concern worldwide. Community pharmacists can play an important role in rational antibiotic use. This study aimed to evaluate the perception and practices of community pharmacists regarding antimicrobial stewardship (AMS) in Lahore, Pakistan. METHODS: A descriptive cross-sectional study was conducted among community pharmacists in Lahore from 1 November 2017 to 31 December 2017. A self-administered questionnaire was used for data collectio...",,,,,,,,
PM-0281,PubMed,33786166,AlGhofaili Fatimah,2021,"Patterns of self-medication in Qassim Province, Saudi Arabia: A cross-sectional study.",Ann Med Surg (Lond),10.1016/j.amsu.2021.102207,"BACKGROUND: Selling medicines in pharmacies without a prescription is a common practice in the Kingdom of Saudi Arabia. The aim of this study was to determine the attitudes about and prevalence of non-prescribed medication for those attending community pharmacies in Qassim Province, Saudi Arabia. METHODS: This is a cross-sectional survey based study that was designed and administered to individuals attending four community pharmacies in the main cites of Qassim Province, Saudi Arabia to obtai...",,,,,,,,
PM-0282,PubMed,33781998,Bianco Aida; Licata Francesca; Trovato Alessandro; Napolitano Francesco; Pavia Maria,2021,Antibiotic-Dispensing Practice in Community Pharmacies: Results of a Cross-Sectional Study in Italy.,Antimicrob Agents Chemother,10.1128/AAC.02729-20,"Inappropriate use of antibiotics in the community contributes to the development of antibiotic resistance (ABR), one of the most concerning issues in modern medicine. The objectives of the study were to investigate the knowledge and attitudes regarding ABR and dispensing antibiotics without prescription (DAwP) and to assess the extent of the practice of DAwP among Italian community pharmacists (CPs). A nationwide cross-sectional study using an anonymous, structured, validated, and pilot-teste...",,,,,,,,
PM-0283,PubMed,33713630,Do Nga T T; Vu Huong T L; Nguyen Chuc T K; Punpuing Sureeporn; Khan Wasif Ali et al.,2021,Community-based antibiotic access and use in six low-income and middle-income countries: a mixed-method approach.,Lancet Glob Health,10.1016/S2214-109X(21)00024-3,"BACKGROUND: Antimicrobial misuse is common in low-income and middle-income countries (LMICs), and this practice is a driver of antibiotic resistance. We compared community-based antibiotic access and use practices across communities in LMICs to identify contextually specific targets for interventions to improve antibiotic use practices. METHODS: We did quantitative and qualitative assessments of antibiotic access and use in six LMICs across Africa (Mozambique, Ghana, and South Africa) and Asi...",,,,,,,,
PM-0284,PubMed,33707375,Onah Cosmas Kenan; Azuogu Benedict Ndubueze; Ossai Edmund Ndudi; Agu Adaoha Pearl; Ogbonnaya Lawrence Ulu et al.,2021,Practices toward presumptive tuberculosis clients among patent medicine vendors in Ebonyi State Nigeria.,Int J Mycobacteriol,10.4103/ijmy.ijmy_2_21,"BACKGROUND: Tuberculosis (TB) is a major cause of ill-health and death globally but a serious challenge to its control is low case notification. In low- and middle-income countries, most patients with symptoms of the disease first seek care from patent medicine vendors (PMVs) who are not formerly trained to manage TB. The practices of PMVs toward presumptive TB are pivotal to control of TB. AIM: The aim of this study was to describe the pattern of practices toward presumptive TB and assess th...",,,,,,,,
PM-0285,PubMed,33666189,Chadalavada Vineela; Babu S Manohar; Balamurugan K,2020,Nonprescription sale of schedule H1 antibiotics in a city of South India.,Indian J Pharmacol,10.4103/ijp.IJP_244_19,"CONTEXT: The acquisition of antibiotic without a prescription by the general population is a typical practice found in community pharmacies across India, which is a notable contributor of antimicrobial resistance. According to the present regulation in India, sale of certain antimicrobials included in schedule H1 without prescription is unlawful. In this contest, a program was organized by the Drug Control Administration, Government of Andhra Pradesh, to educate pharmacists regarding schedule...",,,,,,,,
PM-0286,PubMed,33657144,Luu Quynh Huong; Nguyen Thi Bich Thuy; Ta Hoang Long; Erickson Vera Irene; Padungtod Pawin,2021,"Quality testing of veterinary antimicrobial products used for livestock in Vietnam, 2018-2019.",PLoS One,10.1371/journal.pone.0247337,"Access to quality veterinary antimicrobial products contributes to efficient treatment of diseases in Vietnamese livestock and to reducing antimicrobial resistance (AMR). Poor quality antimicrobial drugs can lead to treatment failure, potentially influencing the inappropriate use of antimicrobials products, including increasing the dose, combining drugs, or changing to a broader spectrum antimicrobial. The objective of the study was to determine the actual concentration of antimicrobial activ...",,,,,,,,
PM-0287,PubMed,33641851,Frederick Asha; Das Mrinalini; Mehta Kedar; Kumar Ganesh; Satyanarayana Srinath,2021,Pharmacy based surveillance for identifying missing tuberculosis cases: A mixed methods study from South India.,Indian J Tuberc,10.1016/j.ijtb.2020.09.017,"BACKGROUND: No Indian studies have assessed the implementation of recent policy on pharmacy based surveillance and its contribution in TB notification. So, this study was conducted with objectives to describe: a) pharmacy based TB surveillance and TB notification, and b) experiences of pharmacy based surveillance implementation from the programme managers and pharmacists perspective. METHODS: A mixed methods study-quantitative (cross-sectional) and qualitative (in-depth interviews) in two sel...",,,,,,,,
PM-0288,PubMed,33628173,Sefah Israel Abebrese; Ogunleye Olayinka O; Essah Darius Obeng; Opanga Sylvia A; Butt Nadia et al.,2020,Rapid Assessment of the Potential Paucity and Price Increases for Suggested Medicines and Protection Equipment for COVID-19 Across Developing Countries With a Particular Focus on Africa and the Implications.,Front Pharmacol,10.3389/fphar.2020.588106,,,,,,,,,
PM-0289,PubMed,33628172,Haque Mainul; Kumar Santosh; Charan Jaykaran; Bhatt Rohan; Islam Salequl et al.,2020,"Utilisation, Availability and Price Changes of Medicines and Protection Equipment for COVID-19 Among Selected Regions in India: Findings and Implications.",Front Pharmacol,10.3389/fphar.2020.582154,,,,,,,,,
PM-0290,PubMed,33603491,Mohammed Solomon Ahmed; Tsega Gashaw; Hailu Abel Demerew,2021,"Self-Medication Practice and Associated Factors Among Health Care Professionals at Debre Markos Comprehensive Specialized Hospital, Northwest Ethiopia.",Drug Healthc Patient Saf,10.2147/DHPS.S290662,"INTRODUCTION: Despite self-medication empowers patients in making decisions about the management of minor illnesses independently, the prevalence among health care professionals has sharply increased throughout the world. Self-medication has negative consequences on both the health care professionals themselves and health care delivery. Hence, this study assessed self-medication practices and associated factors among health care professionals at Debre Markos Comprehensive Specialized Hospital...",,,,,,,,
PM-0291,PubMed,33572497,Siltrakool Budh; Berrou Ilhem; Griffiths David; Alghamdi Saleh,2021,"Antibiotics' Use in Thailand: Community Pharmacists' Knowledge, Attitudes and Practices.",Antibiotics (Basel),10.3390/antibiotics10020137,"Thailand spends $203 million on antibiotics every year, and patients can still access antimicrobials over the counter without a prescription. Community pharmacy plays a pivotal role in improving access and ensuring the appropriate use of antimicrobials. However, little is known about current practices in this setting. This study aims to assess Thai community pharmacists' knowledge, attitudes and practices (KAP) regarding antimicrobials' use and resistance. A cross-sectional study was conducte...",,,,,,,,
PM-0292,PubMed,33570578,Geller Andrew I; Lovegrove Maribeth C; Lind Jennifer N; Datta S Deblina; Budnitz Daniel S,2021,Assessment of Outpatient Dispensing of Products Proposed for Treatment or Prevention of COVID-19 by US Retail Pharmacies During the Pandemic.,JAMA Intern Med,10.1001/jamainternmed.2021.0299,"This cross-sectional study examines changes in the outpatient retail dispensing frequency of proposed treatments for coronavirus disease 2019 after the March 13, 2020, declaration of a national emergency due to the pandemic.",,,,,,,,
PM-0293,PubMed,33559255,Elsayed Asmaa A; Darwish Samar F; Zewail Moataz B; Mohammed Marwa; Saeed Haitham et al.,2021,Antibiotic misuse and compliance with infection control measures during COVID-19 pandemic in community pharmacies in Egypt.,Int J Clin Pract,10.1111/ijcp.14081,"BACKGROUND: Globally, antibiotics misuse by the public has been reported in the era of COVID-19, despite the discouraging instructions of the World Health Organization, especially for mild cases. OBJECTIVE: Is to describe this antibiotic misuse and its contributing factors. Also, to measure the pharmacists' application of infection preventive practices during the pandemic. METHODS: A cross-sectional study was conducted among randomly selected Egyptian community pharmacists (Center, East, Delt...",,,,,,,,
PM-0294,PubMed,33556812,Wang Jing; Gong Yanhong; Wu Jianxiong; Jiang Nan; Chen Zhenyuan et al.,2021,Antibiotic dispensing patterns and patient interventions for upper respiratory tract infections by hospitals and retail pharmacies: A cross-sectional study based on standardized patients.,Soc Sci Med,10.1016/j.socscimed.2021.113729,"Hospitals and retail pharmacies are the two main sources of antibiotics for the public. This study aimed to compare the antibiotics dispensing patterns between these two types of institutions, and to assess the impact of patient behavior on the dispensing of antibiotics. A cross-sectional survey was conducted in Hubei Province, China, from June 2015 to August 2016. Standardized patients were recruited to simulate upper respiratory tract infections (URTI), presenting three different patient st...",,,,,,,,
PM-0295,PubMed,33549503,Prosser Theresa R; Bollmeier Suzanne G,2021,Consistency of chronic obstructive pulmonary disease regimens for patients visiting community pharmacies with the Global Initiative for Chronic Obstructive Lung Disease recommendations.,J Am Pharm Assoc (2003),10.1016/j.japh.2020.12.027,"OBJECTIVE: Despite evidence-based Global Initiative for Chronic Obstructive Lung Disease (GOLD) recommendations, outcomes are poor. GOLD uses chronic obstructive pulmonary disease (COPD) assessment test (CAT) scores with exacerbation history to categorize COPD severity into A, B, C, and D severity groups. Therapy is group-specific; monotherapy/dual long-acting bronchodilators (LABDs) therapy is preferred to inhaled corticosteroids (ICS). Pharmacist-accessible data could be used to identify ev...",,,,,,,,
PM-0296,PubMed,33535695,Khan Faiz Ullah; Khan Farman Ullah; Hayat Khezar; Ahmad Tawseef; Khan Amjad et al.,2021,"Knowledge, Attitude, and Practice on Antibiotics and Its Resistance: A Two-Phase Mixed-Methods Online Study among Pakistani Community Pharmacists to Promote Rational Antibiotic Use.",Int J Environ Res Public Health,10.3390/ijerph18031320,"Antibiotic resistance (ABR) is an emerging global threat to public health. Substantial evidence has indicated that community pharmacists (CPs) can play a critical role in managing the ever-increasing threat of antibiotic resistance. This study aimed to determine the knowledge, attitude, and practices of CPs (",,,,,,,,
PM-0297,PubMed,33524230,Acharya Yubraj; Nepal Prajwol; Yang Di; Karki Kshitij; Bajracharya Deepak et al.,2021,Economic and social drivers of antibiotic dispensing practices among community pharmacies in Nepal.,Trop Med Int Health,10.1111/tmi.13555,OBJECTIVE: To assess economic and social drivers of dispensing antibiotics without prescription by community pharmacies in Nepal. METHOD: A survey was conducted among 111 pharmacy owners and managers in five districts. Information on demographic and economic characteristics of the pharmacies (e.g. revenue and profits from antibiotics) and their inclination to sell antibiotics without a physician's prescription under various scenarios (e.g. diarrhoea in a child) was collected. Univariate analy...,,,,,,,,
PM-0298,PubMed,33515133,Darwish Rula M; Baqain Ghaida N; Aladwan Hala; Salamah Lina M; Madi Rahaf et al.,2021,"Knowledge, attitudes, and practices regarding antibiotic use and resistance among community pharmacists: a cross sectional study in Jordan.",Int J Clin Pharm,10.1007/s11096-021-01234-1,"Background Antibiotic resistance is a global threat and burden on healthcare systems. One major factor contributing to this problem is inappropriate use of antibiotics, which comprises suboptimal use, misuse, abuse, and dispensing errors. Another important factor is dispensing antibiotics without medical prescription. Many studies considered pharmacists as healthcare providers accountable for this malpractice. Objectives To investigate community pharmacists' knowledge, attitudes, and practice...",,,,,,,,
PM-0299,PubMed,33500197,Sim Tin Fei; Chalmers Leanne; Czarniak Petra; Hughes Jeffery; Iacob Rebecca et al.,2021,Point-of-care C-reactive protein testing to support the management of respiratory tract infections in community pharmacy: A feasibility study.,Res Social Adm Pharm,10.1016/j.sapharm.2021.01.004,"BACKGROUND: Point-of-care (POC) C-reactive protein (CRP) testing is employed in European primary care settings to differentiate viral from bacterial respiratory tract infections (RTIs) the latter, requiring referral for antibiotics. This service has yet to be trialled in Australian community pharmacy to support over-the-counter RTI management. OBJECTIVES: To evaluate the feasibility, based on clinical and operational outcomes, of POC CRP testing to support Western Australian community pharmac...",,,,,,,,
PM-0300,PubMed,33446266,Belachew Sewunet Admasu; Hall Lisa; Selvey Linda A,2021,Non-prescription dispensing of antibiotic agents among community drug retail outlets in Sub-Saharan African countries: a systematic review and meta-analysis.,Antimicrob Resist Infect Control,10.1186/s13756-020-00880-w,"BACKGROUND: The development of antimicrobial resistance, which is partially attributable to the overuse and/or misuse of antibiotics in health care, is one of the greatest global public health challenges. In Sub-Saharan African (SSA) countries, non-prescribed dispensing of antibiotics in community drug retail outlets (CDROs) has been flagged as one of the contributing factors for the widespread misuse of antibiotics in the community. OBJECTIVE: The current review aimed to estimate the proport...",,,,,,,,
PM-0301,PubMed,33440609,Rusic Doris; Bukić Josipa; Seselja Perisin Ana; Leskur Dario; Modun Darko et al.,2021,Are We Making the Most of Community Pharmacies? Implementation of Antimicrobial Stewardship Measures in Community Pharmacies: A Narrative Review.,Antibiotics (Basel),10.3390/antibiotics10010063,"Community pharmacists recognize the need to implement antimicrobial stewardship activities in community pharmacies. They are in a unique position to provide triage for common primary care indications and to lower the burden of patients at general practitioners' offices. However, research shows that, in some areas, dispensing of antimicrobials without valid prescription is still highly prevalent. Regardless of training, every community pharmacist can give his contribution to antimicrobial stew...",,,,,,,,
PM-0302,PubMed,33343772,Alkadhimi Akram; Dawood Omar T; Hassali Mohamed A,2020,Dispensing of antibiotics in community pharmacy in Iraq: a qualitative study.,Pharm Pract (Granada),10.18549/PharmPract.2020.4.2095,"OBJECTIVE: This study aimed to understand the dispensing practice of antibiotics in community pharmacy in Iraq, in addition to explore the community pharmacists' perception about dispensing antibiotics without prescription. METHODS: A qualitative design was conducted on community pharmacists in Baghdad, Iraq. Pharmacists were selected conveniently from different gender, age group, pharmacy type and years of experience. Face-to-face semi-structure interview was used with all the pharmacists to...",,,,,,,,
PM-0303,PubMed,33335435,AlRukban Mohammed; AlRuthia Yazed; Almasaoud Majed; Al-Owairdhi Mohammad; Alsouan Anwar et al.,2020,Community Pharmacists' Views of the Enforced Antibiotics Dispensing Law and Its Impact on Oral Antibiotics Sales in Saudi Arabia.,Risk Manag Healthc Policy,10.2147/RMHP.S278404,"OBJECTIVES: The aim of this study was to explore community pharmacists' views toward the antibiotics dispensing law that was enforced in May 2018 and bans the sale of antibiotics without a prescription in community pharmacy settings in Saudi Arabia. Moreover, the potential impact of the law enforcement on the sales of oral antibiotics in Saudi Arabia was also explored. METHODS: A questionnaire-based cross-sectional study was conducted between September 2019 and March 2020 in Riyadh, Saudi Ara...",,,,,,,,
PM-0304,PubMed,33301450,Kuang Lishan; Liu Yizhuo; Wei Wei; Song Xueqing; Li Xiaoqian et al.,2020,"Non-prescription sale of antibiotics and service quality in community pharmacies in Guangzhou, China: A simulated client method.",PLoS One,10.1371/journal.pone.0243555,"OBJECTIVE: To measure the situation of the non-prescription sale of antibiotics and the service quality of community pharmacies in Guangzhou, China. METHODS: A simulated client method was conducted to estimate the non-prescription sale of antibiotics and service quality based on scenarios about adult acute upper respiratory tract infection in 2019. A total of 595 community pharmacies from 11 districts were investigated in Guangzhou, China. We used binary logistic regression to evaluate the fa...",,,,,,,,
PM-0305,PubMed,33202479,Almeleebia Tahani Musleh; Alhifany Abdullah A; Almutairi Fahdah; Alshibani Mohannad; Alhossan Abdulaziz M,2021,Regulating antimicrobial sales in Saudi Arabia: Achievements and challenges.,Int J Clin Pract,10.1111/ijcp.13833,"BACKGROUND: Antimicrobials save millions of lives annually from dying because of bacterial infections, but the rapid emergence of antimicrobial resistance (AMR) becomes a global threat. The Saudi Ministry of Health (MOH) has taken containment measures to limit the misuse of antimicrobials via implementing restrictions on dispensing without prescriptions. Hence, we aim to evaluate the impact of regulating antimicrobial sales and identify challenges that pharmacists are facing to prevent self-m...",,,,,,,,
PM-0306,PubMed,33187894,Saha Sajal K; Kong David C M; Thursky Karin; Mazza Danielle,2021,"Antimicrobial stewardship by Australian community pharmacists: Uptake, collaboration, challenges, and needs.",J Am Pharm Assoc (2003),10.1016/j.japh.2020.10.014,"OBJECTIVE: To assess community pharmacists' (CPs') awareness and uptake of evidence-based antimicrobial stewardship (AMS) strategies, attitudes toward collaboration with general practitioners (GPs), and needs to improve AMS practices. METHODS: A nationwide survey of randomly sampled community pharmacies across Australia was conducted in April-October 2019. RESULTS: The response rate of CPs was 30.7% (613 of 2000) and 592 participating CPs (96.5%) described the key barriers to and facilitators...",,,,,,,,
PM-0307,PubMed,33171743,Batista Ana Daniela; A Rodrigues Daniela; Figueiras Adolfo; Zapata-Cachafeiro Maruxa; Roque Fátima et al.,2020,Antibiotic Dispensation without a Prescription Worldwide: A Systematic Review.,Antibiotics (Basel),10.3390/antibiotics9110786,"Antibiotic resistance still remains a major global public health problem and the dispensing of antibiotics without a prescription at community pharmacies is an important driver of this. MEDLINE, Pubmed and EMBASE databases were used to search and identify studies reporting the dispensing of non-prescribed antibiotics in community pharmacies or drugstores that sell drugs for human use, by applying pharmacy interviews/questionnaires methods and/or simulated patient methods. Of the 4683 studies ...",,,,,,,,
PM-0308,PubMed,33069568,Molinero A; Carbajal de Lara J A; Cantalapiedra Fernández F; Eguilleor Villena A; Gutiérrez Ríos P et al.,2020,[Oral antibiotic request without prescription in community pharmacies. Description of pharmacists' intervention].,Semergen,10.1016/j.semerg.2020.06.025,"OBJECTIVES: To quantify the proportion of oral antibiotics requests without prescription in Community Pharmacy (CP) and to analyse it causes. METHOD: Cross-sectional multicentre study carried out in Spanish community pharmacies during 4 weeks, one in each season of the year. Oral J01 antibiotics (Anatomical Therapeutic Chemical classification, ATC) requested for self-medication were analysed. RESULTS: 247 pharmacies and 365 pharmacists participated in the study, 1172 antibiotic requests were ...",,,,,,,,
PM-0309,PubMed,33058126,Tobin E A; Atulomah N O,2020,Antibiotic Self-Medication among Adult Out-patient Clinic Attendees in Nigeria.,West Afr J Med,,"BACKGROUND AND OBJECTIVES: The study was conducted to determine the prevalence and pattern of antibiotic selfmedication and associated risk factors among out-patients clinic attendees in Edo state, Nigeria. METHODS: A cross-sectional study was conducted among 800 consenting adult attendees at the general out -patient department of five secondary and one tertiary health facilities. Data were analyzed using Statistical Package for Social Sciences. Chi-square test was used for bivariate analysis...",,,,,,,,
PM-0310,PubMed,33057611,Lelie-van der Zande Rian C; Bouvy Marcel L; Teichert And Martina,2021,Patterns of recurring dispensing of guideline antibiotics for uncomplicated urinary tract infection in women over a 5-year period: Longitudinal patterns of recurring dispensings of Dutch guideline UTI antibiotics.,Fam Pract,10.1093/fampra/cmaa110,"BACKGROUND: Urinary tract infection (UTI) is one of the most prevalent medical conditions among women seeking primary care. About 20-40% of the women have a UTI recurrence during their lifetime. OBJECTIVE: To provide insight in the patterns of recurring annual dispensing for antibiotics commonly used for UTI treatment in women, aged 18 years or older, during a 5-year follow-up period in the Netherlands. METHODS: The Dutch Foundation of Pharmaceutical statistics collects dispensing data from m...",,,,,,,,
PM-0311,PubMed,33052767,Rusic Doris; Bozic Josko; Bukic Josipa; Vilovic Marino; Tomicic Marion et al.,2021,Antimicrobial Resistance: Physicians' and Pharmacists' Perspective.,Microb Drug Resist,10.1089/mdr.2020.0272,,,,,,,,,
PM-0312,PubMed,32982509,Goswami Nikita; Dahal Prasanna; Shrestha Shakti; Kc Bhuvan; Mallik Shyam Kumar,2020,Community Pharmacy Personnel Understanding of Antibiotic Dispensing in Eastern Nepal.,Risk Manag Healthc Policy,10.2147/RMHP.S264192,"BACKGROUND: Community pharmacies are easily accessible outlets providing medicines to the general public in Nepal, but it is known that irrational dispensing of antibiotics from such outlets contributes to antimicrobial resistance. OBJECTIVE: To assess the understanding of community pharmacy personnel around antibiotic-dispensing in Eastern Nepal and the relationship between this understanding and their personal characteristics. METHODS: A cross-sectional survey was conducted on 312 pharmacy ...",,,,,,,,
PM-0313,PubMed,32974610,Nguyen Nam Vinh; Do Nga Thi Thuy; Nguyen Chuc Thi Kim; Tran Toan Khanh; Ho Phuc Dang et al.,2020,"Community-level consumption of antibiotics according to the AWaRe (Access, Watch, Reserve) classification in rural Vietnam.",JAC Antimicrob Resist,10.1093/jacamr/dlaa048,"OBJECTIVES: To review community-level consumption of antibiotics in rural Vietnam, according to the WHO Access, Watch, Reserve (AWaRe) classification of 2019, and identify factors associated with the choice of these antibiotics. METHODS: In this cross-sectional study, data on antibiotic purchases were collected through a customer exit survey of 20 community antibiotic suppliers in Ba Vi District, Hanoi, between September 2017 and July 2018. Antibiotic consumption was estimated through the num...",,,,,,,,
PM-0314,PubMed,32970720,Mboya Erick Alexander; Davies Matthew Lee; Horumpende Pius Gerald; Ngocho James Samwel,2020,Inadequate knowledge on appropriate antibiotics use among clients in the Moshi municipality Northern Tanzania.,PLoS One,10.1371/journal.pone.0239388,"BACKGROUND: Poor knowledge concerning appropriate antibiotic use significantly influences the misuse of antibiotics within the community, especially in developing countries where there are weaker health systems to regulate antibiotic dispensing. Antibiotic misuse leads to antibiotic resistance. This study assessed knowledge of appropriate antibiotic use among buyers in the Moshi municipality, Northern Tanzania. METHODS: We conducted a cross-sectional study in Moshi municipality between April ...",,,,,,,,
PM-0315,PubMed,32945697,Feng Zhitong; Hayat Khezar; Huang Zhe; Shi Li; Li Pengchao et al.,2021,"Knowledge, attitude, and practices of community pharmacy staff toward antimicrobial stewardship programs: a cross-sectional study from Northeastern China.",Expert Rev Anti Infect Ther,10.1080/14787210.2021.1826307,"BACKGROUND: Antimicrobial resistance is one of the most significant challenges of the twenty-first century, and the illegal sale of antimicrobial drugs at community pharmacies is a driver of antimicrobial resistance. This study explores the knowledge, attitudes, and practices (KAP) of pharmacy staff toward antimicrobial stewardship programs (ASPs). METHODS: We conducted a descriptive cross-sectional study among community pharmacy staff in Northeastern China, from April 1 to 31 May 2019, using...",,,,,,,,
PM-0316,PubMed,32922571,Torres Neusa F; Solomon Vernon P; Middleton Lyn E,2020,Pharmacists' practices for non-prescribed antibiotic dispensing in Mozambique.,Pharm Pract (Granada),10.18549/PharmPract.2020.3.1965,"BACKGROUND: Antibiotics are the most frequently used medicines worldwide with most of the countries defining these as prescription-only medicines. Though, dispensing non-prescribed antibiotics represent one of the chief causal factors to the irrational use of antibiotics that paves the way to the development of antimicrobial resistance. OBJECTIVE: We aimed at describing the practices and the enablers for non-prescribed antibiotic dispensing in Maputo city, Mozambique. METHODS: A qualitative s...",,,,,,,,
PM-0317,PubMed,32912015,Gillani Ali Hassan; Chang Jie; Aslam Fahmida; Saeed Amna; Shukar Sundus et al.,2021,"Public knowledge, attitude, and practice regarding antibiotics use in Punjab, Pakistan: a cross-sectional study.",Expert Rev Anti Infect Ther,10.1080/14787210.2021.1823216,"OBJECTIVES: Public awareness about antibiotics use is critical in antimicrobial resistance. We evaluated knowledge, attitudes, and practices among the general population of Punjab, Pakistan in this cross-sectional study. METHODS: We used a 50-item questionnaire to collect information on participant demographics, knowledge, and attitudes about antibiotics use and to evaluate the practices of taking antibiotics without a doctor's prescription. RESULTS: Of the 2106 participants who completed sur...",,,,,,,,
PM-0318,PubMed,32900425,Huang Yuankai; Yao Dongning; Xi Xiaoyu; Wang Yitao; Yao Wenbing,2020,"Current status of pharmacy services in primary healthcare institutions in Jiangsu Province, China.",Aust J Prim Health,10.1071/PY20038,"China is attempting to establish a pharmacy services network in primary healthcare (PHC) institutions. This study investigated the current status of pharmacy services in China. Following a conceptual framework derived from the structure-process-outcome model, a questionnaire was sent to a sample of 700 administrators, 2000 GPs, 2000 pharmacy service providers, 2000 patients with chronic diseases and 2000 patients receiving antibiotic transfusion treatment, selected using a multistage sampling...",,,,,,,,
PM-0319,PubMed,32843519,Lin Leesa; Fearon Elizabeth; Harbarth Stephan; Wang Xiaomin; Lu Chunling et al.,2020,Decisions to use antibiotics for upper respiratory tract infections across China: a large-scale cross-sectional survey among university students.,BMJ Open,10.1136/bmjopen-2020-039332,OBJECTIVES: To investigate the decision-making process of Chinese university students with respect to antibiotic use for upper respiratory tract infections (URTIs). DESIGN: A cross-sectional questionnaire study. SETTING: The participants recruited from six universities across all Chinese regions from September to November 2015. PARTICIPANTS: A total of 2834 university students sampled across six Chinese regions who self-reported experiencing symptoms of URTI within the past month completed th...,,,,,,,,
PM-0320,PubMed,32823693,Atkins Lou; Chadborn Tim; Bondaronek Paulina; Ashiru-Oredope Diane; Beech Elizabeth et al.,2020,Content and Mechanism of Action of National Antimicrobial Stewardship Interventions on Management of Respiratory Tract Infections in Primary and Community Care.,Antibiotics (Basel),10.3390/antibiotics9080512,"A major modifiable factor contributing to antimicrobial resistance (AMR) is inappropriate use and overuse of antimicrobials, such as antibiotics. This study aimed to describe the content and mechanism of action of antimicrobial stewardship (AMS) interventions to improve appropriate antibiotic use for respiratory tract infections (RTI) in primary and community care. This study also aimed to describe who these interventions were aimed at and the specific behaviors targeted for change. Evidence-...",,,,,,,,
PM-0321,PubMed,32742030,Gong Yanhong; Jiang Nan; Chen Zhenyuan; Wang Jing; Zhang Jia et al.,2020,"Over-the-counter antibiotic sales in community and online pharmacies, China.",Bull World Health Organ,10.2471/BLT.19.242370,OBJECTIVE: To determine the prevalence of and factors associated with dispensing antibiotics without a prescription in online and community pharmacies in China. METHODS: We conducted a nationwide cross-sectional study of online and community pharmacies in 27 cities and counties in nine provinces in China (selected by multistage sampling) from July 2017 to December 2018. We assessed sale of antibiotics without a prescription and quality of pharmacy services through simulated clients who asked ...,,,,,,,,
PM-0322,PubMed,32683430,Thomas Mark; Tomlin Andrew; Duffy Eamon; Tilyard Murray,2020,Reduced community antibiotic dispensing in New Zealand during 2015-2018: marked variation in relation to primary health organisation.,N Z Med J,,"AIMS: The overall rate of community antibiotic dispensing in New Zealand in recent decades has been high when compared with many other nations, but since 2015 has consistently declined each year. We aimed to determine whether the magnitude of reductions in community antibiotic dispensing in New Zealand between 2015 and 2018 differed in relation either to the patient's demographic features or in relation to the primary health organisation of the patient's registered general practitioner. METHO...",,,,,,,,
PM-0323,PubMed,32599699,Hall Jeffrey W; Bouchard Jeannette; Bookstaver P Brandon; Haldeman Matthew S; Kishimbo Peter et al.,2020,The Mbeya Antimicrobial Stewardship Team: Implementing Antimicrobial Stewardship at a Zonal-Level Hospital in Southern Tanzania.,Pharmacy (Basel),10.3390/pharmacy8020107,,,,,,,,,
PM-0324,PubMed,32568044,Lin Leesa; Harbarth Stephan; Wang Xiaomin; Zhou Xudong,2020,"Survey of Parental Use of Antimicrobial Drugs for Common Childhood Infections, China.",Emerg Infect Dis,10.3201/eid2607.190631,"In a large-scale survey of 9,526 parents in China, we investigated antimicrobial drug use for common childhood infections. Of children with self-limiting conditions, formal care was sought for 69.2%; of those, 53.4% received drug prescriptions, including 11.2% from parental demands. Where drugs were taken without prescriptions, 70% were from community pharmacies.",,,,,,,,
PM-0325,PubMed,32546276,Ban Bharat; Hodgins Stephen; Thapa Pranita; Thapa Surakschha; Joshi Deepak et al.,2020,A national survey of private-sector outpatient care of sick infants and young children in Nepal.,BMC Health Serv Res,10.1186/s12913-020-05393-1,"BACKGROUND: Previous research has documented that across South Asia, as well as in some countries in Sub-Saharan Africa, the private sector is the primary source of outpatient care for sick infants and children and, in many settings, informal providers play a bigger role than credentialed health professionals (particularly for the poorer segments of the population). This is the case in Nepal. This study sought to characterize medicine shop-based service providers in rural areas and small urba...",,,,,,,,
PM-0326,PubMed,32538928,Mandal Namita Kumari; Rauniyar Gajendra Prasad; Rai Dilli Sher; Panday Dipesh Raj; Kushwaha Ramayan et al.,2020,Self-medication Practice of Antibiotics among Medical and Dental Undergraduate Students in a Medical College in Eastern Nepal: A Descriptive Cross-sectional Study.,JNMA J Nepal Med Assoc,10.31729/jnma.4914,"INTRODUCTION: Self-medication plays significant role in the development of adverse drug reactions, antibiotic resistance, and masking of underlying diseases. Medical students have some knowledge about the use of antibiotics and have a higher chance of irrational and injudicious use. This study aims to find the prevalence of self-medication practice of antibiotics among medical and dental undergraduate students. METHODS: A descriptive cross-sectional study was done among medical and dental und...",,,,,,,,
PM-0327,PubMed,32529246,Adamu Abdu A; Gadanya Muktar A; Jalo Rabiu I; Uthman Olalekan A; Wiysonge Charles S,2020,"Factors influencing non-prescription sales of antibiotics among patent and proprietary medicine vendors in Kano, Nigeria: a cross-sectional study.",Health Policy Plan,10.1093/heapol/czaa052,"Patent and proprietary medicine vendors (PPMVs) increase access to antibiotics through non-prescription sales in their drug retail outlets. This fosters irrational antibiotic use among people, thus contributing to the growing burden of resistance. Although training programmes on antibiotic use and resistance exist, they have disproportionately targeted health workers in hospital settings. It's unclear if there is a relationship between such trainings and non-prescription sales of antibiotics ...",,,,,,,,
PM-0328,PubMed,32516001,Khan Faiz Ullah; Khan Farman Ullah; Hayat Khezar; Chang Jie; Saeed Amna et al.,2020,"Knowledge, attitude and practices among consumers toward antibiotics use and antibiotic resistance in Swat, Khyber-Pakhtunkhwa, Pakistan.",Expert Rev Anti Infect Ther,10.1080/14787210.2020.1769477,,,,,,,,,
PM-0329,PubMed,32514362,Matin Mohammad Abdul; Khan Wasif Ali; Karim Mohammad Mahbubul; Ahmed Sabeena; John-Langba Johannes et al.,2020,What influences antibiotic sales in rural Bangladesh? A drug dispensers' perspective.,J Pharm Policy Pract,10.1186/s40545-020-00212-8,"BACKGROUND: Antibiotic resistance poses a great threat to global health, especially in low- and middle-income countries with a high infectious disease burden and limited resources. In spite of regulations, antibiotics are sold in many settings as non-prescription medicines, resulting in inappropriate use and resistance. OBJECTIVE: This study aimed to investigate the current status of access and use of antibiotics in rural Bangladesh, by exploring the perspectives and sales practices of antibi...",,,,,,,,
PM-0330,PubMed,32498385,Nye Caroline; Watson Tamlin; Kubasiewicz Laura; Raw Zoe; Burden Faith,2020,"No Prescription, No Problem! A Mixed-Methods Study of Antimicrobial Stewardship Relating to Working Equines in Drug Retail Outlets of Northern India.",Antibiotics (Basel),10.3390/antibiotics9060295,"Multidrug resistance (MDR) is already occurring among some equids in India. Donkeys and mules are a mobile species moving between regions and international borders, often populating areas of India where private community pharmacies, or medical stores, are the primary healthcare provider for both humans and animals. This article highlights how the capacities of drug retail outlet workers might affect their antibiotic dispensing practices, particularly in relation to donkeys and mules, in order...",,,,,,,,
PM-0331,PubMed,32458226,Rathish Devarajan; Wickramasinghe Nuwan Darshana,2020,"Prevalence, associated factors and reasons for antibiotic self-medication among dwellers in Anuradhapura: a community-based study.",Int J Clin Pharm,10.1007/s11096-020-01065-6,"Background Antimicrobial resistance is cited as one of the leading causes for the increased morbidity and mortality in infectious diseases globally. Antibiotic misuse can accelerate the advent and spread of resistant antimicrobial strains and antibiotic self-medication is one of the main practices of antibiotic misuse. Even though plethora of evidence is available on antibiotic self-medication among health care providers, evidence derived from community-based studies are scarce. Objective We ...",,,,,,,,
PM-0332,PubMed,32442877,Wang Xiaomin; Xuan Ziming; Storella Théo H; Zhou Xudong,2020,Determinants of non-prescription antibiotic dispensing in Chinese community pharmacies from socio-ecological and health system perspectives.,Soc Sci Med,10.1016/j.socscimed.2020.113035,"Although non-prescription antibiotic dispensing (NPAD) has been officially forbidden by the Chinese government since 2004, it is still a common practice throughout the country. In this study, we use China as an example to explore the determinants of NPAD within the framework of its health system from a socio-ecological perspective. A mixed-method combining the simulated client method (SCM) and key informant interviews conducted in Zhejiang, Hubei, and Sichuan provinces was adopted. 73.3% of t...",,,,,,,,
PM-0333,PubMed,32418294,Bekoe Samuel Oppong; Ahiabu Mary-Anne; Orman Emmanuel; Tersbøl Britt Pinkowski; Adosraku Reimmel Kwame et al.,2020,Exposure of consumers to substandard antibiotics from selected authorised and unauthorised medicine sales outlets in Ghana.,Trop Med Int Health,10.1111/tmi.13442,"OBJECTIVE: To assess the quality of antibiotics sampled from authorised sales outlets (ATs) (i.e. hospitals/health centres, pharmacies and licensed chemical shops) and unauthorised sales outlets (UATs) (mainly street vendors) in Ghana and to explore the health-seeking behaviour of medicine consumers. METHODS: The contents of 14 active pharmaceutical ingredients (APIs) in 348 sampled products were determined using a validated liquid chromatography-tandem mass spectrometry (LC-MS/MS) method. Da...",,,,,,,,
PM-0334,PubMed,32417072,Abdulrahman Jairoun Ammar; Saleh Al-Hemyari Sabaa; Jairoun Maimona,2020,Antibiotics dispensing between legal idealism and implementation: Closing the implementation gap between local regulation and practice.,Res Social Adm Pharm,10.1016/j.sapharm.2020.05.001,,,,,,,,,
PM-0335,PubMed,32416475,Halboup A; Abdi A; Ahmed M; Al-Qadasi F; Othman G Q,2020,Access to antibiotics without prescription in community pharmacies in Yemen during the political conflict.,Public Health,10.1016/j.puhe.2020.03.003,"OBJECTIVES: The practice of dispensing non-prescribed antibiotics aggravates the global burden of antibiotic resistance. The objective of this study is to assess the practice of community pharmacists regarding dispensing antibiotics without a prescription based on simulated clinical scenarios. STUDY DESIGN: Cross-sectional study. METHODS: The study was performed between 15 April to 18 June 2015. Five different clinical scenarios were simulated, involving sore throat, otitis media, cough, diar...",,,,,,,,
PM-0336,PubMed,32394884,Schäfermann Simon; Hauk Cathrin; Wemakor Emmanuel; Neci Richard; Mutombo Georges et al.,2020,Substandard and Falsified Antibiotics and Medicines against Noncommunicable Diseases in Western Cameroon and Northeastern Democratic Republic of Congo.,Am J Trop Med Hyg,10.4269/ajtmh.20-0184,"Falsified and substandard medicines may undermine the progress toward the Sustainable Development Goals. The present study investigated the quality of 13 essential medicines in Cameroon and the Democratic Republic of Congo (DR Congo). Five hundred six medicine samples were collected from the government and faith-based health facilities, private pharmacies, and informal vendors (total 60 facilities). Collected samples were analyzed according to the U.S. Pharmacopeia (USP) for identity, content...",,,,,,,,
PM-0337,PubMed,32316147,Li Pengchao; Hayat Khezar; Shi Li; Lambojon Krizzia; Saeed Amna et al.,2020,"Knowledge, Attitude, and Practices of Antibiotics and Antibiotic Resistance Among Chinese Pharmacy Customers: A Multicenter Survey Study.",Antibiotics (Basel),10.3390/antibiotics9040184,"BACKGROUND: Resistance to antibiotics is one of the major global health challenges. An adequate understanding of the public regarding rational antibiotic use is a prerequisite to limit progression in antibiotic resistance. This study aimed to investigate the knowledge, attitude, and practices (KAP) of antibiotics and antibiotic resistance among customers visiting community pharmacies. METHODS: This study was undertaken in three capital cities in China during March 2019 and July 2019 by using ...",,,,,,,,
PM-0338,PubMed,32301067,Al-Tannir Mohamad; Altannir Youssef; Altannir Mustafa; AlFayyad Isamme,2020,"Community pharmacy sales of non-prescribed antibiotics in Riyadh, Saudi Arabia: a simulated patient study.",Int J Clin Pharm,10.1007/s11096-020-01033-0,"Background The increased dispensing of non-prescribed antibiotics increases the public health problem of antimicrobial resistance. In April 2018, the Saudi Ministry of Health reinforced the disciplinary regulations of banning pharmacies from selling antibiotics without a medical prescription. Objective To assess the rate of non-prescribed antibiotic sales by community pharmacies and compare it with the findings from our 2011 study. Setting Community pharmacies, Riyadh City, Saudi Arabia. Meth...",,,,,,,,
PM-0339,PubMed,32270378,Abubakar Usman; Tangiisuran Balamurugan,2020,Knowledge and practices of community pharmacists towards non-prescription dispensing of antibiotics in Northern Nigeria.,Int J Clin Pharm,10.1007/s11096-020-01019-y,"Background Non-prescription dispensing of antibiotics is common in Nigeria and this could contribute to the emergence of microbial resistance. Objectives To evaluate knowledge, perception and practices of community pharmacists towards dispensing antibiotics without prescription. Setting Community pharmacies in two cities in Northern Nigeria. Methods A prospective cross-sectional study was conducted among community pharmacists in two cities in Northern Nigeria, using a validated and pilot-test...",,,,,,,,
PM-0340,PubMed,32268530,Shi Li; Chang Jie; Liu Xiaoxi; Zhai Panpan; Hu Shuchen et al.,2020,"Dispensing Antibiotics without a Prescription for Acute Cough Associated with Common Cold at Community Pharmacies in Shenyang, Northeastern China: A Cross-Sectional Study.",Antibiotics (Basel),10.3390/antibiotics9040163,,,,,,,,,
PM-0341,PubMed,32237368,Wang Lian-Xin; Miao Qing; Xie Yan-Ming; Chen Da-Can; Sun Su-Lun et al.,2019,[Expert consensus statement on Pudilan Xiaoyan Oral Liquid in clinical practice].,Zhongguo Zhong Yao Za Zhi,10.19540/j.cnki.cjcmm.20191105.501,"Pudilan Xiaoyan Oral Liquid has effects in clearing away heat and detoxifying,and is used to treat pharynx and throat swelling caused by the syndrome of excessive heat and toxin accumulation. Its efficacy is to relieve swelling and pain( redness,swelling and hot pain). It is included in the Chinese Pharmacopoeia of 2015 Edition,and has been listed in provincial health insurance directories of Shaanxi,Jiangsu,Liaoning,Hunan,Tianjin,Xinjiang and Hebei. It has been recommended by health departme...",,,,,,,,
PM-0342,PubMed,32204383,Ashiru-Oredope Diane; Doble Anne; Thornley Tracey; Saei Ayoub; Gold Natalie et al.,2020,Improving Management of Respiratory Tract Infections in Community Pharmacies and Promoting Antimicrobial Stewardship: A Cluster Randomised Control Trial with a Self-Report Behavioural Questionnaire and Process Evaluation.,Pharmacy (Basel),10.3390/pharmacy8010044,"In England, 81% of all antibiotic prescriptions originate in primary care/community settings, of which up to 20% are thought to be inappropriate. Community pharmacies are often the first point of community contact for patients with suspected infections; providing an opportunity for community pharmacy teams to promote antimicrobial stewardship (AMS). The objective of the study was to improve the management of infections and antimicrobial stewardship in community pharmacies. The study methodolo...",,,,,,,,
PM-0343,PubMed,32148717,Saleem Zikria; Hassali Mohamed Azmi; Hashmi Furqan Khurshid; Godman Brian; Saleem Fahad,2019,Antimicrobial dispensing practices and determinants of antimicrobial resistance: a qualitative study among community pharmacists in Pakistan.,Fam Med Community Health,10.1136/fmch-2019-000138,"BACKGROUND: There are concerns with the extent of dispensing of antibiotics among community pharmacists in Pakistan often without a prescription adding to antimicrobial resistance (AMR) rates. OBJECTIVE: To explore the determinants of AMR and the pattern of antimicrobial dispensing among community pharmacists. DESIGN: In this qualitative study design, a semistructured interview guide was developed based on an in-depth review of published papers. Audio-recorded interviews with transcripts were...",,,,,,,,
PM-0344,PubMed,32110416,Koju Pramesh; Rousseau Stéphane P; Van der Putten Marc; Shrestha Archana; Shrestha Rajeev,2020,Advertisement of antibiotics for upper respiratory infections and equity in access to treatment: a cross-sectional study in Nepal.,J Pharm Policy Pract,10.1186/s40545-020-0202-1,"BACKGROUND: Pharmaceutical companies actively advertise their branded antibiotics, which influence their sales at community pharmacies. The major proportion of out of pocket health spending is on medicine; and affordability of antibiotics has always been a crucial issue in most developing countries. This study identified promotional activities adopted by pharmaceutical companies in community pharmacies and medicine shops and the affordability of selected antibiotics to clients with lowest wag...",,,,,,,,
PM-0345,PubMed,32079184,Visser J Carolina; Wibier Lisa; Kiefer Olga; Orlu Mine; Breitkreutz Jörg et al.,2020,A Pediatrics Utilization Study in The Netherlands to Identify Active Pharmaceutical Ingredients Suitable for Inkjet Printing on Orodispersible Films.,Pharmaceutics,10.3390/pharmaceutics12020164,"BACKGROUND: The use of medication in pediatrics, children aged 0-5 years, was explored so as to identify active pharmaceutical ingredients (APIs) suitable for inkjet printing on a plain orodispersible film (ODF) formulation in a pharmacy. METHODS: The database IADB.nl, containing pharmacy dispensing data from community pharmacies in the Netherlands, was used to explore medication use in the age group of 0-5 years old, based on the Anatomical Therapeutic Chemical classification code (ATC code)...",,,,,,,,
PM-0346,PubMed,32006505,Liu Jinxin,2020,Tackling the global non-prescription use of antibiotics.,Lancet Infect Dis,10.1016/S1473-3099(19)30744-3,,,,,,,,,
PM-0347,PubMed,31978180,Bahta Merhawi; Tesfamariam Sirak; Weldemariam Dawit G; Yemane Hermella; Tesfamariam Eyasu H et al.,2020,Dispensing of antibiotics without prescription and associated factors in drug retail outlets of Eritrea: A simulated client method.,PLoS One,10.1371/journal.pone.0228013,"Dispensing antibiotics without prescription is irrational and can hasten the emergence and spread of antibiotic resistance. This study aims at determining the extent of this practice and its determinants in all drug retail outlets of Eritrea. A cross-sectional simulated client method was used to conduct the study. Data was collected between July and August 2019, entered and analyzed using Statistical Package for Social Science version 22. Descriptive analysis was performed using mean (standar...",,,,,,,,
PM-0348,PubMed,31973119,Gajdács Márió; Paulik Edit; Szabó Andrea,2020,"Knowledge, Attitude and Practice of Community Pharmacists Regarding Antibiotic Use and Infectious Diseases: A Cross-Sectional Survey in Hungary (KAPPhA-HU).",Antibiotics (Basel),10.3390/antibiotics9020041,"One of the key drivers for the emergence and spread of antimicrobial resistance (AMR) is non-prudent antibiotic (AB) use, which results in selection pressure towards relevant bacteria. Community pharmacists have pivotal roles in facilitating the prudent use of ABs that have been demonstrated by several studies worldwide. The aim of our present study was to evaluate the knowledge, attitude and practice of community pharmacists related to AB use and infectious diseases in Hungary. A descriptive...",,,,,,,,
PM-0349,PubMed,31968112,Chelimo Carol; Camargo Carlos A; Morton Susan M B; Grant Cameron C,2020,Association of Repeated Antibiotic Exposure Up to Age 4 Years With Body Mass at Age 4.5 Years.,JAMA Netw Open,10.1001/jamanetworkopen.2019.17577,"IMPORTANCE: Antibiotic exposures in early life may affect weight by altering gut microbiota, potentially increasing the likelihood of childhood obesity. OBJECTIVE: To examine whether repeated antibiotic exposure by age 48 months is associated with higher body mass index (BMI) at age 54 months. DESIGN, SETTING, AND PARTICIPANTS: This research was undertaken within a prospective cohort study in New Zealand (Growing Up in New Zealand) that recruited 6853 children antenatally during 2009 to 2010....",,,,,,,,
PM-0350,PubMed,31956401,Chen Jie; Wang Yanmei; Chen Xuejie; Hesketh Therese,2020,Widespread illegal sales of antibiotics in Chinese pharmacies - a nationwide cross-sectional study.,Antimicrob Resist Infect Control,10.1186/s13756-019-0655-7,"BACKGROUND: Access to antibiotics without a prescription from retail pharmacies has been described as a major contributor to anti-microbial resistance (AMR) globally. In the context of high rates of AMR, the Chinese government has recently introduced strict policies regarding hospital antibiotic use, but the existing ban on antibiotic sales without prescription in retail pharmacies has not been strongly enforced. In 2016, a goal of prescription-only antibiotics by 2020 was announced. The obje...",,,,,,,,
PM-0351,PubMed,31872080,Miller Rosalind; Goodman Catherine,2020,Quality of tuberculosis care by pharmacies in low- and middle-income countries: Gaps and opportunities.,J Clin Tuberc Other Mycobact Dis,10.1016/j.jctube.2019.100135,"Pharmacies hold great potential to contribute meaningfully to tuberculosis (TB) control efforts, given their accessibility and extensive utilisation by communities in many high burden countries. Despite this promise, the quality of care provided by pharmacies in these settings for a range of conditions has historically been poor. This paper sets out to conceptualise the key issues surrounding quality of TB care in the low- and middle-income country pharmacy setting; examine the empirical evid...",,,,,,,,
PM-0352,PubMed,31834825,Alrasheedy Alian A; Alsalloum Muath A; Almuqbil Feras A; Almuzaini Muaath A; Aba Alkhayl Bandar S et al.,2020,The impact of law enforcement on dispensing antibiotics without prescription: a multi-methods study from Saudi Arabia.,Expert Rev Anti Infect Ther,10.1080/14787210.2020.1705156,,,,,,,,,
PM-0353,PubMed,31807035,Abduelkarem Abduelmula R; Othman Amna M; Abuelkhair Zakieh M; Ghazal Mariam M; Alzouobi Sawsan B et al.,2019,Prevalence Of Self-Medication With Antibiotics Among Residents In United Arab Emirates.,Infect Drug Resist,10.2147/IDR.S224720,BACKGROUND: Self-Medication with antibiotics is a human practice and attitude in which an individual uses antibiotics to treat self-diagnosed symptoms. The self-medication with antibiotics is a common practice among residents in the UAE. PURPOSE: The present study aimed to determine the prevalence of self-medication of antibiotics among residents in the UAE population to determine its associated risk factors and to increase awareness regarding the abuse of antibiotics. PATIENTS AND METHODS: T...,,,,,,,,
PM-0354,PubMed,31771536,Nguyen Hong Hanh; Ho Dang Phuc; Vu Thi Lan Huong; Tran Khanh Toan; Tran Thanh Do et al.,2019,"""I can make more from selling medicine when breaking the rules"" - understanding the antibiotic supply network in a rural community in Viet Nam.",BMC Public Health,10.1186/s12889-019-7812-z,"BACKGROUND: As in many other low and middle income countries (LIMCs), Vietnam has experienced a major growth in the pharmaceutical industry, with large numbers of pharmacies and drug stores, and increasing drug expenditure per capita over the past decade. Despite regulatory frameworks that have been introduced to control the dispensing and use of prescription-only drugs, including antibiotics, compliance has been reported to be strikingly low particularly in rural parts of Vietnam. This quali...",,,,,,,,
PM-0355,PubMed,31731499,Phu Doan Hoang; Giao Vu Thi Quynh; Truong Dinh Bao; Cuong Nguyen Van; Kiet Bach Tuan et al.,2019,Veterinary Drug Shops as Main Sources of Supply and Advice on Antimicrobials for Animal Use in the Mekong Delta of Vietnam.,Antibiotics (Basel),10.3390/antibiotics8040195,"In the Mekong Delta of Vietnam, small-scale poultry farmers use large amounts of antimicrobials to raise their flocks, and veterinary drug shops owners and their staff are a key source of advice to farmers on antimicrobial use (AMU). We described the network of veterinary drug shops (",,,,,,,,
PM-0356,PubMed,31721802,Chanvatik Sunicha; Donnua Siriporn; Lekagul Angkana; Kaewkhankhaeng Wanwisa; Vongmongkol Vuthiphan et al.,2019,Antibiotic use in mandarin production (Citrus reticulata Blanco) in major mandarin-producing areas in Thailand: A survey assessment.,PLoS One,10.1371/journal.pone.0225172,"BACKGROUND: Antimicrobial resistance (AMR), one of the major global threats to human security, has serious negative consequences for both health and economies. Excessive and inappropriate uses of antibiotics are the main drivers of the emergence of resistant bacterial strains. In Thailand, antibiotics have been used in citrus production since 2012 to treat citrus greening disease or Huanglongbing disease, despite no antibiotics being registered for use in mandarin. This raises concerns about ...",,,,,,,,
PM-0357,PubMed,31692864,Tuyishimire Jacques; Okoya Funmbi; Adebayo Adebisi Yusuff; Humura Fabrice; Lucero-Prisno Iii Don Eliseo,2019,Assessment of self-medication practices with antibiotics among undergraduate university students in Rwanda.,Pan Afr Med J,10.11604/pamj.2019.33.307.18139,INTRODUCTION: Antimicrobial resistance (AR) is on a rise as one of the major global public health threats. It is therefore important to assess contributory factors to the rise in the cases of resistance reported. The main objective of this study was to assess the self-medication practices with antibiotics among the University of Rwanda students in Huye Campus. METHODS: A sample of 570 students from all levels and colleges of the University of Rwanda in Huye Campus were selected using a simple...,,,,,,,,
PM-0358,PubMed,31649820,Amaha Nebyu Daniel; Weldemariam Dawit G; Abdu Nuru; Tesfamariam Eyasu H,2019,"Prescribing practices using WHO prescribing indicators and factors associated with antibiotic prescribing in six community pharmacies in Asmara, Eritrea: a cross-sectional study.",Antimicrob Resist Infect Control,10.1186/s13756-019-0620-5,"BACKGROUND: Antibiotics require more prudent prescribing, dispensing and administration than other medicines because these medicines are at a greater risk of antimicrobial resistance (AMR). Studying the current medicine use practices and factors affecting the prescribing of an antibiotic would help decision makers to draft policies that would enable a more rational use of medicines. METHODS: A prospective, descriptive, and cross-sectional study was conducted to assess the current prescribing ...",,,,,,,,
PM-0359,PubMed,31649818,Torres Neusa F; Solomon Vernon P; Middleton Lyn E,2019,Patterns of self-medication with antibiotics in Maputo City: a qualitative study.,Antimicrob Resist Infect Control,10.1186/s13756-019-0618-z,"BACKGROUND: Mozambique classifies but does not yet enforce antibiotics as prescription-only-medicine (POM) allowing the public access to a variety of antibiotics that otherwise are provided on prescription. This contributes to the growing practice of self-medication with antibiotics (SMA) which systematically exposes individuals to the risk of developing antibiotic resistance, antibiotic side effects and increases the health service costs and morbidity. This study aimed at describing the patt...",,,,,,,,
PM-0360,PubMed,31601603,Nepal Anant; Hendrie Delia; Robinson Suzanne; Selvey Linda A,2019,Survey of the pattern of antibiotic dispensing in private pharmacies in Nepal.,BMJ Open,10.1136/bmjopen-2019-032422,"OBJECTIVES: Private pharmacies are widely established in most low/middle-income countries (LMICs) including Nepal, and are often considered as a patient's first point of contact for seeking healthcare. The aim of this study was to investigate the pattern of antibiotic dispensing in private pharmacies through exit interviews with patients to review their medication information. DESIGN AND SETTING: Cross-sectional study. Data collection was carried out in 60 days at 33 randomly selected private...",,,,,,,,
PM-0361,PubMed,31592295,Jakupi Arianit; Raka Denis; Kaae Susanne; Sporrong Sofia K,2019,Culture of antibiotic use in Kosovo - an interview study with patients and health professionals.,Pharm Pract (Granada),10.18549/PharmPract.2019.3.1540,"BACKGROUND: Kosovo is a new state and has a high consumption of antibiotics in relation to other European countries. Existing quantitative studies have shown that practices exist that is not optimal when it comes to antibiotic use in Kosovo, this includes citizens' use of antibiotics, pharmacy practices of selling antibiotics without prescriptions and physicians' prescribing behaviours. To address these problems, there is a need for a deeper understanding of why antibiotics are handled in a s...",,,,,,,,
PM-0362,PubMed,31588042,Chang Jie; Xu Sen; Zhu Shan; Li Zongjie; Yu Jiale et al.,2019,Assessment of non-prescription antibiotic dispensing at community pharmacies in China with simulated clients: a mixed cross-sectional and longitudinal study.,Lancet Infect Dis,10.1016/S1473-3099(19)30324-X,"BACKGROUND: Non-prescription dispensing of antibiotics at community pharmacies is a major driver of antimicrobial resistance. China has regarded curbing non-prescription sales of antibiotics at community pharmacies as an important task for tackling antibiotics resistance and planned to eliminate this practice nationwide before 2020. We aimed to quantify non-prescription dispensing of antibiotics cross-sectionally at community pharmacies in China in 2017, and longitudinally (2011-17) in a sing...",,,,,,,,
PM-0363,PubMed,31588041,Kalungia Aubrey; Godman Brian,2019,Implications of non-prescription antibiotic sales in China.,Lancet Infect Dis,10.1016/S1473-3099(19)30408-6,,,,,,,,,
PM-0364,PubMed,31548165,Atif Muhammad; Asghar Saima; Mushtaq Irem; Malik Iram,2020,"Community pharmacists as antibiotic stewards: A qualitative study exploring the current status of Antibiotic Stewardship Program in Bahawalpur, Pakistan.",J Infect Public Health,10.1016/j.jiph.2019.07.003,"BACKGROUND: The World Health Organization released a Global Action Plan to overcome the threatening concerns of antibacterial resistance. One of the cornerstones of this plan is the Antibiotic Stewardship Program (ASP). The study aimed to assess the community pharmacists' knowledge, perceptions and current practices regarding ASP. METHODS: A qualitative study was conducted in Bahawalpur, Pakistan, in which data were collected from the community pharmacists through in-depth, semi-structured in...",,,,,,,,
PM-0365,PubMed,31501016,Asghar Saima; Atif Muhammad; Mushtaq Irem; Malik Iram; Hayat Khezar et al.,2020,Factors associated with inappropriate dispensing of antibiotics among non-pharmacist pharmacy workers.,Res Social Adm Pharm,10.1016/j.sapharm.2019.09.003,"BACKGROUND: Pharmacies are a primary source of healthcare services in low and middle income countries, especially where patient to physician ratio is low. Due to the wide variability in the training of pharmacy workers, inappropriate antibiotic dispensing is common, which increases the risk of poor therapeutic outcomes and antibiotic resistance. OBJECTIVES: This study aims to understand the factors that drive the inappropriate dispensing of antibiotics among pharmacy workers in Bahawalpur, Pa...",,,,,,,,
PM-0366,PubMed,31489183,Muloi Dishon; Fèvre Eric M; Bettridge Judy; Rono Robert; Ong'are Daniel et al.,2019,"A cross-sectional survey of practices and knowledge among antibiotic retailers in Nairobi, Kenya.",J Glob Health,10.7189/jogh.09.020412,"BACKGROUND: Antimicrobial resistance (AMR) driven by antibiotic consumption is a growing global health threat. However, data on antimicrobial consumption patterns in low- and middle-income countries (LMICs) is sparse. Here, we investigate the patterns of antibiotic sales in humans and livestock in urban Nairobi, Kenya, and evaluate the level of awareness and common behaviours related to antibiotic use and AMR amongst human and veterinary pharmacists. METHODS: A total of 40 human and 19 veteri...",,,,,,,,
PM-0367,PubMed,31474527,Klepser Donald G; Klepser Michael E; Murry Janice S; Borden Hamilton; Olsen Keith M,2019,Evaluation of a community pharmacy-based influenza and group A streptococcal pharyngitis disease management program using polymerase chain reaction point-of-care testing.,J Am Pharm Assoc (2003),10.1016/j.japh.2019.07.011,OBJECTIVES: The purpose of this study was to demonstrate the feasibility of implementing a Clinical Laboratory Improvement Amendments-waived real-time polymerase chain reaction (PCR) molecular test into a community pharmacy setting as part of a collaborative influenza and group A Streptococcus (GAS) disease management program. SETTING AND PARTICIPANTS: Two community pharmacy sites in Tennessee. PRACTICE DESCRIPTION: Patients presenting to the pharmacy with symptoms consistent with influenza o...,,,,,,,,
PM-0368,PubMed,31417682,Bertoldi Andréa Dâmaso; Wagner Anita K; Emmerick Isabel Cristina Martins; Chaves Luisa Arueira; Stephens Peter et al.,2019,The Brazilian private pharmaceutical market after the first ten years of the generics law.,J Pharm Policy Pract,10.1186/s40545-019-0179-9,"OBJECTIVES: To describe changes in the private market for selected originators, branded generics (' METHODS: We analyzed longitudinal data collected by IQVIA® on quarterly sales by wholesalers to retail pharmacies in Brazil from 1998 through 2010, grouped by originators, branded generics, and generic products in three therapeutic classes (antibiotics, antidiabetics, and antihypertensives). Outcomes included market share (proportion of the total private market volume), sales volume per capita,...",,,,,,,,
PM-0369,PubMed,31402065,Oliveira de Sousa Francisco Fábio; Monteiro Mirian,2020,"[Perception of self-medication with antibiotics in pharmacies of Fortaleza, Brazil].",Aten Primaria,10.1016/j.aprim.2019.06.006,,,,,,,,,
PM-0370,PubMed,31346460,Koji Eyosait Mekonnen; Gebretekle Gebremedhin Beedemariam; Tekle Tinsae Alemayehu,2019,"Practice of over-the-counter dispensary of antibiotics for childhood illnesses in Addis Ababa, Ethiopia: a simulated patient encounter study.",Antimicrob Resist Infect Control,10.1186/s13756-019-0571-x,"BACKGROUND: Dispensary and use of antibiotics without prescriptions from qualified providers is a common practice in countries with poor pharmaceutical regulations and where due focus is not given to rational use. This practice is a main factor for the spread of antimicrobial resistance due to its non-reliance on pre-treatment microbiologic work-up, improper indications and dosing errors. This study was conducted to determine the rate of over-the-counter dispensary of antibiotics for common c...",,,,,,,,
PM-0371,PubMed,31190922,Haque Mainul; Rahman Nor Azlina A; McKimm Judy; Kibria Golam Mohammad; Azim Majumder Md Anwarul et al.,2019,Self-medication of antibiotics: investigating practice among university students at the Malaysian National Defence University.,Infect Drug Resist,10.2147/IDR.S203364,,,,,,,,,
PM-0372,PubMed,31182071,Ateshim Yonatan; Bereket Batseba; Major Feruz; Emun Youel; Woldai Biruck et al.,2019,"Prevalence of self-medication with antibiotics and associated factors in the community of Asmara, Eritrea: a descriptive cross sectional survey.",BMC Public Health,10.1186/s12889-019-7020-x,"BACKGROUND: Development of drug resistance caused by self-medication with antibiotics, can be seen as one of the growing global threats. Self-medication is defined as the selection and use of medicines by individuals to treat self-recognized illnesses or symptoms. The purpose of this study is to assess the practice of self-medication with antibiotics and associated factors among the community of Asmara, Eritrea. METHODS: This was a community based descriptive cross-sectional study conducted i...",,,,,,,,
PM-0373,PubMed,31142446,Kaae Susanne; Ghazaryan Lilit; Pagava Karaman; Korinteli Irma; Makalkina Larissa et al.,2020,"The antibiotic knowledge, attitudes and behaviors of patients, doctors and pharmacists in the WHO Eastern European region - a qualitative, comparative analysis of the culture of antibiotic use in Armenia, Georgia, Kazakhstan, Moldova, Russia and Tajikistan.",Res Social Adm Pharm,10.1016/j.sapharm.2019.05.014,"BACKGROUND: To reduce antimicrobial resistance (AMR), initiatives such as surveillance activities and activities to increase knowledge about how and why antibiotics (ABs) are (mis)used are needed. More surveillance systems are in place in the WHO Western European region than in the Eastern region, and only sparse knowledge exists about the current culture of AB use in the Eastern European countries. OBJECTIVE: To investigate AB knowledge, attitudes and behaviors in countries in the WHO Easter...",,,,,,,,
PM-0374,PubMed,31111612,Hallit Souheil; Zahreddine Lama; Saleh Nadine; Shakaroun Shadia; Lahoud Nathalie,2020,Practice of parents and pharmacists regarding antibiotics use in pediatrics: A 2017 cross-sectional study in Lebanese community pharmacies.,J Eval Clin Pract,10.1111/jep.13165,"OBJECTIVES: To assess practices of community pharmacists towards prescribing or dispensing antibiotics without prescription to children, determine obstacles that stand in the way of best practices, and determine whether parents misuse antibiotics when administering them to their children. METHODS: A cross-sectional study, conducted between June 2017 and August 2017 on a random sample of community pharmacies, enrolled 202 community pharmacists and 204 parents. RESULTS: A total of 84.6% of phar...",,,,,,,,
PM-0375,PubMed,31086618,Mboya Erick Alexander; Sanga Leah Anku; Ngocho James Samwel,2018,Irrational use of antibiotics in the Moshi Municipality Northern Tanzania: a cross sectional study.,Pan Afr Med J,10.11604/pamj.2018.31.165.15991,"INTRODUCTION: Irrational use of antibiotics includes prescription of incorrect doses, self-medication and treatment of non-bacterial illness. As a direct consequence of irrational antibiotic use, resistance to the commonly available antibiotics has been increasing rapidly. This phenomenon is associated with poorer health outcomes, longer hospitalization, increased cost to both the patient and government, and increased mortality. The aim of this study was to determine the prevalence of, and ex...",,,,,,,,
PM-0376,PubMed,31080686,Damisie Getahun; Hambisa Solomon; Yimam Mohammed,2019,"Over the Counter Sale of Antibiotics at Drug Stores Found in Mizan-Aman Town, Southwest Ethiopia: A Cross-Sectional Simulated Client Visit Study.",J Pharm (Cairo),10.1155/2019/3510659,"BACKGROUND: Antibiotics are crucial drugs, particularly in the developing world, where infectious diseases are a common cause of death. Misuse and overuse of antibiotics have driven the emergency of antibiotic-resistant bacteria, which in turn leads to a loss of efficacy of these drugs. This study aimed to assess the professional practice on OTC sale of antibiotics at community drug retail outlets found in Mizan-Aman town. METHODS: A cross-sectional simulated client visit study was conducted ...",,,,,,,,
PM-0377,PubMed,31053122,Hall Gillian; Cork Tania; White Simon; Berry Hayley; Smith Louise,2019,"Evaluation of a new patient consultation initiative in community pharmacy for ear, nose and throat and eye conditions.",BMC Health Serv Res,10.1186/s12913-019-4125-y,"BACKGROUND: Community pharmacy Common Ailments Services can ease the considerable workload pressures on primary and secondary care services. However, evidence is needed to determine whether there are benefits of extending such services beyond their typically limited scope. This study therefore aimed to evaluate a new community pharmacy model of a service for patients with ear, nose and throat (ENT) and eye conditions who would otherwise have had to seek primary care appointments or emergency ...",,,,,,,,
PM-0378,PubMed,31034528,Haddadin Randa N; Alsous Mervat; Wazaify Mayyada; Tahaineh Linda,2019,Evaluation of antibiotic dispensing practice in community pharmacies in Jordan: A cross sectional study.,PLoS One,10.1371/journal.pone.0216115,It is well known that the emergence of antibiotic resistance is linked to the misuse and overuse of antibiotics. Misuse includes self-medication and the inappropriate use of antibiotics because of improper dosage or improper duration than recommended. This study investigated three patterns of dispensing antibiotics in a sample of community pharmacies in Jordan. This included dispensing antibiotics by prescription or over-the-counter either by direct request or upon a pharmacist's recommendati...,,,,,,,,
PM-0379,PubMed,31022197,Zawahir Shukry; Lekamwasam Sarath; Aslani Parisa,2019,A cross-sectional national survey of community pharmacy staff: Knowledge and antibiotic provision.,PLoS One,10.1371/journal.pone.0215484,"BACKGROUND: Pharmacists' knowledge about the clinical and legal aspects of antibiotic supply has an impact on appropriate dispensing practice. There are limited studies evaluating community pharmacists' knowledge of antibiotic dispensing in low and middle-income countries, including Sri Lanka. We aimed (i) to evaluate community pharmacy staff's self-reported knowledge about antibiotics and dispensing behaviour of antibiotics without a prescription, and (ii) to identify possible factors impact...",,,,,,,,
PM-0380,PubMed,30988635,Atif Muhammad; Asghar Saima; Mushtaq Irem; Malik Iram; Amin Anum et al.,2019,"What drives inappropriate use of antibiotics? A mixed methods study from Bahawalpur, Pakistan.",Infect Drug Resist,10.2147/IDR.S189114,"PURPOSE: This study investigates the knowledge, attitudes and practices of the general public regarding the use of antibiotics in community pharmacy, in Pakistan. METHODS: This is a mixed method study where data were collected through a validated questionnaire and semi-structured interviews. Convenience sampling techniques were used to recruit participants from the general public of Bahawalpur, Pakistan who visited pharmacies to purchase antibiotics between 1 June 2018 and 31 July 2018. Descr...",,,,,,,,
PM-0381,PubMed,30976387,Zawahir Shukry; Lekamwasam Sarath; Aslani Parisa,2019,Community pharmacy staff's response to symptoms of common infections: a pseudo-patient study.,Antimicrob Resist Infect Control,10.1186/s13756-019-0510-x,BACKGROUND: Inappropriate over-the-counter supply of antibiotics in pharmacies for common infections is recognised as a source of antibiotic misuse that can worsen the global burden of antibiotic resistance. OBJECTIVES: To assess responses of community pharmacy staff to pseudo-patients presenting with symptoms of common infections and factors associated with such behaviour. METHODS: A cross-sectional pseudo-patient study was conducted from Jan-Sept 2017 among 242 community pharmacies in Sri L...,,,,,,,,
PM-0382,PubMed,30975670,Chai Jing; Coope Caroline; Cheng Jing; Oliver Isabel; Kessel Anthony et al.,2019,"Cross-sectional study of the use of antimicrobials following common infections by rural residents in Anhui, China.",BMJ Open,10.1136/bmjopen-2018-024856,"OBJECTIVE: To describe help seeking behaviour from a medical doctor and antimicrobial use for common infections among rural residents of Anhui province, China. DESIGN: A cross-sectional retrospective household survey. SETTING: 12 administrative villages from rural Anhui, China. PARTICIPANTS: 2760 rural residents selected through cluster-randomised sampling using an interviewer administered questionnaire. METHOD: Logistic regression models were used to estimate associations between exposures (...",,,,,,,,
PM-0383,PubMed,30968033,Truong Dinh Bao; Doan Hoang Phu; Doan Tran Vinh Khanh; Nguyen Van Cuong; Bach Tuan Kiet et al.,2019,Assessment of Drivers of Antimicrobial Usage in Poultry Farms in the Mekong Delta of Vietnam: A Combined Participatory Epidemiology and Q-Sorting Approach.,Front Vet Sci,10.3389/fvets.2019.00084,"In the Mekong Delta of Vietnam, poultry farmers use high amounts of antimicrobials, but little is known about the drivers that influence this usage. We aimed to identify these drivers using a novel approach that combined participatory epidemiology (PE) and Q-sorting (a methodology that allows the analysis of the subjectivity of individuals facing a common phenomenon). A total of 26 semi-structured collective interviews were conducted with 125 farmers representative of the most common farming ...",,,,,,,,
PM-0384,PubMed,30939797,Abdelaziz Abdullah I; Tawfik Abdelrahman G; Rabie Khaled A; Omran Mohamad; Hussein Mustafa et al.,2019,Quality of Community Pharmacy Practice in Antibiotic Self-Medication Encounters: A Simulated Patient Study in Upper Egypt.,Antibiotics (Basel),10.3390/antibiotics8020035,"Antibiotic misuse, either by patients or healthcare professionals, is one of the major contributing factors to antimicrobial resistance. In many Middle Eastern countries including Egypt, there are no strict regulations regarding antibiotic dispensing by community pharmacies. In this study, we examined antibiotic dispensing patterns in Egyptian community pharmacies. About 150 community pharmacies were randomly chosen using convenience sampling from the five most populous urban districts of Min...",,,,,,,,
PM-0385,PubMed,30901103,Aziz Muhammad Majid; Fang Yu,2019,Pakistan should immediately curb the sale of non-prescribed antibiotics from community pharmacies.,Int J Health Plann Manage,10.1002/hpm.2765,,,,,,,,,
PM-0386,PubMed,30868792,Hussain Rizwana; Rashidian Arash; Hafeez Assad,2019,"A Survey On Household Storage Of Medicines In Punjab, Pakistan.",J Ayub Med Coll Abbottabad,,"BACKGROUND: Household storage of medicines is a world-wide practice that triggers the irrational use of medicines and consequent threats. The purpose of this research is to explore sources of medicines availability, utilization and reasons of medicines storage in household.. METHODS: A community-based survey was performed on 900 households in five districts of Punjab, Pakistan from 1st February to 2nd March, 2016. Data was collected through employing a pretested questionnaire, the World Healt...",,,,,,,,
PM-0387,PubMed,30829213,Khan Mehwish; Rehman Hina; Naveed Safila; Zaidi Syed Faisal; Ayaz Sultan et al.,2019,Chewable cough tablets with improved palatability: A comparative phase II clinical trial.,Pak J Pharm Sci,,Cough is the common disease condition which affects patients of every age. Numerous OTC medications available in community pharmacies however no antiviral treatment and even antibiotics has been shown to be effective without pre-existing lung infection. The treatment approach of medicinal herbs has been recognized for many decades and even longer for the treatment and prevention of cough. The aim of this study was to evaluate the safety and efficacy of Mukalbion poly herbal chewable tablets f...,,,,,,,,
PM-0388,PubMed,30818373,Elong Ekambi Grace-Ange; Okalla Ebongue Cécile; Penda Ida Calixte; Nnanga Nga Emmanuel; Mpondo Mpondo Emmanuel et al.,2019,"Knowledge, practices and attitudes on antibiotics use in Cameroon: Self-medication and prescription survey among children, adolescents and adults in private pharmacies.",PLoS One,10.1371/journal.pone.0212875,"Benefits of antibiotics are threatened by the self-medication, people's lack of knowledge and inappropriate use of antibiotics, especially in developing countries. This study was designed to determine knowledge; attitudes and practices toward antibiotics use in an urban community, and evaluate the factors that are associated with antibiotic use. Between January and March 2015, a cross sectional and prospective study was conducted in all pharmacies within the Douala IV health district, Cameroo...",,,,,,,,
PM-0389,PubMed,30782763,Rousham Emily K; Islam Mohammad Aminul; Nahar Papreen; Lucas Patricia Jane; Naher Nahitun et al.,2019,Pathways of antibiotic use in Bangladesh: qualitative protocol for the PAUSE study.,BMJ Open,10.1136/bmjopen-2018-028215,"INTRODUCTION: Global actions to reduce antimicrobial resistance (AMR) include optimising the use of antimicrobial medicines in human and animal health. In countries with weak healthcare regulation, this requires a greater understanding of the drivers of antibiotic use from the perspective of providers and consumers. In Bangladesh, there is limited research on household decision-making and healthcare seeking in relation to antibiotic use and consumption for humans and livestock. Knowledge is s...",,,,,,,,
PM-0390,PubMed,30717512,Ma Kun; Li Min; Wang Kai-Li; Xie Yan-Ming; Zhang Jun-Hua et al.,2018,[Clinical application evaluation and revision suggestions of clinical practice guideline on traditional Chinese medicine therapy alone or combined with antibiotics for pelvic inflammatory disease].,Zhongguo Zhong Yao Za Zhi,10.19540/j.cnki.cjcmm.20181009.002,"To evaluate the clinical application of clinical practice guideline on traditional Chinese medicine therapy alone or combined with antibiotics for pelvic inflammatory disease and provide reference for the revision of the Guideline. Questionnaire research was conducted from applicability and application evaluation. A total of 1 311 copies of valid questionnaires were obtained, including 717 questionnaires on applicability evaluation and 594 questionnaires on application evaluation. There were ...",,,,,,,,
PM-0391,PubMed,30651976,Erku Daniel Asfaw; Aberra Sisay Yifru,2019,Correction to: Non-prescribed sale of antibiotics for acute childhood diarrhea and upper respiratory tract infection in community pharmacies: a 2 phase mixed-methods study.,Antimicrob Resist Infect Control,10.1186/s13756-018-0458-2,[This corrects the article DOI: 10.1186/s13756-018-0389-y.].,,,,,,,,
PM-0392,PubMed,30637034,Ibrahim Inas R; Palaian Subish; Ibrahim Mohamed I,2018,"Assessment of diarrhea treatment and counseling in community pharmacies in Baghdad, Iraq: A simulated patient study.",Pharm Pract (Granada),10.18549/PharmPract.2018.04.1313,"BACKGROUND: Because community pharmacists are the most accessible healthcare professionals, they are often involved in managing minor ailments within the community setting. OBJECTIVE: This study evaluated the community pharmacists' history taking practice, medicine dispensing and advice in response to acute diarrhea. METHODS: Authors conducted a simulated-patient study in 75 community pharmacies in Baghdad, Iraq from February to May 2015. The female simulated-patient complained of acute diarr...",,,,,,,,
PM-0393,PubMed,32131711,Darj Elisabeth; Newaz Md Shah; Zaman Muhammad Hamid,2019,"Pharmacists' perception of their challenges at work, focusing on antimicrobial resistance: a qualitative study from Bangladesh.",Glob Health Action,10.1080/16549716.2020.1735126,,,,,,,,,
PM-0394,PubMed,30563527,Tufa Takele Beyene; Gurmu Feraol; Beyi Ashenafi Feyisa; Hogeveen Henk; Beyene Tariku Jibat et al.,2018,Veterinary medicinal product usage among food animal producers and its health implications in Central Ethiopia.,BMC Vet Res,10.1186/s12917-018-1737-0,"BACKGROUND: Antimicrobials and anthelmintics are the most commonly used veterinary drugs to control animal diseases. However, widespread use of these drugs could contribute to the emergence of drug resistance. Information on the practice of antimicrobial usage among food animal raising communities in Central Ethiopia is scarce. We used a standardised questionnaire survey to assess knowledge, awareness, and practices related to drug use and resistance in food animals among the farmers in and a...",,,,,,,,
PM-0395,PubMed,30509267,Alhomoud Faten; Almahasnah Reem; Alhomoud Farah Kais,2018,"""You could lose when you misuse"" - factors affecting over-the-counter sale of antibiotics in community pharmacies in Saudi Arabia: a qualitative study.",BMC Health Serv Res,10.1186/s12913-018-3753-y,"BACKGROUND: The sale of antibiotics without a prescription poses a global public health concern. Antibiotics dispensed without a prescription are largely recognised as a cause of antibiotic misuse and overuse which may result in antibiotic resistance, recurrent infection, increased cost and adverse effects of treatment. There have been no qualitative studies to explore the reasons for over-the-counter (OTC) sale of antibiotics, despite the fact that non-prescription sale of antibiotics are in...",,,,,,,,
PM-0396,PubMed,30487503,Sattar S; Quddus R; Saha S K,2018,Pattern of Self-Medication Practices among Rural Population of Mymensingh.,Mymensingh Med J,,"Self-medication is widely practiced in both developed and developing countries and an age old practice. Inappropriate self-medication results in increases resistance of pathogens, wastage of resources and serious health hazards. Present study was conducted to determine the pattern of self-medication practices among rural population. This cross-sectional study was carried out at community pharmacies in a rural area of Mymensingh district, Bangladesh from January 2017 to June 2017. Self-medicat...",,,,,,,,
PM-0397,PubMed,30462700,Horumpende Pius G; Sonda Tolbert B; van Zwetselaar Marco; Antony Magreth L; Tenu Filemon F et al.,2018,"Prescription and non-prescription antibiotic dispensing practices in part I and part II pharmacies in Moshi Municipality, Kilimanjaro Region in Tanzania: A simulated clients approach.",PLoS One,10.1371/journal.pone.0207465,"Antibiotic dispensing without a prescription poses a threat to public health as it leads to excessive antibiotic consumption. Inappropriate antibiotic availability to the community has been documented to be amongst drivers of antimicrobial resistance emergence. Community pharmacies are a source of antibiotics in low and middle-income countries (LMICs). We aimed at assessing antibiotic dispensing practices by community pharmacy retailers in Moshi urban, Kilimanjaro, Tanzania and recommend inte...",,,,,,,,
PM-0398,PubMed,30425536,Davoudi-Monfared Effat; Khalili Hossein,2018,The threat of carbapenem-resistant gram-negative bacteria in a Middle East region.,Infect Drug Resist,10.2147/IDR.S176049,"Data on the status of carbapenem-resistant microorganisms in the Middle East countries are scarce. The aim of this review was to collect available data regarding resistance to carbapenems in a Middle East region. Available data regarding carbapenem-resistant isolates were considered for evaluation in this review. Biomedical electronic databases were systematically searched to find related articles. The key terms used were ""carbapenem-resistant, resistant gram-negative bacilli, ",,,,,,,,
PM-0399,PubMed,30417847,Awosan K J; Ibitoye P K; Abubakar A K,2018,"Knowledge, risk perception and practices related to antibiotic resistance among patent medicine vendors in Sokoto metropolis, Nigeria.",Niger J Clin Pract,10.4103/njcp.njcp_69_18,"BACKGROUND: Resistance to antibiotics is now a serious threat to global health, and inappropriate use of drugs has been identified as a major contributing factor in the developing countries. OBJECTIVES: The aim of this study is to assess the knowledge, risk perception, and practices related to antibiotic resistance among patent medicine vendors (PMVs) in Sokoto metropolis, Nigeria. MATERIALS AND METHODS: A cross-sectional study was conducted among 200 PMVs selected by multi-stage sampling tec...",,,,,,,,
PM-0400,PubMed,30395222,Zapata-Cachafeiro Maruxa; Piñeiro-Lamas María; Guinovart María C; López-Vázquez Paula; Vázquez-Lago Juan Manuel et al.,2019,Magnitude and determinants of antibiotic dispensing without prescription in Spain: a simulated patient study.,J Antimicrob Chemother,10.1093/jac/dky440,"OBJECTIVES: Excessive and inappropriate use of antibiotics increases antimicrobial resistance. The aim of this study was to determine the magnitude and determinants of antibiotic dispensing without prescription in Spain by the simulated patient technique. METHODS: A cross-sectional study was conducted with all the pharmacies in a region of north-west Spain (n = 977), between December 2016 and January 2017. Four actors visited the pharmacies simulating a respiratory infection. Four incremental...",,,,,,,,
PM-0401,PubMed,30388895,Zakaa El-Din Mohamed; Samy Fatma; Mohamed Alaa; Hamdy Fatma; Yasser Salwa et al.,2019,Egyptian community pharmacists' attitudes and practices towards antibiotic dispensing and antibiotic resistance; a cross-sectional survey in Greater Cairo.,Curr Med Res Opin,10.1080/03007995.2018.1544119,"BACKGROUND: Antibiotic resistance is an increasing worldwide crisis. In Egypt, it is prohibited by law to dispense antibiotics with no prescription; however, there are no active and enforced governmental policies and laws to regulate such a process. This has led to increased antibiotic dispensing and consumption. AIMS: To assess some basic knowledge and attitudes towards antibiotic resistance and the practice of antibiotic dispensing among Egyptian community pharmacists in Greater Cairo. METH...",,,,,,,,
PM-0402,PubMed,30332450,Farooqui Habib Hasan; Selvaraj Sakthivel; Mehta Aashna; Heymann David L,2018,Community level antibiotic utilization in India and its comparison vis-à-vis European countries: Evidence from pharmaceutical sales data.,PLoS One,10.1371/journal.pone.0204805,"India was the largest consumer of antibiotics in 2010 in the world. Evidence suggests that countries with high per-capita antibiotic consumption have higher rates of antibiotic resistance. To control antibiotic resistance, not only reduction in antibiotic consumption is required, socio-economic factors like access to clean water and sanitation, regulation of private healthcare sector and better governance are equally important. The key objective of this research was to investigate the five ye...",,,,,,,,
PM-0403,PubMed,30312654,Sakeena M H F; Bennett Alexandra A; McLachlan Andrew J,2018,Non-prescription sales of antimicrobial agents at community pharmacies in developing countries: a systematic review.,Int J Antimicrob Agents,10.1016/j.ijantimicag.2018.09.022,Antimicrobial resistance (AMR) is a global challenge. Developing countries are more vulnerable to the consequences of AMR than developed nations because of complex issues pertaining to the nature of their healthcare systems. Inappropriate antimicrobial drug use and the unrestricted availability of antimicrobial agents in community pharmacies in developing countries can contribute to the emergence of resistant microbes. The aim of this systematic review was to explore the availability of antim...,,,,,,,,
PM-0404,PubMed,30298811,Kuijpers Laura Maria Francisca; Gryseels Charlotte; Uk Sambunny; Chung Panha; Bory Sotharith et al.,2018,Enteric Fever in Cambodia: Community Perceptions and Practices Concerning Disease Transmission and Treatment.,Am J Trop Med Hyg,10.4269/ajtmh.18-0432,"Enteric fever is a systemic bacterial infection in humans that is endemic in Cambodia and for which antibiotic resistance is increasingly reported. To guide public health programs, this qualitative study sought to explore community perceptions on transmission and treatment. Participant observation was carried out in hospital settings, pharmacies, and at a community level in Phnom Penh. In-depth interviews 39 and one focus group discussion were carried out with blood culture-confirmed enteric ...",,,,,,,,
PM-0405,PubMed,30219916,Dering-Anderson Allison M; Adams Alex J,2018,Improving access to appropriate post-exposure doxycycline for Lyme disease prophylaxis: role for community pharmacies.,J Antimicrob Chemother,10.1093/jac/dky361,"The transmission of Borrelia burgdorferi to humans through tick bites results in Lyme disease. Appropriate therapy for Lyme disease is antibacterial drugs, most often doxycycline. Patients often approach community pharmacists for self-care assistance with the symptoms of Lyme disease: fever, headache, fatigue and skin rash. Pharmacists with the patient history are trained and capable of appropriately dispensing doxycycline to treat these patients and prevent the spread of infection to the joi...",,,,,,,,
PM-0406,PubMed,30170573,Chowdhury Fahmida; Sturm-Ramirez Katharine; Mamun Abdullah Al; Iuliano A Danielle; Chisti Mohammod Jobayer et al.,2018,"Effectiveness of an educational intervention to improve antibiotic dispensing practices for acute respiratory illness among drug sellers in pharmacies, a pilot study in Bangladesh.",BMC Health Serv Res,10.1186/s12913-018-3486-y,"BACKGROUND: Inappropriate dispensing of antibiotics for acute respiratory illness (ARI) is common among drug sellers in Bangladesh. In this study, we evaluated the impact of an educational intervention to promote guidelines for better ARI management among drug sellers. METHODS: From June 2012 to December 2013, we conducted baseline and post-intervention surveys on dispensing practices in 100 pharmacies within Dhaka city. In these surveys, drug sellers participated in 6 standardized role-playi...",,,,,,,,
PM-0407,PubMed,30147983,Mamo Sara; Ayele Yohanes; Dechasa Mesay,2018,"Self-Medication Practices among Community of Harar City and Its Surroundings, Eastern Ethiopia.",J Pharm (Cairo),10.1155/2018/2757108,"PURPOSE: Self-medication practice is often associated with irrational medication use. The aim of this study was to assess self-medication practices among community of Harar City and its surroundings, Eastern Ethiopia. METHODS: A cross-sectional study was conducted through exit interview in selected drug outlets of Harar City among 370 clients from March to April, 2017. The data was coded and entered into epi-data and processed and analyzed using SPSS version 20. RESULTS: Many participants pra...",,,,,,,,
PM-0408,PubMed,30142902,Jamshed Shazia; Padzil Fadzlan; Shamsudin Siti Hadijah; Bux Siti Halimah; Jamaluddin Abdul Aziz et al.,2018,Antibiotic Stewardship in Community Pharmacies: A Scoping Review.,Pharmacy (Basel),10.3390/pharmacy6030092,"The increase in antibiotic resistance has frequently been linked to unrestrained antibiotic dispensing. This review was conducted to mainly assess the perception and attitudes of community pharmacists towards antibiotic dispensing. This scoping review was performed between June 2016 and September 2016 to identify published studies related to the perception and attitudes of community pharmacists towards antibiotic dispensing. The combination of terms such as 'antibiotic dispensing', 'antimicro...",,,,,,,,
PM-0409,PubMed,30137509,Lovegrove Maribeth C; Geller Andrew I; Fleming-Dutra Katherine E; Shehab Nadine; Sapiano Mathew R P et al.,2019,"US Emergency Department Visits for Adverse Drug Events From Antibiotics in Children, 2011-2015.",J Pediatric Infect Dis Soc,10.1093/jpids/piy066,"BACKGROUND: Antibiotics are among the most commonly prescribed medications for children; however, at least one-third of pediatric antibiotic prescriptions are unnecessary. National data on short-term antibiotic-related harms could inform efforts to reduce overprescribing and to supplement interventions that focus on the long-term benefits of reducing antibiotic resistance. METHODS: Frequencies and rates of emergency department (ED) visits for antibiotic adverse drug events (ADEs) in children ...",,,,,,,,
PM-0410,PubMed,30137342,Servia-Dopazo Miguel; Figueiras Adolfo,2018,Determinants of antibiotic dispensing without prescription: a systematic review.,J Antimicrob Chemother,10.1093/jac/dky319,"BACKGROUND: Some of the inappropriate use of antibiotics is related to the dispensing of antibiotics without a medical prescription. OBJECTIVES: To identify the intrinsic factors (socio-demographic characteristics and attitudes) and extrinsic factors (patient-related factors and health-system-related factors) related to the dispensing or selling of antibiotics without a medical prescription (DAwMP) by workers at retail pharmacies, when this should be done by prescription according to the legi...",,,,,,,,
PM-0411,PubMed,30116065,Whyler Naomi; Tomlin Andrew; Tilyard Murray; Thomas Mark,2018,"Ethnic disparities in community antibacterial dispensing in New Zealand, 2015.",N Z Med J,,"AIMS: There are significant ethnic disparities in the incidence of various infectious diseases in New Zealand. Antimicrobial stewardship interventions which ignore these disparities may have negative effects on the health of some ethnic groups. We aimed to determine the relationship between ethnicity and community antimicrobial dispensing in New Zealand, to inform the development of antimicrobial stewardship interventions in New Zealand. METHODS: Demographic data on all patients registered wi...",,,,,,,,
PM-0412,PubMed,30093309,Zawahir Shukry; Lekamwasam Sarath; Aslani Parisa,2019,Antibiotic dispensing practice in community pharmacies: A simulated client study.,Res Social Adm Pharm,10.1016/j.sapharm.2018.07.019,"BACKGROUND: Dispensing antibiotics without a prescription, although forbidden by Sri Lankan law since 1986, is a common practice throughout the country. This study attempted to quantify this practice for the first time. OBJECTIVES: To evaluate the response of community pharmacy staff to an antibiotic product request without a prescription and to explore possible factors influencing such practice. METHODS: A cross-sectional simulated client study was conducted from Jan to Sept 2017. A total of...",,,,,,,,
PM-0413,PubMed,30079248,Erku Daniel Asfaw; Aberra Sisay Yifru,2018,Non-prescribed sale of antibiotics for acute childhood diarrhea and upper respiratory tract infection in community pharmacies: a 2 phase mixed-methods study.,Antimicrob Resist Infect Control,10.1186/s13756-018-0389-y,"BACKGROUND: Although prohibited by law and legal regulatory frameworks, non-prescribed sale of antibiotics in community medicine retail outlets (CMROs) remains a serious problem in Ethiopia. The aim of this study was to document the extent of and motivations behind non-prescribed sale of antibiotics among CMROs in Gondar town, Ethiopia. METHODS: A 2 phase mixed-methods study (a simulated patient visit followed by an in-depth interview) was conducted among CMROs in Gondar town, Ethiopia. Two c...",,,,,,,,
PM-0414,PubMed,29981773,Auta Asa; Hadi Muhammad Abdul; Oga Enoche; Adewuyi Emmanuel O; Abdu-Aguye Samirah N et al.,2019,Global access to antibiotics without prescription in community pharmacies: A systematic review and meta-analysis.,J Infect,10.1016/j.jinf.2018.07.001,"OBJECTIVE: To estimate the proportion of over-the-counter antibiotic requests or consultations that resulted in non-prescription supply of antibiotics in community pharmacies globally. METHODS: We systematically searched EMBASE, Medline and CINAHL databases for studies published from January 2000 to September 2017 reporting the frequency of non-prescription sale and supply of antibiotics in community pharmacies across the world. Additional articles were identified by checking reference lists ...",,,,,,,,
PM-0415,PubMed,29973292,Kardos Peter; Beeh Kai-Michael; Sent Ulrike; Mueck Tobias; Gräter Heidemarie et al.,2018,Characterization of differential patient profiles and therapeutic responses of pharmacy customers for four ambroxol formulations.,BMC Pharmacol Toxicol,10.1186/s40360-018-0229-y,"BACKGROUND: Ambroxol relieves cough symptoms based on its secretagogue, anti-inflammatory, anti-oxidant, anti-bacterial, anti-viral, immunomodulatory and local anesthetic effects. The present study was designed to explore differential patient profiles and efficacy against acute respiratory symptoms of four formulations registered as over-the-counter medicines. METHODS: Nine hundred sixty-five pharmacy customers purchasing one of four branded ambroxol formulations (extended release capsules, a...",,,,,,,,
PM-0416,PubMed,29935284,Koopmans L R; Finlayson H; Whitelaw A; Decloedt E H; Dramowski A,2018,Paediatric antimicrobial use at a South African hospital.,Int J Infect Dis,10.1016/j.ijid.2018.05.020,"BACKGROUND: Data on antimicrobial use among hospitalized children in Africa are very limited due to the absence of electronic prescription tracking. METHODS: This study evaluated antimicrobial consumption rates, the antimicrobial spectrum used, and the indications for therapy on a paediatric ward and in the paediatric intensive care unit (PICU) at Tygerberg Hospital, Cape Town, South Africa. Antimicrobial prescription and patient demographic data were collected prospectively from May 10, 2015...",,,,,,,,
PM-0417,PubMed,29884154,Mason Thuy; Trochez Claire; Thomas Remmya; Babar Maria; Hesso Iman et al.,2018,Knowledge and awareness of the general public and perception of pharmacists about antibiotic resistance.,BMC Public Health,10.1186/s12889-018-5614-3,"BACKGROUND: Antibiotic resistance (AR) continues to be a serious problem. Many factors contribute to AR, including inappropriate use of antibiotics, in which both healthcare professionals and patients play a contributing role. This study aimed to assess the awareness and knowledge of antibiotic usage and AR among the general public (in affluent and deprived areas) and community pharmacists' (CPs') in Greater London. METHODS: A cross-sectional survey involving members of the public was conduct...",,,,,,,,
PM-0418,PubMed,29761047,Sinkala Fatima; Parsons Richard; Sunderland Bruce; Hoti Kreshnik; Czarniak Petra,2018,A survey of the views and capabilities of community pharmacists in Western Australia regarding the rescheduling of selected oral antibiotics in a framework of pharmacist prescribing.,PeerJ,10.7717/peerj.4726,"BACKGROUND: Antibiotic misuse in the community contributes to antimicrobial resistance. One way to address this may be by better utilizing community pharmacists' skills in antibiotic prescribing. The aims of this study were to examine the level of support for ""down-scheduling"" selected antibiotics and to evaluate factors determining the appropriateness of community pharmacist prescribing for a limited range of infections, including their decision to refer to a doctor. METHODS: Self-administer...",,,,,,,,
PM-0419,PubMed,29692302,Chikowe Ibrahim; Bliese Sarah L; Lucas Samuel; Lieberman Marya,2018,"Amoxicillin Quality and Selling Practices in Urban Pharmacies and Drug Stores of Blantyre, Malawi.",Am J Trop Med Hyg,10.4269/ajtmh.18-0003,This study evaluated a newly developed paper analytical device (PAD) for screening amoxicillin samples in Blantyre urban townships. Covert shoppers attempted to buy amoxicillin from a geographically stratified selection of private pharmacies (,,,,,,,,
PM-0420,PubMed,29602180,Hanna Alan; Hanna Lezley-Anne,2019,"What, where and when? Using Google Trends and Google to investigate patient needs and inform pharmacy practice.",Int J Pharm Pract,10.1111/ijpp.12445,OBJECTIVES: The aim was to provide a comprehensive overview (using pertinent examples) of the various ways that Google Trends and Google data could inform pharmacy practice. The objectives were to: examine what type of information people search for in relation to a common class of medicines; ascertain where people are directed to (websites) following an initial search for a medicine or medical condition; and establish information about when they search. METHODS: The methodology differed depen...,,,,,,,,
PM-0421,PubMed,29579074,Shafie Mensur; Eyasu Mebrahtu; Muzeyin Kedija; Worku Yoseph; Martín-Aragón Sagrario,2018,Prevalence and determinants of self-medication practice among selected households in Addis Ababa community.,PLoS One,10.1371/journal.pone.0194122,"BACKGROUND AND AIM: Self-medication (SM) is one part of self-care which is known to contribute to primary health care. If practiced appropriately, it has major benefits for the consumers such as self-reliance and decreased expense. However, inappropriate practice can have potential dangers such as incorrect self-diagnosis, dangerous drug-drug interactions, incorrect manner of administration, incorrect dosage, incorrect choice of therapy, masking of a severe disease, and/or risk of dependence ...",,,,,,,,
PM-0422,PubMed,29556932,Oyetunde Olubukola; Williams Veronika,2018,Community pharmacists' views of the use of oral rehydration salt in Nigeria.,Int J Clin Pharm,10.1007/s11096-018-0616-x,"Background Oral rehydration salt (ORS) is an affordable and effective intervention for the management of acute watery diarrhoea (AWD), especially in children under 5 years. A knowledge/practice gap exists among community pharmacists (CPs) in Lagos, Nigeria, and in many low to middle income countries. This gap results in underutilization of ORS for diarrhoea management. Objective The objective was to explore CPs' views of the barriers and facilitators to the use of ORS in practice. Setting Com...",,,,,,,,
PM-0423,PubMed,29555106,Castronovo A; Gervais F; Mongaret C; Slimano F,2018,Pharmacists' interventions on prescription problems in one French community pharmacy: A prospective pilot study.,Ann Pharm Fr,10.1016/j.pharma.2018.02.002,"OBJECTIVES: While many international studies widely describe pharmacists' interventions (PIs) on drug-related problems (DRP) in community pharmacies, in France, these activities are underreported. The aim of this study is to describe the PI rate, given as the number of interventions in among all prescriptions reviewed during the study period. MATERIAL AND METHODS: This study was conducted in one French rural community pharmacy during a 7-month period. Age, sex, type of prescriber, type of pro...",,,,,,,,
PM-0424,PubMed,29552070,Mansour Ossama; Al-Kayali Rawaa,2017,"Community Pharmacistsꞌ Role in Controlling Bacterial Antibiotic Resistance in Aleppo, Syria.",Iran J Pharm Res,,"Antibiotic resistance is a major public health concern. This study was conducted to evaluate the knowledge, attitudes of community pharmacists regarding antibiotic use and potential drug resistance besides assessing their behaviors about dispensing antibiotic without prescription and correlation of the outcomes with demographic variables. A cross-sectional survey was conducted on a random sample of 250 pharmacies in Aleppo, using validated self-administered questionnaire. The total scores of ...",,,,,,,,
PM-0425,PubMed,29431136,Diao Mengjie; Shen Xingrong; Cheng Jing; Chai Jing; Feng Rui et al.,2018,"How patients' experiences of respiratory tract infections affect healthcare-seeking and antibiotic use: insights from a cross-sectional survey in rural Anhui, China.",BMJ Open,10.1136/bmjopen-2017-019492,"OBJECTIVE: To investigate the occurrence of reported respiratory tract infection (RTI) symptoms and their effects on use of self and professional care among patients in the community. DESIGN: A cross-sectional retrospective household survey. SETTING: 12 administrative villages from rural Anhui, China. PARTICIPANTS: 2160 rural adult residents aged ≥18 years registered as rural residents and actually living in the sampled villages when this study was conducted. METHOD: The respondents were recr...",,,,,,,,
PM-0426,PubMed,29414723,Hoxha Iris; Malaj Admir; Kraja Besmira; Bino Silvia; Oluka Margaret et al.,2018,Are pharmacists' good knowledge and awareness on antibiotics taken for granted? The situation in Albania and future implications across countries.,J Glob Antimicrob Resist,10.1016/j.jgar.2018.01.019,"OBJECTIVES: Irrational use of antibiotics is a major driver of antimicrobial resistance (AMR), exacerbated by dispensing of antibiotics without a prescription especially for typically viral infections. Such dispensing is common despite legislation. Pharmacists play a key role in advising on medicines, especially in countries where most patients seek pharmacist help as they cannot afford both physician fees and medicines. Consequently, our objective was to ascertain pharmacists' skills and kno...",,,,,,,,
PM-0427,PubMed,29403113,Sommanustweechai Angkana; Chanvatik Sunicha; Sermsinsiri Varavoot; Sivilaikul Somsajee; Patcharanarumol Walaiporn et al.,2018,"Antibiotic distribution channels in Thailand: results of key-informant interviews, reviews of drug regulations and database searches.",Bull World Health Organ,10.2471/BLT.17.199679,"OBJECTIVE: To analyse how antibiotics are imported, manufactured, distributed and regulated in Thailand. METHODS: We gathered information, on antibiotic distribution in Thailand, in in-depth interviews - with 43 key informants from farms, health facilities, pharmaceutical and animal feed industries, private pharmacies and regulators- and in database and literature searches. FINDINGS: In 2016-2017, licensed antibiotic distribution in Thailand involves over 700 importers and about 24 000 distri...",,,,,,,,
PM-0428,PubMed,29318696,Avent Minyon L; Fejzic Jasmina; van Driel Mieke L,2018,An underutilised resource for Antimicrobial Stewardship: a 'snapshot' of the community pharmacists' role in delayed or 'wait and see' antibiotic prescribing.,Int J Pharm Pract,10.1111/ijpp.12431,"OBJECTIVES: Various strategies have been implemented in primary care to address the inappropriate use of antibiotics, with varying degrees of success. One such intervention is delayed or 'wait and see' prescribing, where the prescriber indicates to wait a few days before dispensing the antibiotic. The aim of this study was to explore community pharmacists' perceptions and practice experiences with delayed antibiotic prescribing. METHODS: An online survey was advertised in two professional pha...",,,,,,,,
PM-0429,PubMed,29310469,Chang Jie; Lv Bing; Zhu Shan; Yu Jiale; Zhang Yu et al.,2018,"Non-prescription use of antibiotics among children in urban China: a cross-sectional survey of knowledge, attitudes, and practices.",Expert Rev Anti Infect Ther,10.1080/14787210.2018.1425616,"BACKGROUND: Non-prescription use of antibiotics in children is an important public health problem. We aimed to investigate primary caregivers' knowledge, attitudes, and practices of antibiotics use among children in urban China. METHODS: Knowledge, attitudes, and practices regarding antibiotics use in children were assessed through a cross-sectional questionnaire survey of 4200 caregivers of children under-7 years from three cities in China. Data were analyzed using descriptive statistics and...",,,,,,,,
PM-0430,PubMed,29254546,López-Manning Mauricio; García-Díaz Rocío,2017,Doctors Adjacent to Private Pharmacies: The New Ambulatory Care Provider for Mexican Health Care Seekers.,Value Health Reg Issues,10.1016/j.vhri.2017.08.010,"BACKGROUND: In 2010 Mexican health authorities enacted an antibiotic sale, prescription, and dispensation bill that increased the presence of a new kind of ambulatory care provider, the doctors adjacent to private pharmacies (DAPPs). OBJECTIVES: To analyze how DAPPs' presence in the Mexican ambulatory care market has modified health care seekers' behavior following a two-stage health care provider selection decision process. METHODS: The first stage focuses on individuals' propensity to capti...",,,,,,,,
PM-0431,PubMed,29152233,Erku Daniel Asfaw; Mekuria Abebe Basazn; Belachew Sewunet Admasu,2017,"Inappropriate use of antibiotics among communities of Gondar town, Ethiopia: a threat to the development of antimicrobial resistance.",Antimicrob Resist Infect Control,10.1186/s13756-017-0272-2,"BACKGROUND: The emergence of antimicrobial resistance, the main cause of morbidity and mortality from otherwise treatable infections, is largely attributed to the inappropriate use of antimicrobials. However, data on the extent of inappropriate use of antibiotics in the community is scarce in Ethiopia. The aim of present study is to document the extent of inappropriate use of antibiotics and its associated factors among the communities of Gondar, Northwest Ethiopia. METHODS: A community based...",,,,,,,,
PM-0432,PubMed,29119468,Heringa Mette; Floor-Schreudering Annemieke; De Smet Peter A G M; Bouvy Marcel L,2017,Clinical Decision Support and Optional Point of Care Testing of Renal Function for Safe Use of Antibiotics in Elderly Patients: A Retrospective Study in Community Pharmacy Practice.,Drugs Aging,10.1007/s40266-017-0497-z,OBJECTIVE: The aim was to investigate the management of drug therapy alerts on safe use of antibiotics in elderly patients with (potential) renal impairment and the contribution of optional creatinine point of care testing (PoCT) in community pharmacy practice. METHODS: Community pharmacists used a clinical decision support system (CDSS) for seven antibiotics. Alerts were generated during prescription processing in the case of previously registered renal impairment and when no information on ...,,,,,,,,
PM-0433,PubMed,29114718,Gnjidic Danijela; Du Wei; Pearson Sallie-Anne; Hilmer Sarah N; Banks Emily,2017,Ascertainment of self-reported prescription medication use compared with pharmaceutical claims data.,Public Health Res Pract,10.17061/phrp27341702,"BACKGROUND: Evidence on the comparative validity of self-reported medication use in large-scale studies is limited. This study compared self-reported medication use of prescription-only medications to gold standard pharmaceutical claims (i.e. dispensing) data. METHODS: We selected a random sample of 500 participants from the 45 and Up Study, a large-scale Australian study, with complete ascertainment of Pharmaceutical Benefits Scheme dispensing records. Self-reported medication use was ascert...",,,,,,,,
PM-0434,PubMed,31156970,El-Hawy Raghda M; Ashmawy Mohamed I; Kamal Menna M; Khamis Hager A; Abo El-Hamed Naglaa M et al.,2017,"Studying the knowledge, attitude and practice of antibiotic misuse among Alexandria population.",Eur J Hosp Pharm,10.1136/ejhpharm-2016-001032,"AIM: To assess knowledge, attitude and practice (KAP) of antimicrobial self-medication among a convenience sample of population in Alexandria, Egypt. METHODOLOGY: A descriptive cross-sectional study using a self-administrated semi-constructed questionnaire. A convenience sample of 359 participants was studied using appropriate consent. The questionnaire had four sections: demographics, KAP, professional medical knowledge and attitude of children caregivers toward antimicrobial self-medication...",,,,,,,,
PM-0435,PubMed,29020276,Suda Katie J; Hicks Lauri A; Roberts Rebecca M; Hunkler Robert J; Matusiak Linda M et al.,2018,"Antibiotic Expenditures by Medication, Class, and Healthcare Setting in the United States, 2010-2015.",Clin Infect Dis,10.1093/cid/cix773,"BACKGROUND: Improving antibiotic use has the potential to decrease healthcare costs by reducing the incidence of antibiotic-resistant infections, antibiotic-associated adverse events, and expenditures due to unnecessary prescriptions. Antibiotic expenditures in 2009 totaled $10.7 billion in the United States. Since then, national and local antibiotic stewardship initiatives have grown. The purpose of this study was to assess trends in antibiotic expenditures by healthcare setting in the Unite...",,,,,,,,
PM-0436,PubMed,28993379,Vazquez-Lago Juan; Gonzalez-Gonzalez Cristian; Zapata-Cachafeiro Maruxa; Lopez-Vazquez Paula; Taracido Margarita et al.,2017,"Knowledge, attitudes, perceptions and habits towards antibiotics dispensed without medical prescription: a qualitative study of Spanish pharmacists.",BMJ Open,10.1136/bmjopen-2016-015674,"OBJECTIVE: To investigate community pharmacists' knowledge, attitudes, perceptions and habits with regard to antibiotic dispensing without medical prescription in Spain. METHODS: A qualitative research using focus group method (FG) in Galicia (north-west Spain). FG sessions were conducted in the presence of a moderator. A topic script was developed to lead the discussions, which were audiorecorded to facilitate data interpretation and transcription. Proceedings were transcribed by an independ...",,,,,,,,
PM-0437,PubMed,28949990,Ansari Mukhtar,2017,Evaluation of community pharmacies regarding dispensing practices of antibiotics in two districts of central Nepal.,PLoS One,10.1371/journal.pone.0183907,"OBJECTIVE: To evaluate the status of community pharmacies, their staff, and practices toward dispensing antibiotics. DESIGN: Cross-sectional, prospective. PLACE AND DURATION OF STUDY: Community pharmacies in two districts of central Nepal, from March 2016 to May 2016. METHODS: A systematic random sampling approach was adopted to sample 161 community pharmacies. Data on the registration status of pharmacies, qualification or training of dispensing staff, and the practice of dispensing antibiot...",,,,,,,,
PM-0438,PubMed,28934933,Ocan Moses; Aono Mary; Bukirwa Clare; Luyinda Emmanuel; Ochwo Cathy et al.,2017,"Medicine use practices in management of symptoms of acute upper respiratory tract infections in children (≤12 years) in Kampala city, Uganda.",BMC Public Health,10.1186/s12889-017-4770-1,"BACKGROUND: Medicines are commonly accessed and used for management of illness in children without a prescription. This potentially increases the risk of unwanted treatment outcomes. We investigated medicine use practices in management of symptoms of acute upper respiratory tract infections among children (≤12 years) in households in Nakawa division, Kampala city. METHODS: This was a cross-sectional study conducted among 390 randomly selected children. Data on use of medicines in children (≤1...",,,,,,,,
PM-0439,PubMed,28926636,Treibich Carole; Lescher Sabine; Sagaon-Teyssier Luis; Ventelou Bruno,2017,The expected and unexpected benefits of dispensing the exact number of pills.,PLoS One,10.1371/journal.pone.0184420,"BACKGROUND: From November 2014 to November 2015, an experiment in French community pharmacies replaced traditional pre-packed boxes by per-unit dispensing of pills in the exact numbers prescribed, for 14 antibiotics. METHODS: A cluster randomised control trial was carried out in 100 pharmacies. 75 pharmacies counted out the medication by units (experimental group), the other 25 providing the treatment in the existing pharmaceutical company boxes (control group). Data on patients under the two...",,,,,,,,
PM-0440,PubMed,28714040,Amin Mohamed Ezzat Khamis; Amine Amira; Newegy Mohammad Shoukry,2017,Perspectives of pharmacy staff on dispensing subtherapeutic doses of antibiotics: a theory informed qualitative study.,Int J Clin Pharm,10.1007/s11096-017-0510-y,"Background Injudicious dispensing of antibiotics in subtherapeutic doses is common in many developing countries. In Egypt, as in many developing countries, a few pills of common cold products are offered under the name cold group (CG). A cold group may contain one or more pills of antibiotics. A pharmacy client may obtain subtherapeutic doses of antibiotics upon direct request or as part of a CG. Objective To examine factors associated with the unwarranted dispensing of subtherapeutic doses o...",,,,,,,,
PM-0441,PubMed,28701029,Byrne Catherine J; Cahir Caitriona; Curran Carmel; Bennett Kathleen,2017,High-risk prescribing in an Irish primary care population: trends and variation.,Br J Clin Pharmacol,10.1111/bcp.13373,"AIMS: The aims of the present study were to examine the prevalence of high-risk prescribing (HRP) in community-dwelling adults in Ireland from 2011-2015 using consensus-validated indicators, factors associated with HRP, and the variation in HRP between general practitioners (GPs) and in the dispensing of high-risk prescriptions between pharmacies. METHODS: A repeated cross-sectional national pharmacy claims database study was conducted. Prescribing indicators were based on those developed in ...",,,,,,,,
PM-0442,PubMed,31156941,Nazir Shabnam; Azim Marium,2017,Assessment of antibiotic self-medication practice among public in the northwestern region of Pakistan.,Eur J Hosp Pharm,10.1136/ejhpharm-2015-000733,"BACKGROUND: Self-medication with antibiotics is a common practice, which may lead to the development of antimicrobial resistance (AMR)-a major health concern worldwide. The most common reason for the development of AMR is a lack of education and regulatory policies and the lack of community pharmacists. OBJECTIVE: To assess various factors that lead to self-medication with antibiotics, which might cause AMR and hinder effective healthcare. METHODS: A cross-sectional study was carried out usin...",,,,,,,,
PM-0443,PubMed,28641892,Antignac Marie; Diop Bara Ibrahima; Macquart de Terline Diane; Bernard Melisande; Do Bernard et al.,2017,Fighting fake medicines: First quality evaluation of cardiac drugs in Africa.,Int J Cardiol,10.1016/j.ijcard.2017.04.099,"BACKGROUND: The growing menace of poor quality and falsified drugs constitutes a major hazard, compromising healthcare and patient outcomes. Efforts to assess drug standards worldwide have almost exclusively focused on anti-microbial drugs; with no study to date on cardiovascular drugs. Our study aims to assess quality of seven routinely used cardiovascular medications (anticoagulants, antihypertensives and statins) in ten Sub-Saharan African countries. METHODS: Drugs were prospectively colle...",,,,,,,,
PM-0444,PubMed,28617790,Mathan Jeremy J; Ekart Jozsef; Houlding Anthony; Payinda Gary; Mills Clair,2017,Clinical management and patient persistence with antibiotic course in suspected group A streptococcal pharyngitis for primary prevention of rheumatic fever: the perspective from a New Zealand emergency department.,N Z Med J,,"AIM: Rates of acute rheumatic fever in the Northland region are historically among the highest in New Zealand, impacting disproportionately on Māori children and youth. The primary aim of this study was to determine patient persistence to antibiotic treatment for group A streptococcus (GAS) pharyngitis in patients presenting with sore throat to the Whangarei Hospital Emergency Department. Secondarily, this study sought to determine prescriber adherence to the national antibiotic guideline for...",,,,,,,,
PM-0445,PubMed,28616436,Marković-Peković Vanda; Grubiša Nataša; Burger Johanita; Bojanić Ljubica; Godman Brian,2017,Initiatives to Reduce Nonprescription Sales and Dispensing of Antibiotics: Findings and Implications.,J Res Pharm Pract,10.4103/jrpp.JRPP_17_12,"OBJECTIVE: Irrational use of antimicrobials is a major driver of antimicrobial resistance, exacerbated by dispensing antibiotics without a prescription. Our previous study suggested this was a problem in the Republic of Srpska despite legislation. Since then, a number of activities have been initiated. Consequently, the study aimed to ascertain whether these multiple initiatives had reduced this. METHODS: Patients visiting all community pharmacies in the Republic from October 2014 to July 201...",,,,,,,,
PM-0446,PubMed,28588992,Hutchinson Eleanor; Hutchison Coll; Lal Sham; Hansen Kristian; Kayendeke Miriam et al.,2017,Introducing rapid tests for malaria into the retail sector: what are the unintended consequences?,BMJ Glob Health,10.1136/bmjgh-2016-000067,UNLABELLED: The observation that many people in Africa seek care for febrile illness in the retail sector has led to a number of public health initiatives to try to improve the quality of care provided in these settings. The potential to support the introduction of rapid diagnostic tests for malaria (mRDTs) into drug shops is coming under increased scrutiny. Those in favour argue that it enables the harmonisation of policy around testing and treatment for malaria and maintains a focus on mark...,,,,,,,,
PM-0447,PubMed,28392925,Kaae Susanne; Malaj Admir; Hoxha Iris,2017,"Antibiotic knowledge, attitudes and behaviours of Albanian health care professionals and patients - a qualitative interview study.",J Pharm Policy Pract,10.1186/s40545-017-0102-1,"BACKGROUND: The inappropriate use of antimicrobials is a problem worldwide. To target future interventions, a thorough understanding of the reasons behind this current behaviour is needed. Within the EU, the culture of antimicrobial use has been intensely studied, but this is not the case in non-EU southeastern European countries, despite the frequent use of (broad-spectrum) antibiotics (ABs) in this region. The aim of this study was to explore AB knowledge, attitudes and behaviours of health...",,,,,,,,
PM-0448,PubMed,28352463,Om Chhorvoin; Daily Frances; Vlieghe Erika; McLaughlin James C; McLaws Mary-Louise,2017,Pervasive antibiotic misuse in the Cambodian community: antibiotic-seeking behaviour with unrestricted access.,Antimicrob Resist Infect Control,10.1186/s13756-017-0187-y,BACKGROUND: Antibiotic misuse is widespread in resource-limited countries such as Cambodia where the burden of infectious diseases is high and access to antibiotics is unrestricted. We explored healthcare seeking behaviour related to obtaining antibiotics and drivers of antibiotic misuse in the Cambodian community. METHODS: In-depth interviews were held with family members of patients being admitted in hospitals and private pharmacies termed pharmacy attendants in the catchment areas of the h...,,,,,,,,
PM-0449,PubMed,28280312,Ayalew Mohammed Biset,2017,Self-medication practice in Ethiopia: a systematic review.,Patient Prefer Adherence,10.2147/PPA.S131496,"BACKGROUND: Self-medication patterns vary among different populations, and are influenced by many factors. No review has been done that comprehensively expresses self-medication practice in Ethiopia. The aim of this study was to provide an overview of the literature on self-medication practice in Ethiopia. MATERIALS AND METHODS: Databases (PubMed, Google Scholar, ResearchGate, and Hinari) were searched for published studies on the practice of self-medication in Ethiopia without restriction in...",,,,,,,,
PM-0450,PubMed,28255093,Barker Anna K; Brown Kelli; Ahsan Muneeb; Sengupta Sharmila; Safdar Nasia,2017,"What drives inappropriate antibiotic dispensing? A mixed-methods study of pharmacy employee perspectives in Haryana, India.",BMJ Open,10.1136/bmjopen-2016-013190,"OBJECTIVES: There are only 0.70 licensed physicians per 1000 people in India. Thus, pharmacies are a primary source of healthcare and patients often seek their services directly, especially in village settings. However, there is wide variability in a pharmacy employee's training, which contributes to inappropriate antibiotic dispensing and misuse. These practices increase the risk of antibiotic resistance and poor patient outcomes. This study seeks to better understand the factors that drive ...",,,,,,,,
PM-0451,PubMed,28193274,Saha Shuvashis; Hossain Md Tawhid,2017,"Evaluation of medicines dispensing pattern of private pharmacies in Rajshahi, Bangladesh.",BMC Health Serv Res,10.1186/s12913-017-2072-z,"BACKGROUND: In developing country like BANGLADESH, people depend more on pharmacies due to expediency, shorter waiting time, cost reduction, availability of credit and flexible opening hours. The aim of this study was to investigate medicines dispensing patterns of the pharmacies in RAJSHAHI, BANGLADESH and to identify and analyze contribution of drugsellers and quacks in irrational drug use. METHODS: This cross-sectional study was conducted during January 2016 - April, 2016 in 75 randomly se...",,,,,,,,
PM-0452,PubMed,28193258,Belkina Tatiana; Duvanova Natalia; Karbovskaja Julia; Tebbens Jurjen Duintjer; Vlcek Jiri,2017,"Antibiotic use practices of pharmacy staff: a cross-sectional study in Saint Petersburg, the Russian Federation.",BMC Pharmacol Toxicol,10.1186/s40360-017-0116-y,"BACKGROUND: Non-prescription access to antimicrobials is common, and self-prescribing is increasingly popular in Russian society. The aim of this study was to assess the attitudes of community pharmacists regarding antibiotic use and self-medication. METHODS: We conducted a cross-sectional study from September-December 2015 of community pharmacists in the Saint-Petersburg and Leningrad region, Russia. A self-administered questionnaire was used to assess antibiotic use and self-medication prac...",,,,,,,,
PM-0453,PubMed,28090718,Kibuule Dan; Mubita Mwangana; Naikaku Ester; Kalemeera Francis; Godman Brian B et al.,2017,"An analysis of policies for cotrimoxazole, amoxicillin and azithromycin use in Namibia's public sector: Findings and therapeutic implications.",Int J Clin Pract,10.1111/ijcp.12918,"BACKGROUND: Despite Namibia's robust medicine use systems and policies, antibiotic use indicators remain suboptimal. Recent medicine use surveys rank cotrimoxazole, amoxicillin and azithromycin (CAA) among the most used medicines. However, there is rising resistance to CAA (55.9%-96.7%). Unfortunately, to date, there have been limited studies evaluating policies to improve antibiotic use in Namibia. AIM: To evaluate public sector pharmaceutical policies and guidelines influencing the therapeu...",,,,,,,,
PM-0454,PubMed,28062684,Chang Jie; Ye Dan; Lv Bing; Jiang Minghuan; Zhu Shan et al.,2017,Sale of antibiotics without a prescription at community pharmacies in urban China: a multicentre cross-sectional survey.,J Antimicrob Chemother,10.1093/jac/dkw519,OBJECTIVES: To quantify sales of antibiotics without a medical prescription and to assess the quality of pharmacy services in relation to the antibiotics sold in community pharmacies in urban China. METHODS: A multicentre cross-sectional survey of community pharmacies was undertaken in 2015 using the simulated client method. Two clinical case scenarios (paediatric diarrhoea and adult acute upper respiratory infection) were presented at systematically sampled community pharmacies in Eastern (N...,,,,,,,,
PM-0455,PubMed,28061902,Bashaar Mohammad; Thawani Vijay; Hassali Mohamed Azmi; Saleem Fahad,2017,Disposal practices of unused and expired pharmaceuticals among general public in Kabul.,BMC Public Health,10.1186/s12889-016-3975-z,"BACKGROUND: Most of the medicine users remain unaware about the disposal of unused or expired medicines. The aim of this study was to know the disposal practices of unused and expired medicines among the general public in Kabul. METHODS: This was a descriptive, cross-sectional survey, conducted through face-to-face interviews using prevalidated structured questionnaire. Returned questionnaires were double-checked for accuracy. Statistical Package for Social Science (SPSS) version 23 was used ...",,,,,,,,
PM-0456,PubMed,28042782,Eslami Neda; Eshraghi Azadeh; Vaseghi Golnaz; Mehdizadeh Mona; Masjedi Moein et al.,2016,Pharmacists' Knowledge and Attitudes Towards Upper Respiratory Infections (URI) in Iran: A Cross Sectional Study.,Rev Recent Clin Trials,10.2174/1574887111666160908170618,"OBJECTIVES: To identify the knowledge and attitudes of community pharmacists towards upper respiratory infections. SETTING: The pharmacists, who participated in an annual clinical pharmacy congress in Tehran, were enrolled in this study. INTERVENTION: We conducted a cross-sectional descriptive study to assess the knowledge and attitudes of 72 community pharmacists towards upper respiratory infections (URI) using a questionnaire. MAIN OUTCOME MEASURES: We investigated the knowledge and attitud...",,,,,,,,
PM-0457,PubMed,28042351,Ibrahim Mohamed I; Palaian Subish; Al-Sulaiti Fatima; El-Shami Somia,2016,Evaluating community pharmacy practice in Qatar using simulated patient method:acute gastroenteritis management.,Pharm Pract (Granada),10.18549/PharmPract.2016.04.800,"OBJECTIVE: To evaluate Qatari pharmacists' prescribing, labeling, dispensing and counseling practices in response to acute community-acquired gastroenteritis. METHODS: The simulated patient method was used in this study. Thirty pharmacies in Doha were randomly selected and further randomized into two groups: Face-to-Face (n=15) vs. Telephone-call (n=15) per simulated patient; 2 simulated patients were involved. Prescribing, labeling, dispensing and counseling practices were assessed. Data ana...",,,,,,,,
PM-0458,PubMed,28012119,Gauld Natalie J; Zeng Irene S L; Ikram Rosemary B; Thomas Mark G; Buetow Stephen A,2017,Antibiotic treatment of women with uncomplicated cystitis before and after allowing pharmacist-supply of trimethoprim.,Int J Clin Pharm,10.1007/s11096-016-0415-1,"Background In 2012, New Zealand reclassified trimethoprim to allow specially trained pharmacists to supply it without a prescription to women with symptoms suggesting uncomplicated cystitis, under strict criteria for supply. Objective To assess how this policy change allowing pharmacist supply of trimethoprim affected overall antibiotic supply. Setting Randomly selected community pharmacies throughout New Zealand. Methods Data were collected in pharmacies before the implementation ('baseline'...",,,,,,,,
PM-0459,PubMed,27994621,Erku Daniel Asfaw,2016,Antimicrobial Stewardship: A Cross-Sectional Survey Assessing the Perceptions and Practices of Community Pharmacists in Ethiopia.,Interdiscip Perspect Infect Dis,10.1155/2016/5686752,,,,,,,,,
PM-0460,PubMed,27941993,Kliemann Breno S; Levin Anna S; Moura M Luísa; Boszczowski Icaro; Lewis James J,2016,"Socioeconomic Determinants of Antibiotic Consumption in the State of São Paulo, Brazil: The Effect of Restricting Over-The-Counter Sales.",PLoS One,10.1371/journal.pone.0167885,"BACKGROUND: Improper antibiotic use is one of the main drivers of bacterial resistance to antibiotics, increasing infectious diseases morbidity and mortality and raising costs of healthcare. The level of antibiotic consumption has been shown to vary according to socioeconomic determinants (SED) such as income and access to education. In many Latin American countries, antibiotics could be easily purchased without a medical prescription in private pharmacies before enforcement of restrictions o...",,,,,,,,
PM-0461,PubMed,27832404,Braund Rhiannon; Henderson Emily; McNab Erica; Sarten Rachel; Wallace Emily et al.,2016,Pharmacist-only trimethoprim: pharmacist satisfaction on their training and the impact on their practice.,Int J Clin Pharm,10.1007/s11096-016-0388-0,"Background In 2012, in a first for the developed world, New Zealand reclassified trimethoprim to allow specially trained pharmacists to supply the medicine without a prescription to women with cystitis fitting specific criteria. Objective This study explored pharmacists' views of the training and screening tool, impact on practice, and the pharmacists' perceptions of views of patients and doctors. Methods Structured interviews were conducted with 28 New Zealand pharmacists trained to supply t...",,,,,,,,
PM-0462,PubMed,27824876,Embrey Martha; Vialle-Valentin Catherine; Dillip Angel; Kihiyo Bernard; Mbwasi Romuald et al.,2016,Understanding the Role of Accredited Drug Dispensing Outlets in Tanzania's Health System.,PLoS One,10.1371/journal.pone.0164332,"INTRODUCTION: People in many low-income countries access medicines from retail drug shops. In Tanzania, a public-private partnership launched in 2003 used an accreditation approach to improve access to quality medicines and pharmaceutical services in underserved areas. The government scaled up the accredited drug dispensing outlet (ADDO) program nationally, with over 9,000 shops now accredited. This study assessed the relationships between community members and their sources of health care an...",,,,,,,,
PM-0463,PubMed,27568359,Satyanarayana Srinath; Kwan Ada; Daniels Benjamin; Subbaraman Ramnath; McDowell Andrew et al.,2016,Use of standardised patients to assess antibiotic dispensing for tuberculosis by pharmacies in urban India: a cross-sectional study.,Lancet Infect Dis,10.1016/S1473-3099(16)30215-8,"BACKGROUND: India's total antibiotic use is the highest of any country. Patients often receive prescription-only drugs directly from pharmacies. Here we aimed to assess the medical advice and drug dispensing practices of pharmacies for standardised patients with presumed and confirmed tuberculosis in India. METHODS: In this cross-sectional study in the three Indian cities Delhi, Mumbai, and Patna, we developed two standardised patient cases: first, a patient presenting with 2-3 weeks of pulmo...",,,,,,,,
PM-0464,PubMed,27756944,Soumya R; Devarashetty Vijayalakshmi; Jayanthi C R; Sushma M,2016,Drug dispensing practices at pharmacies in Bengaluru: A cross-sectional study.,Indian J Pharmacol,10.4103/0253-7613.186204,"OBJECTIVES: Pharmacists are one of the crucial focal points for health care in the community. They have tremendous outreach to the public as pharmacies are often the first-port-of-call. With the increase of ready-to-use drugs, the main health-related activity of a pharmacist today is to assure the quality of dispensing, a key element to promote rational medicine use. MATERIALS AND METHODS: A cross-sectional study of 200 pharmacies, 100 each in various residential (R) and commercial (C) areas ...",,,,,,,,
PM-0465,PubMed,27684066,Simba Daudi; Kakoko Deodatus; Semali Innocent; Kessy Anna; Embrey Martha,2016,Household Knowledge of Antimicrobials and Antimicrobial Resistance in the Wake of an Accredited Drug Dispensing Outlet (ADDO) Program Rollout in Tanzania.,PLoS One,10.1371/journal.pone.0163246,"INTRODUCTION: Private sector drug shops are an important source of medicines in Tanzania. In 2003, the government introduced the accredited drug dispensing outlet (ADDO) program to improve access to good-quality medicines in rural and peri-urban areas that have frequent drug shortages in public health facilities and few or no registered pharmacies. However, increasing access may also contribute to antimicrobial resistance (AMR) due to the potential overuse and misuse of drugs. METHODS: We con...",,,,,,,,
PM-0466,PubMed,27677640,Salim Anas M A; Elgizoli Bashir,2017,"Exploring the reasons why pharmacists dispense antibiotics without prescriptions in Khartoum state, Sudan.",Int J Pharm Pract,10.1111/ijpp.12317,"OBJECTIVES: The principal aim of this study was to explore the perspectives of community pharmacists in Khartoum State, Sudan about why they dispense antibiotics without prescription, and to understand their opinions about why they think patients self-medicate. METHODS: This was a qualitative exploratory interview study. Individual, in-depth face-to-face interviews were conducted with a convenience sample of 30 community pharmacists working in Khartoum State, Sudan in the period from May to J...",,,,,,,,
PM-0467,PubMed,27656919,Ecker Lucie; Ruiz Joaquín; Vargas Martha; Del Valle Luis J; Ochoa Theresa J,2016,"[Prevalence of purchase of antibiotics without prescription and antibiotic recommendation practices for children under five years of age in private pharmacies in peri-urban areas of Lima, Peru].",Rev Peru Med Exp Salud Publica,,OBJECTIVES: To determine the prevalence of purchase of antibiotics without prescription and antibiotic recommendation for its use in children <5 years of age in private pharmacies in peri-urban areas of Lima. MATERIALS AND METHODS: An anonymous population survey was conducted among adults who bought an antibiotic for a child <5 years of age from a private pharmacy. Fictitious cases were applied in a subgroup of pharmacies to evaluate antibiotic recommendation practices. RESULTS: The prevalenc...,,,,,,,,
PM-0468,PubMed,27573720,Saengcharoen Woranuch; Jaisawang Pornchanok; Udomcharoensab Palita; Buathong Kittika; Lerkiatbundit Sanguan,2016,Appropriateness of diagnosis of streptococcal pharyngitis among Thai community pharmacists according to the Centor criteria.,Int J Clin Pharm,10.1007/s11096-016-0373-7,Background Inappropriate use of antibiotic treatment for pharyngitis by community pharmacists is prevalent in developing countries. Little is known about how the pharmacists identify patients with bacterial pharyngitis. Objective To ascertain the appropriateness of diagnosis of streptococcal pharyngitis among Thai community pharmacists according to the Centor criteria and to identify factors related to antibiotic dispensing. Setting 1040 Thai community pharmacists. Method A cross-sectional su...,,,,,,,,
PM-0469,PubMed,27548801,Kalungia Aubrey Chichonyi; Burger Johanita; Godman Brian; Costa Juliana de Oliveira; Simuwelu Chimwemwe,2016,Non-prescription sale and dispensing of antibiotics in community pharmacies in Zambia.,Expert Rev Anti Infect Ther,10.1080/14787210.2016.1227702,"BACKGROUND: In Zambia, antibiotics are categorized as prescription-only medicines. Antibiotics dispensed without a prescription pose a public health threat, which is a concern. Consequently, the aim is to ascertain the extent of non-prescription sales and dispensing of antibiotics in community pharmacies in Zambia. METHODS: The practice of non-prescription sale and dispensing were assessed in 73 randomly selected community retail pharmacies, using a structured interviewer-administered questio...",,,,,,,,
PM-0470,PubMed,27471409,Erku Daniel Asfaw; Mekuria Abebe Basazn; Surur Abdrrahman Shemsu; Gebresillassie Begashaw Melaku,2016,"Extent of dispensing prescription-only medications without a prescription in community drug retail outlets in Addis Ababa, Ethiopia: a simulated-patient study.",Drug Healthc Patient Saf,10.2147/DHPS.S106948,"PURPOSE: This study was aimed at assessing the extent of dispensing prescription-only medications without a prescription in community drug retail outlets (CDROs) of Addis Ababa, Ethiopia. METHODS: A descriptive cross-sectional observational study design was used to sample 31 pharmacies, 25 drug stores, and two rural drug vendors from August 11, 2015, to October 21, 2015, through a simple random sampling method. A simulated-patient method of visit was implemented to collect data. Requests of s...",,,,,,,,
PM-0471,PubMed,27409075,Tomás Catarina Cardoso; Oliveira Emanuel; Sousa D.; Uba-Chupel M.; Furtado G. et al.,2016,"Proceedings of the 3rd IPLeiria's International Health Congress : Leiria, Portugal. 6-7 May 2016.",BMC Health Serv Res,10.1186/s12913-016-1423-5,"S1 Health literacy and health education in adolescence Catarina Cardoso Tomás S2 The effect of a walking program on the quality of life and well-being of people with schizophrenia Emanuel Oliveira, D. Sousa, M. Uba-Chupel, G. Furtado, C. Rocha, A. Teixeira, P. Ferreira S3 Diagnosis and innovative treatments - the way to a better medical practice Celeste Alves S4 Simulation-based learning and how it is a high contribution Stefan Gisin S5 Formative research about acceptability, utilization and ...",,,,,,,,
PM-0472,PubMed,27362599,Gauld Natalie J; Zeng Irene Sl; Ikram Rosemary B; Thomas Mark G; Buetow Stephen A,2016,Treatment of uncomplicated cystitis: analysis of prescribing in New Zealand.,N Z Med J,,"AIMS: To describe prescribing for women with suspected urinary tract infections, including suspected uncomplicated cystitis, in New Zealand. METHODS: Randomly selected community pharmacies participated in the study. Women attending the pharmacy in a 2-week period in 2012 for prescribed or non-prescription treatment of symptoms suggesting a urinary tract infection, or prophylaxis of a urinary tract infection, were invited to self-complete a questionnaire. Analysis focused on prescribing for wo...",,,,,,,,
PM-0473,PubMed,27343987,Hadi Muhammad Abdul; Karami Nedaa Ali; Al-Muwalid Anhar S; Al-Otabi Areej; Al-Subahi Eshtyaq et al.,2016,"Community pharmacists' knowledge, attitude, and practices towards dispensing antibiotics without prescription (DAwP): a cross-sectional survey in Makkah Province, Saudi Arabia.",Int J Infect Dis,10.1016/j.ijid.2016.06.003,"OBJECTIVES: To evaluate knowledge, attitude, and practices of community pharmacists towards dispensing antibiotics without prescription (DAwP) in Makkah Province, Saudi Arabia. METHODS: A cross-sectional survey was conducted between January and February 2016 using a structured, validated, and pilot-tested questionnaire. A four-step systematic approach was used to recruit community pharmacists who completed a 28-item questionnaire either in English or Arabic language based on their personal pr...",,,,,,,,
PM-0474,PubMed,27293019,Fredericks Ian; Hollingworth Samantha; Pudmenzky Alex; Rossato Laurence; Kairuz Therése,2017,'Repeat' prescriptions and antibiotic resistance: findings from Australian community pharmacy.,Int J Pharm Pract,10.1111/ijpp.12273,"OBJECTIVE: Australians are among the highest users of antibiotics in the developed world. The primary aim was to determine the 'age' of antibiotic prescriptions at the time of dispensing as a possible contributor to antibiotic misuse and ultimately, resistance. The secondary aim was to test customised software to permit extraction and de-identification of dispensing records for analysis. METHODS: Data were extracted and de-identified from computerised dispensing systems in three community pha...",,,,,,,,
PM-0475,PubMed,27238922,Ullian Michael E; Martin Cynthia A; Ullian David M,2016,Administer but Do Not Dispense: Effect of Change in Medication Handling by Nurses on Outcomes of Home Dialysis Patients.,Am J Med Sci,10.1016/j.amjms.2016.02.024,"BACKGROUND: To come into compliance with South Carolina statute, we changed how nurses handle medications (antibiotics, erythropoietin [EPO], calcitriol and heparin) in our outpatient home dialysis clinic. Nurses continued to administer medications in the clinic but no longer dispensed medications for patients to take home; instead, medications were dispensed from pharmacies to the patients by mail. We hypothesized that the abovementioned change in medication handling worsened clinical outcom...",,,,,,,,
PM-0476,PubMed,27100671,Abood Ebtesam A; Wazaify Mayyada,2016,Abuse and Misuse of Prescription and Nonprescription Drugs from Community Pharmacies in Aden City-Yemen.,Subst Use Misuse,10.3109/10826084.2016.1155619,BACKGROUND: The abuse and misuse of prescription and nonprescription or the so-called Over-The-Counter (OTC) drugs is a serious and growing public health problem worldwide. The increased availability of these drugs has contributed to a dramatic rise of inappropriate use. OBJECTIVES: The aim of this study was to investigate abuse/misuse of prescription and non-prescription drugs in community pharmacies in Aden city-Yemen and to gather information about suspected drug abusers in the community. ...,,,,,,,,
PM-0477,PubMed,27067233,Khalid Luma; Mahsood Naheed; Ali Iftikhar,2016,The public health problem of OTC antibiotics in developing nations.,Res Social Adm Pharm,10.1016/j.sapharm.2016.03.003,,,,,,,,,
PM-0478,PubMed,27042313,Ghiga I; Stålsby Lundborg C,2016,'Struggling to be a defender of health' -a qualitative study on the pharmacists' perceptions of their role in antibiotic consumption and antibiotic resistance in Romania.,J Pharm Policy Pract,10.1186/s40545-016-0061-y,"BACKGROUND: Antibiotic resistance is a serious global public health problem directly correlated to high antibiotic consumption. Romania is one of the European countries with the highest rates of antibiotic consumption, non-prescription antibiotics use and resistance of several pathogens to antibiotics. Pharmacists are an important stakeholder in respect to antibiotic management and context specific research on this topic is needed. The aim of the research is to increase the understanding of h...",,,,,,,,
PM-0479,PubMed,26980439,Mbonye Anthony K; Buregyeya Esther; Rutebemberwa Elizeus; Clarke Siân E; Lal Sham et al.,2016,Prescription for antibiotics at drug shops and strategies to improve quality of care and patient safety: a cross-sectional survey in the private sector in Uganda.,BMJ Open,10.1136/bmjopen-2015-010632,"OBJECTIVES: The main objective of this study was to assess practices of antibiotic prescription at registered drug shops with a focus on upper respiratory tract infections among children in order to provide data for policy discussions aimed at improving quality of care and patient safety in the private health sector in Uganda. METHODS: A survey was conducted within 57 parishes from August to October 2014 in Mukono District, Uganda. Data was captured on the following variables: drug shop chara...",,,,,,,,
PM-0480,PubMed,26962123,Miller Rosalind; Goodman Catherine,2016,Performance of retail pharmacies in low- and middle-income Asian settings: a systematic review.,Health Policy Plan,10.1093/heapol/czw007,"In low- and middle-income countries (LMIC) in Asia, pharmacies are often patients' first point of contact with the health care system and their preferred channel for purchasing medicines. Unfortunately, pharmacy practice in these settings has been characterized by deficient knowledge and inappropriate treatment. This paper systematically reviews both the performance of all types of pharmacies and drug stores across Asia's LMIC, and the determinants of poor practice, in order to reflect on how...",,,,,,,,
PM-0481,PubMed,26835006,Gebretekle Gebremedhin Beedemariam; Serbessa Mirgissa Kaba,2016,"Exploration of over the counter sales of antibiotics in community pharmacies of Addis Ababa, Ethiopia: pharmacy professionals' perspective.",Antimicrob Resist Infect Control,10.1186/s13756-016-0101-z,"BACKGROUND: Over the counter sale of antibiotics is a global problem and it is increasingly recognized as a source of antibiotic misuse and is believed to increase treatment costs, adverse effects of treatment and emergence of resistance. The increasing trend of over the counter sale of antibiotics in Ethiopia calls for exploration of why such dispensing is practiced. This study aims to explore reasons for over the counter sale of antibiotics in the community pharmacies of Addis Ababa, Ethiop...",,,,,,,,
PM-0482,PubMed,26819439,Sihn Kyu-Hwan,2015,[The Korean Pharmaceutical Industry and the Expansion of the General Pharmaceuticals Market in the 1950-1960s].,Uisahak,10.13081/kjmh.2015.24.749,"After the Liberation, the Korean economy was dependent on relief supplies and aid after the ruin of the colonial regime and war. The pharmaceutical business also searched for their share in the delivery of military supplies and the distribution of relief supplies. The supply-side pharmaceutical policy made the pharmaceutical market a wholesale business. The gravity of the situation led to an increased importation of medical supplies, and wholesalers took the lead in establishing the distribut...",,,,,,,,
PM-0483,PubMed,26777582,Res Rebecca; Hoti Kreshnik; Charrois Theresa L,2017,Pharmacists' Perceptions Regarding Optimization of Antibiotic Prescribing in the Community.,J Pharm Pract,10.1177/0897190015623883,"BACKGROUND AND OBJECTIVE: The overuse of antibiotics in the community is a primary cause of antibiotic resistance. Community pharmacists are the most accessible health professionals and so they are in an ideal position to implement interventions to ensure the appropriate use of antibiotics. This study aimed to explore the role of community pharmacists in the optimization of antibiotic prescribing and utilization. METHOD: Four focus groups were conducted with community pharmacists in Perth, We...",,,,,,,,
PM-0484,PubMed,26671211,Moienzadeh Atefeh; Massoud Tasnim; Black Emily,2017,"Evaluation of the general public's knowledge, views and practices relating to appropriate antibiotic use in Qatar.",Int J Pharm Pract,10.1111/ijpp.12233,"OBJECTIVE: Studies completed internationally have demonstrated an alarming number of patients believed antibiotics are indicated in the treatment of viral infections and other self-limited illnesses. Evaluation of patient practices relating to antibiotics have also demonstrated inappropriate use. Antibiotic misuse by patients and practitioners has been identified as a factor in the development of resistance. Current knowledge, views and practices relating to antibiotic use in Qatar is unknown...",,,,,,,,
PM-0485,PubMed,26525125,Jain Ankita; Bhaskar Dara John; Gupta Devanand; Agali Chandan; Yadav Priyanka et al.,2016,"Practice of Self-Medication for Dental Problems in Uttar Pradesh, India.",Oral Health Prev Dent,10.3290/j.ohpd.a35000,"PURPOSE: To assess the practice of self-medication for oral health problems in Uttar Pradesh, India. MATERIALS AND METHODS: This multiregional cross-sectional questionnaire-based study was conducted in four towns; Moradabad, Meerut, Ghaziabad and Bareilly over a 2-month period on 352 subjects. The questionnaire consisted of a demographic profile, questions related to problems of oral health for self-medication, substances used, source of the substance, duration, reason and source of advice fo...",,,,,,,,
PM-0486,PubMed,26517874,Lima Sara I V C; Diniz Rodrigo S; Egito Eryvaldo S T; Azevedo Paulo R M; Oliveira Antonio G et al.,2015,Rationality of Antimicrobial Prescriptions in Community Pharmacy Users.,PLoS One,10.1371/journal.pone.0141615,"BACKGROUND: Although there is a conflict between the treatment benefits for a single individual and society, restrictions on antibiotic use are needed to reduce the prevalence of resistance to these drugs, which is the main result of irrational use. Brazil, cataloged as a pharmemerging market, has implemented restrictive measures for the consumption of antibiotics. The objective of this study was to investigate the quality of antimicrobial prescriptions and user knowledge of their treatment w...",,,,,,,,
PM-0487,PubMed,26446719,Bell Carolyn A; Pichenda Koeut; Ilomäki Jenni; Duncan Gregory J; Eang Mao Tan et al.,2016,Responding to cough presentations: an interview study with Cambodian pharmacies participating in a National Tuberculosis Referral Program.,J Eval Clin Pract,10.1111/jep.12467,"RATIONALE, AIMS AND OBJECTIVES: Asia-Pacific carries a high burden of respiratory-related mortality. Timely referral and detection of tuberculosis cases optimizes patient and public health outcomes. Registered private pharmacies in Cambodia participate in a National Tuberculosis Referral Program to refer clients with cough suggestive of tuberculosis to public sector clinics for diagnosis and care. The objective of this study was to investigate clinical intentions of pharmacy staff when presen...",,,,,,,,
PM-0488,PubMed,26402824,Moura Maria Luísa; Boszczowski Icaro; Mortari Naíma; Barrozo Lígia Vizeu; Neto Francisco Chiaravalloti et al.,2015,The Impact of Restricting Over-the-Counter Sales of Antimicrobial Drugs: Preliminary Analysis of National Data.,Medicine (Baltimore),10.1097/MD.0000000000001605,"To describe the nationwide impact of a restrictive law on over-the-counter sales of antimicrobial drugs, implemented in Brazil in November 2010. Approximately 75% of the population receives healthcare from the public health system and receives free-of-charge medication if prescribed. Total sales in private pharmacies as compared with other channels of sales of oral antibiotics were evaluated in this observational study before and after the law (2008-2012). Defined daily dose per 1000 inhabita...",,,,,,,,
PM-0489,PubMed,26301089,Chalker John C; Vialle-Valentin Catherine; Liana Jafary; Mbwasi Romuald; Semali Innocent A et al.,2015,What roles do accredited drug dispensing outlets in Tanzania play in facilitating access to antimicrobials? Results of a multi-method analysis.,Antimicrob Resist Infect Control,10.1186/s13756-015-0075-2,"BACKGROUND: People in low-income countries purchase a high proportion of antimicrobials from retail drug shops, both with and without a prescription. Tanzania's accredited drug dispensing outlet (ADDO) program includes dispenser training, enforcement of standards, and the legal right to sell selected antimicrobials. We assessed the role of ADDOs in facilitating access to antimicrobials. METHODS: We purposively chose four regions, randomly selected three districts and five wards per district. ...",,,,,,,,
PM-0490,PubMed,26266135,Nagaraj Manjushree; Chakraborty Ananya; Srinivas B N,2015,"A Study on the Dispensing Pattern of Over the Counter Drugs in Retail Pharmacies in Sarjapur Area, East Bangalore.",J Clin Diagn Res,10.7860/JCDR/2015/12940.6119,"BACKGROUND: Over the counter drugs (OTC) are sold without the prescription of a registered medical practitioner. There are reports that OTC drug market in India is on the rise. This is attributed to the rising cost of health care, difficulty in accessing healthcare, and an alarming tendency to self manage symptoms. The outcome of this is OTC related adverse effects, abuse, and hospitalizations. Literature on OTC is sparse. Hence this study was undertaken to evaluate the dispensing pattern of ...",,,,,,,,
PM-0491,PubMed,26231758,Ocan Moses; Obuku Ekwaro A; Bwanga Freddie; Akena Dickens; Richard Sennono et al.,2015,"Household antimicrobial self-medication: a systematic review and meta-analysis of the burden, risk factors and outcomes in developing countries.",BMC Public Health,10.1186/s12889-015-2109-3,"BACKGROUND: Antimicrobial self-medication is common in most low and middle income countries (LMICs). However there has been no systematic review on non-prescription antimicrobial use in these settings. This review thus intended to establish the burden, risk factors and effects of antimicrobial self-medication in Low and Middle Income Countries. METHODS: In 2012, we registered a systematic review protocol in PROSPERO (CRD42012002508). We searched PubMed, Medline, Scopus, and Embase databases u...",,,,,,,,
PM-0492,PubMed,25989170,Diwan Vishal; Sabde Yogesh D; Byström Emma; De Costa Ayesha,2015,"Treatment of pediatric diarrhea: a simulated client study at private pharmacies of Ujjain, Madhya Pradesh, India.",J Infect Dev Ctries,10.3855/jidc.5694,"INTRODUCTION: In low- and middle-income countries such as India, private pharmacies play an important role in medical treatments, offering advice for common illnesses such as diarrhea and respiratory tract infections. There is a need to explore the details of the dispensing practices at the private pharmacies in low- and middle-income countries. METHODOLOGY: The present study used simulated client methodology to assess the actual dispensing practices for patients with pediatric diarrhea at pr...",,,,,,,,
PM-0493,PubMed,25972733,Albadr Yaser; Khan Tahir Mehmood,2015,"Factors influencing community pharmacist decision to dispense generic or branded medicines; Eastern Province, Alahsa, Saudi Arabia.",Saudi Pharm J,10.1016/j.jsps.2014.07.002,"BACKGROUND: Rising costs of medicines have increased the interest of policy makers in generic medicines. However, consumers' and health care providers' perception and attitude towards generic medicine act as a main barrier to the promotion of generic medicines. OBJECTIVE: To explore the factors community pharmacists consider while dispensing branded or generic medicines to consumers. METHOD: A qualitative study was planned; twenty community pharmacists (ten hospital affiliated pharmacies and ...",,,,,,,,
PM-0494,PubMed,25739769,Ansah Evelyn K; Narh-Bana Solomon; Affran-Bonful Harriet; Bart-Plange Constance; Cundill Bonnie et al.,2015,The impact of providing rapid diagnostic malaria tests on fever management in the private retail sector in Ghana: a cluster randomized trial.,BMJ,10.1136/bmj.h1019,"OBJECTIVE: To examine the impact of providing rapid diagnostic tests for malaria on fever management in private drug retail shops where most poor rural people with fever present, with the aim of reducing current massive overdiagnosis and overtreatment of malaria. DESIGN: Cluster randomized trial of 24 clusters of shops. SETTING: Dangme West, a poor rural district of Ghana. PARTICIPANTS: Shops and their clients, both adults and children. INTERVENTIONS: Providing rapid diagnostic tests with rea...",,,,,,,,
PM-0495,PubMed,25737176,Aljadhey Hisham; Assiri Ghada A; Mahmoud Mansour A; Al-Aqeel Sinaa; Murray Michael,2015,Self-medication in Central Saudi Arabia. Community pharmacy consumers' perspectives.,Saudi Med J,10.15537/smj.2015.3.10523,"OBJECTIVES: To determine the prevalence of self-medication and assess the knowledge, attitudes, and perception of consumers toward self-medication. METHODS: This cross-sectional survey was conducted over 4 weeks in May 2011 in Riyadh city, Kingdom of Saudi Arabia. Community pharmacies within 5 areas of the city (North, South, West, East, and Middle) were randomly selected for the study. All consumers were approached to participate in the study, with the exception of those buying cosmetic and ...",,,,,,,,
PM-0496,PubMed,25711969,Altiner Attila; Bell John; Duerden Martin; Essack Sabiha; Kozlov Roman et al.,2015,"More action, less resistance: report of the 2014 summit of the Global Respiratory Infection Partnership.",Int J Pharm Pract,10.1111/ijpp.12177,"'Antimicrobial resistance is a global health security threat that requires concerted cross-sectional action by governments and society as a whole,' according to a report published by the WHO in April 2014([1]) . On 24-25 June 2014, the Global Respiratory Infection Partnership (GRIP) met in London, UK, together with delegates from 18 different countries to discuss practical steps that can be taken at a local level to address this global problem in an aligned approach. This was the second annua...",,,,,,,,
PM-0497,PubMed,25694754,Jorgji K; Bebeci E; Apostoli P; Apostoli A,2014,Evaluation of use of antibiotics without prescription among young adults in Albania case study: Tirana and Fier District.,Hippokratia,,"BACKGROUND: Self-medication is defined as the utilization of drugs to treat self-diagnosed disorders or symptoms, or the irregular or continuous use of a prescribed drug for chronic or repeated diseases or symptoms. The main problem with self-medication with antimicrobials is the emergence of pathogenic resistance. Antimicrobial resistance is an existing problem world-wide, mainly in developing countries. The aims and objectives of the study presented in this article are to evaluate the preva...",,,,,,,,
PM-0498,PubMed,25616627,Kusturica Milica Paut; Tomic Zdenko; Bukumiric Zoran; Ninkovic Ljiljana; Tomas Ana et al.,2015,Home pharmacies in Serbia: an insight into self-medication practice.,Int J Clin Pharm,10.1007/s11096-015-0071-x,"BACKGROUND: Worldwide data indicate that self-medication is frequently used inappropriately. Although self-medication is encouraged in most of the countries by introducing over-the-counter drugs, it bears the risk of misuse of drugs issued on prescription due to low observance of legislation of medicines requiring prescription by some pharmacies. OBJECTIVE: The objective of this study was to explore the self-medication practice, with an emphasis on self-medication with prescription-only medic...",,,,,,,,
PM-0499,PubMed,25580168,Alili-Idrizi Edita; Dauti Merita; Malaj Ledjan,2014,"Validation of the parental knowledge and attitude towards antibiotic usage and resistance among children in Tetovo, the Republic of Macedonia.",Pharm Pract (Granada),10.4321/s1886-36552014000400003,"OBJECTIVE: This study sought to explore the knowledge and attitudes of parents on the use of antibiotics among children that could serve as baseline data and provide further insight in planning and developing strategies for local health education purposes. METHODS: A cross-sectional survey involving 500 parents who attended community pharmacies in Tetovo, Republic of Macedonia, was conducted using a self-administered questionnaire from October 2013 to January 2014. The questionnaire included ...",,,,,,,,
PM-0500,PubMed,25558070,Guinovart Maria C; Figueras Albert; Llop J Carles; Llor Carl,2015,Obtaining antibiotics without prescription in Spain in 2014: even easier now than 6 years ago.,J Antimicrob Chemother,10.1093/jac/dku526,,,,,,,,,
PM-0501,PubMed,25482306,Roque Fátima; Soares Sara; Breitenfeld Luiza; Figueiras Adolfo; Herdeiro Maria Teresa,2015,Influence of community pharmacists׳ attitudes on antibiotic dispensing behavior: a cross-sectional study in Portugal.,Clin Ther,10.1016/j.clinthera.2014.11.006,"PURPOSE: The emergence of microbial resistance is widely associated with inappropriate antibiotic use. Self-medication with antibiotics acquired directly from pharmacies without a medical prescription has been reported by several European countries as being an important cause of such inappropriate use. The goal of this study was to identify and evaluate community pharmacists׳ attitudes toward and knowledge of antibiotics and microbial resistance and to assess what influence, if any, these attitu",,,,,,,,
PM-0502,PubMed,25418055,Zaidi Mussaret B; Dreser Anahi; Figueroa Inda Marcela,2015,A collaborative initiative for the containment of antimicrobial resistance in Mexico.,Zoonoses Public Health,10.1111/zph.12166,"Antimicrobial resistance exacts worldwide an increasingly significant clinical and economic toll. Despite the international calls for urgent action, antimicrobial use and resistance have been low on the Mexican government's policy agenda. In early 2010, a multidisciplinary group of experts launched a national initiative for containment of antimicrobial resistance that was endorsed by major medical, veterinary and public health institutions. The initiative called for seven priority actions includ",,,,,,,,
PM-0503,PubMed,25320938,Teichert Martina; Schermer Tjard; van den Nieuwenhof Lotte; De Smet Peter A G M; Wensing Michel,2014,Prevalence of inappropriate prescribing of inhaled corticosteroids for respiratory tract infections in the Netherlands: a retrospective cohort study.,NPJ Prim Care Respir Med,10.1038/npjpcrm.2014.86,BACKGROUND: Inhaled corticosteroids (ICS) are recommended in prevailing guidelines for use in patients with persistent asthma or moderate-to-severe chronic obstructive pulmonary disease (COPD) and recurrent exacerbations. Recent data from Australia showed that 44% of patients with a single ICS dispensing and without other respiratory inhalation medications ('one-off ICS') were co-dispensed oral antibiotics. Evidence of the merit of ICS for treating respiratory infections in subjects without asth,,,,,,,,
PM-0504,PubMed,25313222,Santa-Ana-Tellez Yared; Mantel-Teeuwisse Aukje K; Leufkens Hubert G M; Wirtz Veronika J,2015,Seasonal variation in penicillin use in Mexico and Brazil: analysis of the impact of over-the-counter restrictions.,Antimicrob Agents Chemother,10.1128/AAC.03629-14,"During 2010, Mexico and Brazil implemented policies to enforce existing laws of restricting over-the-counter sales of antibiotics. We determined if the enforcement led to more appropriate antibiotic use by measuring changes in seasonal variation of penicillin use. We used retail quarterly sales data in defined daily doses per 1,000 inhabitant-days (DDD/TID) from IMS Health from the private sector in Mexico and Brazil from the first quarter of 2007 to the first quarter of 2013. This database cont",,,,,,,,
PM-0505,PubMed,25189561,Rutta E; Tarimo A; Delmotte E; James I; Mwakisu S et al.,2014,Understanding private retail drug outlet dispenser knowledge and practices in tuberculosis care in Tanzania.,Int J Tuberc Lung Dis,10.5588/ijtld.14.0020,"SETTING: Private sector accredited drug dispensing outlets in Morogoro and pharmacies in Dar es Salaam, Tanzania. OBJECTIVE: To assess 1) the level of knowledge about tuberculosis (TB) among dispensers in Tanzania's retail pharmaceutical sector; 2) practices related to identification of patients with suspected TB; 3) the availability of educational materials and training; and 4) the availability of first- and second-line anti-tuberculosis treatment in retail drug outlets. DESIGN: A cross-section",,,,,,,,
PM-0506,PubMed,25184092,Ahmad A; Patel I; Mohanta Gp; Balkrishnan R,2014,Evaluation of self medication practices in rural area of town sahaswan at northern India.,Ann Med Health Sci Res,10.4103/2141-9248.138012,"BACKGROUND: Many of the studies have investigated the prevalence and nature of self-medication. It is a common type of self-care behavior among the populace of various countries. World Health Organization promotes the practice of self-medication for effective and quick relief of symptoms without medical consultations to reduce the burden on health-care services, which are often understaffed and inaccessible in rural and remote areas. AIM: The aim of the study was to determine the extent and patt",,,,,,,,
PM-0507,PubMed,25175910,Bernabé Muñoz Elena; Flores Dorado Macarena; Martínez Martínez Fernando,2015,[Level of knowledge of antibiotics prescribed in outpatients].,Aten Primaria,10.1016/j.aprim.2014.04.014,"INTRODUCTION: The lack of patient knowledge about their medication is considered to be one of the main reasons for an inappropriate use. OBJECTIVE: This study the level of knowledge in patients about their prescribed antibiotic, and describes some of the factors related to this. DESIGN: A cross-sectional, descriptive and observational study with an analytical component. SITE: A community pharmacy in Murcia. METHODS: The study form was offered to all customers who arrived to obtain antibiotics wh",,,,,,,,
PM-0508,PubMed,25139454,Farah Rita; Lahoud Nathalie; Salameh Pascale; Saleh Nadine,2015,Antibiotic dispensation by Lebanese pharmacists: a comparison of higher and lower socio-economic levels.,J Infect Public Health,10.1016/j.jiph.2014.07.003,"INTRODUCTION: Indiscriminate use of antibiotics contributes to a global spread of antimicrobial resistance. Previous studies showed an excessive consumption of antibiotics purchased without medical prescription from community pharmacies, mainly in developing countries. There is a shortage of studies revealing the role of community pharmacists in the overuse of antibiotics. Our objective is to study the dispensing policy of non-medical prescription antibiotics in community pharmacies, assessing t",,,,,,,,
PM-0509,PubMed,25040636,Northey Alyce; McGuren Therese; Stupans Ieva,2015,Patients' antibiotic knowledge: a trial assessing the impact of verbal education.,Int J Pharm Pract,10.1111/ijpp.12136,"OBJECTIVES: The purpose of this study was to assess the effectiveness of involving community pharmacy staff in patient education about antibiotic resistance, thus improving antibiotic knowledge. METHODS: Thirty-four patients presenting a valid antibiotic script for dispensing at three community pharmacies in regional New South Wales, Australia were randomly allocated by ballot draw to an intervention group or control group. Those in the intervention group were provided with verbal education base",,,,,,,,
PM-0510,PubMed,24966275,Zapata-Cachafeiro Maruxa; González-González Cristian; Váquez-Lago Juan M; López-Vázquez Paula; López-Durán Ana et al.,2014,Determinants of antibiotic dispensing without a medical prescription: a cross-sectional study in the north of Spain.,J Antimicrob Chemother,10.1093/jac/dku229,OBJECTIVES: Antibiotic resistance is a major public health concern and is greatly exacerbated by inappropriate antibiotic use at a community level. The aim of this study was to ascertain which attitudes of community pharmacists were related to inappropriate antibiotic dispensing. METHODS: We conducted a cross-sectional study of community pharmacists in a region situated in northern Spain (n = 393). Personal interviews were conducted using a self-administered questionnaire. The degree of agreemen,,,,,,,,
PM-0511,PubMed,24941883,Lv Bing; Zhou Zhongliang; Xu Guiping; Yang Dingkun; Wu Lina et al.,2014,"Knowledge, attitudes and practices concerning self-medication with antibiotics among university students in western China.",Trop Med Int Health,10.1111/tmi.12322,"OBJECTIVES: To evaluate the knowledge, attitude and behaviours of university students on the use of antibiotics. METHODS: A knowledge-attitude-practice questionnaire was developed and distributed to undergraduate students of Xi'an Jiaotong University, comprising 18 schools/colleges in Shaanxi Province, western China. Chi-square test and logistic regression analysis were applied to identify risk factors associated with self-medication with antibiotics. RESULTS: Of the 731 respondents (response ra",,,,,,,,
PM-0512,PubMed,24658124,Ocan Moses; Bwanga Freddie; Bbosa Godfrey S; Bagenda Danstan; Waako Paul et al.,2014,Patterns and predictors of self-medication in northern Uganda.,PLoS One,10.1371/journal.pone.0092323,"Self-medication with antimicrobial agents is a common form of self-care among patients globally with the prevalence and nature differing from country to country. Here we assessed the prevalence and predictors of antimicrobial self-medication in post-conflict northern Uganda. A cross-sectional study was carried out using structured interviews on 892 adult (≥18 years) participants. Information on drug name, prescriber, source, cost, quantity of drug obtained, and drug use was collected. Households",,,,,,,,
PM-0513,PubMed,24647269,Bahnassi Anas,2016,"Pharmacists Views and Practices in Regard to Sales of Antibiotics Without a Prescription in Madinah, Saudi Arabia.",J Patient Saf,10.1097/PTS.0000000000000087,"OBJECTIVE: The aim of this study was to investigate pharmacists views and practices in Madinah, Saudi Arabia, through conducting direct interviews including direct questions and hypothetical scenarios. METHODS: A purposeful sample of 150 community pharmacists of different ethnic and educational backgrounds were approached to participate in the study. Semistructured interviews including general questions and 5 hypothetical scenarios were used for the investigation. Complete transcripts of the int",,,,,,,,
PM-0514,PubMed,24621618,Uzochukwu Benjamin S C; Onwujekwe Obinna E; Okwuosa Chinenye; Ibe Ogochukwu P,2014,Patent medicine dealers and irrational use of medicines in children: the economic cost and implications for reducing childhood mortality in southeast Nigeria.,PLoS One,10.1371/journal.pone.0091667,"This study assessed the economic costs of irrational medicine use by Patent Medicine Dealers (PMDs) for malaria, acute respiratory infection (ARI) and diarrhea diseases (DD) in Nigeria. Exit interviews were conducted with 395 respondents who sought care for their children from 15 PMDs in Abakpa district of Enugu state Nigeria. Of the total respondents, 80.0% received treatment for malaria while 12.0% and 8.0% received treatment for DD and ARI respectively. The average number of drugs dispensed p",,,,,,,,
PM-0515,PubMed,24599387,Roque Fátima; Soares Sara; Breitenfeld Luiza; Gonzalez-Gonzalez Cristian; Figueiras Adolfo et al.,2014,Portuguese community pharmacists' attitudes to and knowledge of antibiotic misuse: questionnaire development and reliability.,PLoS One,10.1371/journal.pone.0090470,"OBJECTIVE: To develop and evaluate the reliability of a self-administered questionnaire designed to assess the attitudes and knowledge of community pharmacists in Portugal about microbial resistance and the antibiotic dispensing process. METHODS: This study was divided into the following three stages: (1) design of the questionnaire, which included a literature review and a qualitative study with focus-group sessions; (2) assessment of face and content validity, using a panel of experts and a pr",,,,,,,,
PM-0516,PubMed,24596741,Alabid Alamin Hassan M A; Ibrahim Mohamed Izham Mohamed; Hassali Mohamed Azmi,2014,"Antibiotics Dispensing for URTIs by Community Pharmacists (CPs) and General Medical Practitioners in Penang, Malaysia: A Comparative Study using Simulated Patients (SPs).",J Clin Diagn Res,10.7860/JCDR/2014/6199.3923,"BACKGROUND: In Malaysia, doctors in private clinics (often called dispensing doctors) are permitted to dispense medicines. This potentially may compromise rational dispensing of medicines in general and antibiotics in particular. AIM: This study explored, assessed and compared dispensing of antibiotics between Community Pharmacist (CP) and General Practitioners (GPs) regarding symptomatic diagnosis, antibiotic categories, adherence to therapeutic doses and promotion of generic antibiotics. METHO",,,,,,,,
PM-0517,PubMed,24585580,Mattie James K; Desai Sukumar P,2015,"Samuel Holden Parsons Lee (1772-1863): American physician, entrepreneur and selfless fighter of the 1798 Yellow Fever epidemic of New London, Connecticut.",J Med Biogr,10.1177/0967772013479275,"Samuel Holden Parsons Lee practised medicine at a time when the germ theory of disease had not yet been proposed and antibiotics remained undiscovered. In 1798 he served selflessly as the only physician in town who was willing to battle the Yellow Fever outbreak of New London, Connecticut. Because he practised at the dawn of the age of patent medicine, unfortunately his name also came to be associated with medical quackery. We argue that his contributions have been grossly underestimated. He com",,,,,,,,
PM-0518,PubMed,24581680,Muñoz Elena Bernabé; Dorado Macarena Flores; Guerrero José Espejo; Martínez Fernando Martínez,2014,The effect of an educational intervention to improve patient antibiotic adherence during dispensing in a community pharmacy.,Aten Primaria,10.1016/j.aprim.2013.12.003,"OBJECTIVE: To assess the effectiveness of an educational intervention on antibiotic adherence and patient-reported resolution of symptoms. DESIGN: A controlled experimental study with systematic assignment to groups. SETTING: A pharmacy in Murcia. Participants were patients who came to the pharmacy with a prescription for antibiotics. Intervention provided information on treatment characteristics (duration, dose and method of use) and correct compliance. A control group received routine care. Ma",,,,,,,,
PM-0519,PubMed,24576064,Yu Miao; Zhao Genming; Stålsby Lundborg Cecilia; Zhu Yipin; Zhao Qi et al.,2014,"Knowledge, attitudes, and practices of parents in rural China on the use of antibiotics in children: a cross-sectional study.",BMC Infect Dis,10.1186/1471-2334-14-112,"BACKGROUND: The purpose of the study was to investigate parents' perceptions of antibiotic use for their children, interactions between parents and physicians regarding treatment with antibiotics, and factors associated with parents self-medicating children with antibiotics. METHODS: A cross-sectional study was conducted in vaccination clinics in two rural Chinese counties. Primary caregivers (the child's parents in 97% of cases) visiting these clinics for the vaccination of their young children",,,,,,,,
PM-0520,PubMed,24567759,Thompson Angus; Copping Shannan; Stafford Andrew; Peterson Gregory,2014,"Repeatable antibiotic prescriptions: an assessment of patient attitudes, knowledge and advice from health professionals.",Australas Med J,10.4066/AMJ.2014.1871,BACKGROUND: Previous Australian research has identified that general practice software systems appear to be associated with an increase in repeatable antibiotic prescriptions. Such prescriptions potentially facilitate the use of antibiotics without medical consultation and may be inconsistent with attempts to promote prudent use of antimicrobials. AIMS: We sought to assess knowledge and attitudes to antibiotics amongst patients presenting with a repeatable prescription; and the provision of supp,,,,,,,,
PM-0521,PubMed,24555709,Nga Do Thi Thuy; Chuc Nguyen Thi Kim; Hoa Nguyen Phuong; Hoa Nguyen Quynh; Nguyen Nguyen Thi Thuy et al.,2014,Antibiotic sales in rural and urban pharmacies in northern Vietnam: an observational study.,BMC Pharmacol Toxicol,10.1186/2050-6511-15-6,"BACKGROUND: The irrational overuse of antibiotics should be minimized as it drives the development of antibiotic resistance, but changing these practices is challenging. A better understanding is needed of practices and economic incentives for antibiotic dispensing in order to design effective interventions to reduce inappropriate antibiotic use. Here we report on both quantitative and qualitative aspects of antibiotic sales in private pharmacies in northern Vietnam. METHOD: A cross-sectional st",,,,,,,,
PM-0522,PubMed,24400446,Tachi T; Teramachi H; Asano S; Tanaka K; Fukuta M et al.,2013,Impact of levofloxacin dose adjustments by dispensing pharmacists on adverse reactions and costs in the treatment of elderly patients.,Pharmazie,,"Ensuring an appropriate dosage of renally eliminated drugs for patients with renal insufficiency is important for preventing adverse drug reactions. We investigated the effectiveness of interventions by pharmacists in a hospital pharmaceutical department. The comparative study was performed at Gifu Municipal Hospital in Japan from March to August 2011, and included an intervention (142 patients) and a control group (98 patients). Upon receiving a prescription of levofloxacin for patients aged > ",,,,,,,,
PM-0523,PubMed,24367461,Shehnaz Syed Ilyas; Khan Nelofer; Sreedharan Jayadevan; Issa Khaled Jamal; Arifulla Mohamed,2013,Self-medication and related health complaints among expatriate high school students in the United Arab Emirates.,Pharm Pract (Granada),10.4321/s1886-36552013000400006,"BACKGROUND: Self-medication, often without adult guidance, has been reported to be a common practice during adolescence. Similar to other preventable health-risk behaviors initiated in early adolescence, it has become a cause for concern universally. OBJECTIVE: This study examines the prevalence of self-medication with both prescribed and non-prescribed (OTC) medications, related health complaints, sources of drugs, and sources of drug recommendation, and gender differences related to self-medic",,,,,,,,
PM-0524,PubMed,24367457,Gastelurrutia Miguel Angel; Larrañaga Belen; Garay Angel; Echeveste Francisco de Asís; Fernandez-Llimos Fernando,2013,Impact of a program to reduce the dispensing of antibiotics without a prescription in Spain.,Pharm Pract (Granada),10.4321/s1886-36552013000400002,"BACKGROUND: In 1999, the Pharmacists Association of Gipuzkoa, a Spanish province with a population of 700,000, initiated a campaign to reduce the common practice in community pharmacies of dispensing antibiotics without prescription. OBJECTIVE: The study was designed to assess the ongoing effectiveness of this program in reducing nonprescription dispensing of antibiotics. METHODS: In March 2009, 2 young women posed as simulated patients and visited each of the 280 operating community pharmacies ",,,,,,,,
PM-0525,PubMed,24293335,Ottenbros Stefan; Teichert Martina; de Groot Romy; Griens Fabienne; Sodihardjo Fong et al.,2014,Pharmacist-led intervention study to improve drug therapy in asthma and COPD patients.,Int J Clin Pharm,10.1007/s11096-013-9887-4,"BACKGROUND: Pharmacists can play an important role in identifying and instructing pulmonary patients on their inhalation techniques in their patient contacts when dispensing inhalation medication. Pharmacy dispensing data can be used to identify inappropriate drug use in asthma and chronic obstructive pulmonary disease (COPD) patients. Recent studies found beneficial effects of pharmacy care services in improving drug adherence of pulmonary patients. However, large-scale and rigorous evaluations",,,,,,,,
PM-0526,PubMed,24145940,Abasaeed Abobakr E; Vlcek Jiri; Abuelkhair Mohamed A; Andrajati Retnosari; Elnour Asim A,2013,A comparative study between prescribed and over-the-counter antibiotics.,Saudi Med J,,"OBJECTIVE: To examine the influence of pharmacists` demographic characteristics on dispensing antibiotics purchased with and without a prescription in the community pharmacies. METHODS: This cross-sectional study was conducted in 24 randomly-selected community pharmacies located in Abu Dhabi, United Arab Emirates between March and September 2009. Data were collected through a closed-structured questionnaire and analyzed using the Statistical Package for Social Sciences Version 17. Descriptive st",,,,,,,,
PM-0527,PubMed,24019599,Lawan Umar M; Abubakar Isa S; Jibo Abubakar M; Rufai Ahmed,2013,"Pattern, awareness and perceptions of health hazards associated with self medication among adult residents of kano metropolis, northwestern Nigeria.",Indian J Community Med,10.4103/0970-0218.116350,"BACKGROUND: Kano State is the most populous state, and one of those states pronounced with the highest prevalence of drug abuse in Nigeria. However, there is lack of documented data to back the assertion. OBJECTIVE: We determined the pattern, awareness and perceptions of the adult residents of Kano metropolis about self medication. MATERIALS AND METHODS: We used a descriptive cross-sectional design to study a random sample of 380 adult in Kano metropolis. Data was collected using semi-structured",,,,,,,,
PM-0528,PubMed,23990728,Mukonzo Jackson K; Namuwenge Proscovia M; Okure Gildo; Mwesige Benjamin; Namusisi Olivia K et al.,2013,Over-the-counter suboptimal dispensing of antibiotics in Uganda.,J Multidiscip Healthc,10.2147/JMDH.S49075,"BACKGROUND: Overuse and misuse of antibiotics is a serious global problem. While resistance to older antibiotics is increasing, development of newer molecules has stalled. Resistance to the existing antibiotics that is largely driven by their high-volume use is a global public health problem. Uganda is one of the countries where prescription-only drugs, including antibiotics, can be obtained over the counter. We determined the rate of antibiotic dispensing and use in Uganda. METHODS: The study u",,,,,,,,
PM-0529,PubMed,23964613,Shepherd Marvin D,2013,Examination of why some community pharmacists do not provide 72-hour emergency prescription drugs to Medicaid patients when prior authorization is not available.,J Manag Care Pharm,10.18553/jmcp.2013.19.7.523,"BACKGROUND: Existing federal law requires that a 72-hour emergency supply of a prescription drug be dispensed to Medicaid patients when prior authorization (PA) is not available and the medication is needed without delay. The pharmacist's role is to contact prescribers and inform them that PA is needed. If the prescriber cannot be reached, the pharmacist can dispense a 72-hour emergency supply. OBJECTIVES: To determine (a) the reasons why some community pharmacy owners/managers, staff pharmacist",,,,,,,,
PM-0530,PubMed,23960815,Al-Mohamadi A; Badr A; Bin Mahfouz L; Samargandi D; Al Ahdal A,2013,Dispensing medications without prescription at Saudi community pharmacy: Extent and perception.,Saudi Pharm J,10.1016/j.jsps.2011.11.003,OBJECTIVE: To investigate the dispensing behavior of pharmacists in retail pharmacy practice and to assess their attitude toward dispensing non-OTC drugs and scrutinize the causes of their malpractice; if in fact was perceived. METHOD: Between December 2010 and January 2011 retail pharmacies in Jeddah-KSA were visited randomly by a number of voluntary collaborators who played the role of asking for one or more of the following medications without providing a prescription: Co-amoxiclav (Augmentin,,,,,,,,
PM-0531,PubMed,23665078,Sabry Nirmeen A; Farid Samar F; Dawoud Dalia M,2014,Antibiotic dispensing in Egyptian community pharmacies: an observational study.,Res Social Adm Pharm,10.1016/j.sapharm.2013.03.004,"BACKGROUND: Antibiotics are commonly dispensed medications from community pharmacies, and they are frequently prescribed for inappropriate indications. In many countries, they are easily accessible without prescriptions. The inappropriate use of antibiotics results in the emergence of resistant bacterial strains, which represents a considerable public health problem, particularly in developing countries. OBJECTIVE: This study aimed to describe the pattern of antibiotics dispensing from Egyptian ",,,,,,,,
PM-0532,PubMed,23590558,Du Hank C T; John Dai N; Walker Roger,2014,An investigation of prescription and over-the-counter supply of ophthalmic chloramphenicol in Wales in the 5 years following reclassification.,Int J Pharm Pract,10.1111/ijpp.12033,OBJECTIVES: The aims of the study were to (i) quantify the sales of over-the-counter (OTC) ophthalmic chloramphenicol from all community pharmacies in Wales and investigate the impact on primary care prescriptions up to 5 years after reclassification and (ii) investigate the temporal relationship between items supplied OTC and on NHS primary care prescriptions. METHODS: Primary care prescription data (2004-2010) and OTC sales data (2005-2010) for ophthalmic chloramphenicol were obtained. The qua,,,,,,,,
PM-0533,PubMed,23587151,Al-Ramahi Rowa',2013,Patterns and attitudes of self-medication practices and possible role of community pharmacists in Palestine.,Int J Clin Pharmacol Ther,10.5414/CP201814,"PURPOSE: This research aims to describe the extent of self-medication, assess possible factors associated with it, identify patients' reasons for self-medication and their attitudes towards the role of pharmacists in self-care so that future interventions can be documented and planned. METHODS: A cross-sectional study using a questionnaire was conducted. Questionnaires were distributed randomly to 565 persons from all over the West Bank. The questionnaire covered self-medication purchases and ex",,,,,,,,
PM-0534,PubMed,23582271,Llor Carles; Cots Josep Maria,2013,Dispensing of antibiotics without a medical prescription and communication skills of pharmacists.,Aten Primaria,10.1016/j.aprim.2013.02.004,,,,,,,,,
PM-0535,PubMed,23551290,Wirtz V J; Herrera-Patino J J; Santa-Ana-Tellez Y; Dreser A; Elseviers M et al.,2013,Analysing policy interventions to prohibit over-the-counter antibiotic sales in four Latin American countries.,Trop Med Int Health,10.1111/tmi.12096,"OBJECTIVES: To describe and evaluate policies implemented in Chile, Colombia, Venezuela and Mexico (1995-2009) to prohibit antibiotic OTC sales and explore limitations in available data. METHODS: We searched and analysed legislation, grey literature and peer-reviewed publications on regulatory interventions and implementation strategies to enforce prohibition of OTC antibiotic sales. We also assessed the impact using private sector retail sales data of antibiotics studying changes in level and c",,,,,,,,
PM-0536,PubMed,23540480,Booth Jill L; Mullen Alexander B; Thomson David A M; Johnstone Christopher; Galbraith Susan J et al.,2013,Antibiotic treatment of urinary tract infection by community pharmacists: a cross-sectional study.,Br J Gen Pract,10.3399/bjgp13X665206,"BACKGROUND: Urinary tract infections (UTIs) are one of the most common conditions seen in female patients within primary care. Community pharmacists are familiar with symptomatic UTI management and supplying trimethoprim under patient group direction (PGD) for moderate-to-severe uncomplicated UTIs could improve patient access to treatment. AIM: To compare the care pathway of patients with UTI symptoms attending GP services with those receiving management, including trimethoprim supply under PGD,",,,,,,,,
PM-0537,PubMed,23403610,Minzi Om; Manyilizu Vs,2013,Application of basic pharmacology and dispensing practice of antibiotics in accredited drug-dispensing outlets in Tanzania.,Drug Healthc Patient Saf,10.2147/DHPS.S36409,"BACKGROUND: Provision of pharmaceutical services in accredited drug-dispensing outlets (ADDOs) in Tanzania has not been reported. This study compared the antibiotics dispensing practice between ADDOs and part II shops, or duka la dawa baridi (DLDBs), in Tanzania. METHODOLOGY: This was a cross-sectional study that was conducted in ADDOs and DLDBs. A simulated client method for data collection was used, and a total of 85 ADDOs, located in Mvomero, Kilombero, and Morogoro rural districts, were comp",,,,,,,,
PM-0538,PubMed,23397322,Roque Fátima; Soares Sara; Breitenfeld Luiza; López-Durán Ana; Figueiras Adolfo et al.,2013,Attitudes of community pharmacists to antibiotic dispensing and microbial resistance: a qualitative study in Portugal.,Int J Clin Pharm,10.1007/s11096-013-9753-4,"BACKGROUND: The inappropriate use of antibiotics is considered a main cause of microbial resistance. This is an important public health problem. Community pharmacists have an important role in the management of drugs for outpatients. OBJECTIVE: Our study sought to explore pharmacists' knowledge, attitudes, perceptions and dispensing habits insofar as to antibiotics and microbial resistance. SETTING: The study was developed with community pharmacists in the North of Portugal. METHODS: Qualitative",,,,,,,,
PM-0539,PubMed,23355668,Joosten Hanneke; Drion Iefke; Boogerd Kees J; van der Pijl Emiel V; Slingerland Robbert J et al.,2013,Optimising drug prescribing and dispensing in subjects at risk for drug errors due to renal impairment: improving drug safety in primary healthcare by low eGFR alerts.,BMJ Open,10.1136/bmjopen-2012-002068,"OBJECTIVES: To assess the risk of medication errors in subjects with renal impairment (defined as an estimated glomerular filtration rate (eGFR) ≤40 ml/min/1.73 m(2)) and the effectiveness of automatic eGFR ≤40-alerts relayed to community pharmacists. DESIGN: Clinical survey. SETTING: The city of Zwolle, The Netherlands, in a primary care setting including 22 community pharmacists and 65 general practitioners. PARTICIPANTS: All adults who underwent ambulatory creatine measurements which triggere",,,,,,,,
PM-0540,PubMed,24764541,Kotwani Anita; Holloway Kathleen,2013,"Access to antibiotics in New Delhi, India: implications for antibiotic policy.",J Pharm Policy Pract,10.1186/2052-3211-6-6,"OBJECTIVE: The present survey was conducted to investigate the price and availability of a basket of 24 essential antibiotics and eight high-end antibiotics at various levels of health care in public and private sector in National Capital Territory of Delhi, India using standardized WHO/HAI methodology. METHODS: DATA ON PROCUREMENT PRICE AND AVAILABILITY WAS COLLECTED FROM THREE PUBLIC HEALTHCARE PROVIDERS IN THE STATE: the federal (central) government, state government and Municipal Corporation",,,,,,,,
PM-0541,PubMed,23148204,Suda Katie J; Hicks Lauri A; Roberts Rebecca M; Hunkler Robert J; Danziger Larry H,2013,"A national evaluation of antibiotic expenditures by healthcare setting in the United States, 2009.",J Antimicrob Chemother,10.1093/jac/dks445,"OBJECTIVES: Promoting appropriate antibiotic use has the potential to decrease healthcare costs by reducing unnecessary prescriptions and the incidence of resistant infections. However, little is known about where antibiotic costs are incurred in the US healthcare system. We evaluated antibiotic expenditures by healthcare setting and antibiotic class in the USA. METHODS: Systemic antibiotic expenditures in 2009 were extracted from the IMS Health(©) National Sales Perspectives database. These dat",,,,,,,,
PM-0542,PubMed,22911779,Pan Hui; Cui Binglin; Zhang Dangui; Farrar Jeremy; Law Frieda et al.,2012,"Prior knowledge, older age, and higher allowance are risk factors for self-medication with antibiotics among university students in southern China.",PLoS One,10.1371/journal.pone.0041314,"BACKGROUND: Self-medication with antibiotics (SMA) has been reported among university students in many countries, but little research has been done on this issue in China. The objective of this study was to evaluate knowledge and behaviors of university students and risk factors concerning SMA. METHODOLOGY/PRINCIPAL FINDINGS: Using a novel questionnaire-based data collection instrument, an anonymous online survey was conducted with the students of Shantou University (STU), a university comprisin",,,,,,,,
PM-0543,PubMed,22812400,Obu Herbert A; Chinawa Josephat M; Ubesie Agozie C; Eke Christopher B; Ndu Ikenna K,2012,"Paracetamol use (and/or misuse) in children in Enugu, South-East, Nigeria.",BMC Pediatr,10.1186/1471-2431-12-103,"BACKGROUND: Paracetamol (also known as acetaminophen) is the commonest available analgesic and anti-pyretic. It is readily accessed from pharmacy, patent medicine and provision shops as over the counter drug making it a potential drug of abuse, especially in children. We sought to find its use and/or misuse in children seen at the paediatric outpatient clinic of the University of Nigeria Teaching Hospital (UNTH) Ituku-Ozalla, Enugu. OBJECTIVE: To determine the dosage, formulation, and frequency ",,,,,,,,
PM-0544,PubMed,22744842,Odalovic Marina; Vezmar Kovacevic Sandra; Ilic Katarina; Sabo Ana; Tasic Ljiljana,2012,Drug use before and during pregnancy in Serbia.,Int J Clin Pharm,10.1007/s11096-012-9665-8,"BACKGROUND: Observation of drug use patterns during pregnancy is necessary for the recognition of potential bad practices and improvement of safe drug use in pregnancy. OBJECTIVE: To investigate prescription and over the counter drug use among Serbian women in the 6 months before pregnancy and in the first 6 months of pregnancy, and to evaluate the drugs used according to the risk to a fetus. Setting Six maternity care units and five community pharmacies. METHOD: A multi-center study was perform",,,,,,,,
PM-0545,PubMed,22675697,Dameh Majd; Norris Pauline; Green James,2012,"New Zealand pharmacists' experiences, practices and views regarding antibiotic use without prescription.",J Prim Health Care,,"INTRODUCTION: Very few studies have investigated pharmacists' views, experiences and practices regarding the use of antibiotics without prescription. This study aimed to explore through self-report and hypothetical scenarios what factors determine New Zealand pharmacists' behaviour and attitudes towards non-prescription use of antibiotics. METHODS: A purposeful sample of 35 registered community pharmacists of differing ethnic backgrounds was selected from a mixture of pharmacies that predominant",,,,,,,,
PM-0546,PubMed,22523461,Auta A; Banwat Sb; Dayom Dw; Shalkur D; Avu Mo,2012,Occurrence and treatment of common health problems in a nigerian community.,J Young Pharm,10.4103/0975-1483.93571,"Medicines are cost-effective interventions for the treatment and management of health problems. This research was carried out to determine the common health problems and medicine-use practices in treating health problems in Lamingo, Jos, Nigeria. A total of 109 households covering 676 individuals were recruited and followed up for a period of one month between 6 November 2010 and 11 December 2010. A structured interview was conducted on weekly visits to households to identify illnesses suffered ",,,,,,,,
PM-0547,PubMed,22358407,Vacca Claudia Patricia; Niño Claudia Yaneth; Reveiz Ludovic,2011,"[Restriction of antibiotic sales in pharmacies in Bogotá, Colombia: a descriptive study].",Rev Panam Salud Publica,,"OBJECTIVE: Describe the implementation status of a regulation prohibiting antibiotic sales without a medical prescription in pharmacies of Bogotá, Colombia. METHODS: A cross-sectional descriptive study was conducted using the simulated purchase technique in Bogotá pharmacies (drugstores). The sample of 263 pharmacies was calculated by stratification (chain pharmacies and independent pharmacies) with 5% accuracy and a 2% correction factor. Simple randomization was assigned in each stratum. RESULT",,,,,,,,
PM-0548,PubMed,22334375,Marković-Peković Vanda; Grubiša Nataša,2012,Self-medication with antibiotics in the Republic of Srpska community pharmacies: pharmacy staff behavior.,Pharmacoepidemiol Drug Saf,10.1002/pds.3218,"PURPOSE: Self-medication with antibiotics adds to the global risk of increased spread of bacterial resistance. Attitudes and behavior of health professionals also may reinforce self-medication with antibiotics. The aim of this study was to determine whether self-medication with antibiotics is possible in our community pharmacies and to what extent, and to evaluate the behavior and service of pharmacy health professionals regarding non-prescription antibiotic dispensation. METHODS: An observation",,,,,,,,
PM-0549,PubMed,25650145,Nyambayar Khaliun; Nakamura Keiko; Ohnishi Mayumi; Nakajima Rie; Urnaa Vaanchig et al.,2012,Purchase of Antimicrobials in Retail Pharmacies When a Prescription is Not Required.,J Rural Med,10.2185/jrm.7.51,"OBJECTIVES: The patterns of purchasing prescription antimicrobials with or without a prescription from retail pharmacies in Ulaanbaatar, Mongolia, were examined in relation to purchasers' socioeconomic status and price of the product. METHODS: A survey was conducted at 250 randomly selected pharmacies in Ulaanbaatar. A total of 619 customers were interviewed, and the medicines they bought at the stores were examined by medical doctors. The use of prescriptions and advice in purchasing medicines ",,,,,,,,
PM-0550,PubMed,23772020,Jalilian Farzad; Hazavehei Seyed Mohammad Mehdi; Vahidinia Ali Asghar; Jalilian Mohsen; Moghimbeigi Abbas,2013,"Prevalence and related factors for choosing self-medication among pharmacies visitors based on health belief model in Hamadan Province, west of Iran.",J Res Health Sci,,"BACKGROUND: Self-medication has increased in the last decade in Iran; can be followed several complications. The aim of this study was to determine the prevalence and factors influencing self-medication based on health belief model. METHODS: A cross-sectional study was conducted among 1400 Hamadan Province pharmacies visitors, during spring and summer 2012 which was randomly selected with the proportional to size among different pharmacy at Hamadan for participation in this study. A structured q",,,,,,,,
PM-0551,PubMed,22204447,Sabde Yogesh D; Diwan Vishal; Saraf Vivek S; Mahadik Vijay K; Diwan Vinod K et al.,2011,"Mapping private pharmacies and their characteristics in Ujjain district, Central India.",BMC Health Serv Res,10.1186/1472-6963-11-351,"BACKGROUND: In India, private pharmacies are ubiquitous yet critical establishments that facilitate community access to medicines. These are often the first points of treatment seeking in parts of India and other low income settings around the world. The characteristics of these pharmacies including their location, drug availability, human resources and infrastructure have not been studied before. Given the ubiquity and popularity of private pharmacies in India, such information would be useful ",,,,,,,,
PM-0552,PubMed,22083723,Pottegård Anton; Hallas Jesper; Søndergaard Jens,2011,Pharmaceutical interventions on prescription problems in a Danish pharmacy setting.,Int J Clin Pharm,10.1007/s11096-011-9580-4,"BACKGROUND: International studies regarding pharmacists' interventions towards prescription problems produce highly variable results. The only peer-reviewed study in a Danish setting estimated an intervention rate of 2.3 per 1,000 prescriptions. With the introduction of a new tool for registration, we hypothesized that a better estimate could be obtained. OBJECTIVE: We aimed to produce an up-to-date estimate of the extent and type of pharmacists' interventions towards prescription problems in a ",,,,,,,,
PM-0553,PubMed,21883328,Kotwani A; Wattal C; Joshi P C; Holloway K,2012,"Irrational use of antibiotics and role of the pharmacist: an insight from a qualitative study in New Delhi, India.",J Clin Pharm Ther,10.1111/j.1365-2710.2011.01293.x,"WHAT IS KNOWN AND OBJECTIVE: The overall volume of antibiotic consumption in the community is one of the foremost causes of antimicrobial resistance. In developing countries like India, pharmacists often dispense 'prescription-only' drugs, like antibiotics, to patients who do not have a prescription. Not much data is available regarding detailed information on behaviour of antibiotic use by community pharmacists which is of particular significance to develop a suitable and sustainable interventi",,,,,,,,
PM-0554,PubMed,21878658,Williams Mackenzie; Peterson Gregory M; Tenni Peter C; Bindoff Ivan K; Curtain Colin et al.,2011,Drug-related problems detected in Australian Community Pharmacies: The PROMISe Trial.,Ann Pharmacother,10.1345/aph.1Q138,"BACKGROUND: Drug-related problems (DRPs) are a major burden on health care systems. Community pharmacists are ideally placed to detect, prevent, and resolve these DRPs. OBJECTIVE: To determine the number and nature of DRPs detected and clinical interventions performed by Australian community pharmacists, using an electronic system. METHODS: An electronic documentation system was designed and integrated into the existing dispensing software of 186 pharmacies to allow pharmacists to record details",,,,,,,,
PM-0555,PubMed,21736711,Bin Abdulhak Aref A; Altannir Mohamad A; Almansor Mohammed A; Almohaya Mohammed S; Onazi Atallah S et al.,2011,"Non prescribed sale of antibiotics in Riyadh, Saudi Arabia: a cross sectional study.",BMC Public Health,10.1186/1471-2458-11-538,"BACKGROUND: Antibiotics sales without medical prescriptions are increasingly recognized as sources of antimicrobial misuse that can exacerbate the global burden of antibiotic resistance. We aimed to determine the percentage of pharmacies who sell antibiotics without medical prescriptions, examining the potential associated risks of such practice in Riyadh, Saudi Arabia, by simulation of different clinical scenarios. METHODS: A cross sectional study of a quasi-random sample of pharmacies stratifi",,,,,,,,
PM-0556,PubMed,21733975,,2011,Management of acute infective conjunctivitis.,Drug Ther Bull,10.1136/dtb.2011.02.0043,"Eye conditions account for 2-5% of all consultations in general practice.1 One-third of these eye problems (equivalent to around 13-14 cases per 1,000 population per year) are cases of infective conjunctivitis, normally a self-limiting condition.2,3 Traditionally, topical antibacterials have been prescribed for people with acute infective conjunctivitis.4 In 2005, chloramphenicol eye drops became available over the counter (OTC) from UK pharmacies as a treatment for conjunctivitis, and there is ",,,,,,,,
PM-0557,PubMed,21720688,Bavestrello F Luis; Cabello M Angela,2011,"[Community antibiotic consumption in Chile, 2000-2008].",Rev Chilena Infectol,,"BACKGROUND: The Chilean Ministry of Health has implemented regulatory rules for the consumption of anti-biotics since September 1999, with sales restriction limited only with medical prescription. AIM: To analyze the impact of established regulatory measures from 2000 to 2008. MATERIAL AND METHODS: A retrospective analysis of antibiotics sales in pharmacies from 2000 to 2008 was performed. The information was obtained from the International Marketing System (IMS Health), an auditing system of ph",,,,,,,,
PM-0558,PubMed,21628818,Al-Faham Zaid; Habboub Ghaith; Takriti Farah,2011,"The sale of antibiotics without prescription in pharmacies in Damascus, Syria.",J Infect Dev Ctries,10.3855/jidc.1248,"INTRODUCTION: Overuse of antibiotics has contributed to the development of organism resistance. The acquisition of antibiotics without prescription by the general population seems to be common practice in pharmacies of Damascus, Syria. This study aimed to determine the proportion of pharmacies dispensing antibiotics without medical prescription and without seeing the patient. METHODOLOGY: A cross-sectional study involving a sample of 224 pharmacies was conducted in Damascus. To obtain antibiotic",,,,,,,,
PM-0559,PubMed,21545380,Puspitasari H P; Faturrohmah A; Hermansyah A,2011,Do Indonesian community pharmacy workers respond to antibiotics requests appropriately?,Trop Med Int Health,10.1111/j.1365-3156.2011.02782.x,OBJECTIVE: To quantify antibiotics sales without a prescription and to explore provision of patient assessment and medicine information related to antibiotics requested with or without a prescription in Surabaya community pharmacies. METHODS: Scenarios of specific product requests (ciprofloxacin tablets and tetracycline capsules) and a request of amoxicillin dry syrups based on a new prescription were presented by simulated patients to 105 purposively selected pharmacies. Data were recorded by s,,,,,,,,
PM-0560,PubMed,21507212,Kotwani Anita; Holloway Kathleen,2011,"Trends in antibiotic use among outpatients in New Delhi, India.",BMC Infect Dis,10.1186/1471-2334-11-99,"BACKGROUND: The overall volume of antibiotic consumption in the community is one of the foremost causes of antimicrobial resistance. There is much ad-hoc information about the inappropriate consumption of antibiotics, over-the-counter availability, and inadequate dosage but there is very little actual evidence of community practices. METHODS: This study surveyed antibiotic use in the community (December 2007-November 2008) using the established methodology of patient exit interviews at three typ",,,,,,,,
PM-0561,PubMed,21458699,Sánchez Olga Delgado; Palomo Javier Bautista; Ortega Mercedes Sora; Ribas Francisco Moranta,2010,[Prudent use of antibiotics and suggestions for improvement from community and hospital pharmacy].,Enferm Infecc Microbiol Clin,10.1016/S0213-005X(10)70041-0,"Appropriate use of antibiotics requires an interdisciplinary approach in which hospital and community pharmacies play a key role. The activities carried out in hospital pharmacy can be divided into 3 stages: a) before prescription: through the selection of antimicrobial agents, the creation of guides on prophylaxis and empirical treatments, and incorporation of the decisions into computer programmes that provide detailed electronic prescriptions; b) during prescription: prescription assessment, ",,,,,,,,
PM-0562,PubMed,21261202,Onyeneho Nkechi G; Chukwu Joseph N,2010,Is there a role for patent medicine vendors in tuberculosis control in southern Nigeria?,J Health Popul Nutr,10.3329/jhpn.v28i6.6605,"Patent medicine vendors (PMVs) are a ubiquitous feature of the informal health sector in Nigeria. A previous study on healthcare-seeking behaviour of persons with chronic cough in southern Nigeria found that over 60% of respondents chose the PMV as a healthcare provider of first instance. This study sought to determine the willingness and capability of PMVs to play a role in the national tuberculosis (TB)-control effort. Study sites were selected through a multi-stage sampling process. In total,",,,,,,,,
PM-0563,PubMed,21235657,Kagashe Godeliver A B; Minzi Omary; Matowe Lloyd,2011,"An assessment of dispensing practices in private pharmacies in Dar-es-Salaam, Tanzania.",Int J Pharm Pract,10.1111/j.2042-7174.2010.00075.x,"OBJECTIVES: To assess medicine dispensing practices in private pharmacies in Dar-es-Salaam, Tanzania and recommend interventions to improve practice. METHODS: A cross-sectional survey and observational study of dispensing practices among 70 pharmacies in metropolitan Dar-es-Salaam, Tanzania. KEY FINDINGS: There were 1479 dispensing encounters recorded across the 70 pharmacies. This translated to 1573 medicines dispensed. Of the medicines dispensed, 16% were anti-infectives; 45% of the dispensed ",,,,,,,,
PM-0564,PubMed,21048421,Shinozaki Kohki,2010,[Risk management of QT-prolonging drugs by community pharmacists using a mobile electrocardiograph].,Yakugaku Zasshi,10.1248/yakushi.130.1597,"Prolongation of the QT interval is associated with a high risk of serious arrhythmia, i.e., torsades de pointes (TdP). However, in many cases, the QT-prolonging drug(s) is prescribed without performing a thorough check-up of the patient's condition, especially an electrocardiogram. In addition to patient interview, we used an electrocardiogram obtained with a mobile electrocardiograph (RMH-ECG) in a community pharmacy in order to improve the risk management for QT-prolonging drugs. A comparison ",,,,,,,,
PM-0565,PubMed,21042491,Abay S M; Amelo W,2010,"Assessment of self-medication practices among medical, pharmacy, and health science students in gondar university, ethiopia.",J Young Pharm,10.4103/0975-1483.66798,"The study was aimed at assessing the magnitude and factors of self-medication among medical, pharmacy, and health science students of GCMHS (Gondar College of Medicine and Health Sciences). A cross-sectional study with two-month illness recall was conducted. A Questionnaire consisting of demographic questions and questions on illnesses in the last two months prior to the interview and treatment strategies was prepared and administered to the 414 students, selected as the sample population, from ",,,,,,,,
PM-0566,PubMed,20833621,Zaller Nickolas D; Yokell Michael A; Jeronimo Alexandra; Bratberg Jeffrey P; Case Patricia et al.,2010,Adverse event associated with a change in nonprescription syringe sale policy.,J Am Pharm Assoc (2003),10.1331/JAPhA.2010.09162,"OBJECTIVE: To report and describe the possible correlation of a change in syringe sale policy at a community pharmacy with an adverse clinical outcome. SETTING: Providence, RI, in summer 2009. PATIENT DESCRIPTION: 27-year-old white woman with a long-standing history of chronic relapsing opiate addiction and human immunodeficiency virus (HIV)/hepatitis C virus (HCV) coinfection. CASE SUMMARY: The patient presented to the hospital emergency department with 5 days of severe diffuse pain, swelling i",,,,,,,,
PM-0567,PubMed,20738994,Llor C; Monnet Dl; Cots Jm,2010,"Small pharmacies are more likely to dispense antibiotics without a medical prescription than large pharmacies in Catalonia, Spain.",Euro Surveill,,"The aim of this study was to explore the relationship between pharmacy size and the likelihood of obtaining antibiotics without medical prescription at a pharmacy. In 2008 in Catalonia, two actors presented three different cases in a randomised sample of pharmacies and asked pharmacists for an antibiotic. Pharmacies were considered as small when having limited space with only one counter and a maximum of two professionals selling medicines, as medium sized with three or four attending profession",,,,,,,,
PM-0568,PubMed,20640511,Dameh Majd; Green James; Norris Pauline,2010,Over-the-counter sales of antibiotics from community pharmacies in Abu Dhabi.,Pharm World Sci,10.1007/s11096-010-9418-5,"OBJECTIVES: The aim of this study is to investigate over-the-counter sale of antibiotics from community pharmacies in Abu Dhabi city, focusing on the extent, demographic and socioeconomic determinants of this practice. SETTING: The study was conducted in the capital of the United Arab Emirates, Abu Dhabi, and involved 17 randomly selected private pharmacies. METHOD: A cross-sectional design using structured observations of 30 clients purchasing antibiotics from a pharmacy staff (either a pharmac",,,,,,,,
PM-0569,PubMed,20618975,Hadi Usman; van den Broek Peterhans; Kolopaking Erni P; Zairina Nun; Gardjito Widjoseno et al.,2010,"Cross-sectional study of availability and pharmaceutical quality of antibiotics requested with or without prescription (Over The Counter) in Surabaya, Indonesia.",BMC Infect Dis,10.1186/1471-2334-10-203,"BACKGROUND: Antimicrobial resistance is an increasing problem in developing countries and antibiotic use is widespread. Our previous surveys in Java, Indonesia, revealed that most antibiotic use was probably unnecessary or ineffective. The aim of this study was to explore a potential connection between resistance and substandard antibiotics sold in the area. METHODS: A cross-sectional field study using the simulated client method was conducted in Surabaya. Five first-line antibiotics were reques",,,,,,,,
PM-0570,PubMed,20509736,Albsoul-Younes Abla; Wazaify Mayyada; Yousef Al-Motassem; Tahaineh Linda,2010,Abuse and misuse of prescription and nonprescription drugs sold in community pharmacies in Jordan.,Subst Use Misuse,10.3109/10826080802490683,"The aim of this study was to investigate abuse/misuse of prescription and nonprescription drugs in community pharmacies in Jordan by random distribution of a structured questionnaire to 405 pharmacies (November 2005-January 2006). Data were analyzed using SPSS for windows (version 14.0). Most respondents (94.1%) suspected that some level of abuse/misuse occurred in their pharmacy, which was highest for decongestants, cough/cold preparations, benzodiazepines, and antibiotics. Abuse/misuse of pres",,,,,,,,
PM-0571,PubMed,20420303,Gartin Meredith; Brewis Alexandra A; Schwartz Norah Anita,2010,Nonprescription antibiotic therapy: cultural models on both sides of the counter and both sides of the border.,Med Anthropol Q,10.1111/j.1548-1387.2010.01086.x,"Antibiotic resistance is a global public health threat exacerbated by medically unwarranted or improper antibiotic use. Pharmacy counters at the U.S.-Mexico border provide an example of where lay decisions to use antibiotics in ways considered ""risky"" may be initiated and negotiated. We test how cultural and public health knowledge of antibiotics is distributed among pharmacy staff, local Mexican clients, and U.S. medical tourists in the bordertown of Nogales using a cultural consensus tool. We ",,,,,,,,
PM-0572,PubMed,20384981,Cohen David; Alam M Fasihul; Dunstan Frank D J; Myles Susan; Hughes Dyfrig A et al.,2010,Abolition of prescription copayments in Wales: an observational study on dispensing rates.,Value Health,10.1111/j.1524-4733.2010.00717.x,"OBJECTIVE: To assess effects of abolition of prescription copayments in Wales on rates of dispensing. METHODS: General practice-level monthly dispensing data were compared before/after abolition between Wales and North East (NE) England where the charge was retained. Data for 14 medicines that had most items dispensed subject to charge before abolition were similarly compared with NE England. For those with over-the-counter substitutes, wholesale sales to pharmacies were examined. A survey exami",,,,,,,,
PM-0573,PubMed,22125705,Jassim Abdul-Mohsin,2010,"In-home Drug Storage and Self-medication with Antimicrobial Drugs in Basrah, Iraq.",Oman Med J,10.5001/omj.2010.25,"OBJECTIVES: To estimate the prevalence of self-medication with antimicrobial drugs and to record the stored medicine at home. METHODS: This is a descriptive study involving a questionnaire survey to determine the extent of drug storage and self-medication. A total of 300 household units in Basrah, Iraq were including in this study. A survey was conducted in 300 households in Basrah, southern Iraq to determine the availability, source, and storage conditions of medicinal drugs and the prevalence ",,,,,,,,
PM-0574,PubMed,20184852,Plachouras D; Kavatha D; Antoniadou A; Giannitsioti E; Poulakou G et al.,2010,"Dispensing of antibiotics without prescription in Greece, 2008: another link in the antibiotic resistance chain.",Euro Surveill,,"Antibiotic resistance has been associated with the use of antibiotics. The dispensing of antimicrobials without prescription is a potential source of inappropriate antibiotic use. In our study, antibiotics were requested without prescription from pharmacies in the metropolitan area of Athens in Greece in 2008. Twenty-one collaborators visited 174 pharmacies and asked for either amoxicillin/clavulanate acid or ciprofloxacin without providing a prescription or any other justification for the reque",,,,,,,,
PM-0575,PubMed,20071496,Velthove Karin J; Leufkens Hubert Gm; Schweizer René C; van Solinge Wouter W; Souverein Patrick C,2010,Medication changes prior to hospitalization for obstructive lung disease: a case-crossover study.,Ann Pharmacother,10.1345/aph.1M513,"BACKGROUND: Hospitalizations have always been seen as a solid outcome parameter in pharmacoepidemiology. However, the period leading to hospitalization and prehospital management of the patient are equally important. OBJECTIVE: To evaluate medication changes in the period prior to hospitalization for obstructive lung disease and to quantify the association between medication use and the risk of hospitalization. METHODS: We conducted a case-crossover study using the PHARMO record linkage system, ",,,,,,,,
PM-0576,PubMed,25152796,Rasool Bazigha K Abdul; Fahmy Sahar A; Abu-Gharbieh Eman F; Ali Heyam S,2010,Professional practices and perception towards rational use of medicines according to WHO methodology in United Arab Emirates.,Pharm Pract (Granada),10.4321/s1886-36552010000100009,"UNLABELLED: Inappropriate prescribing reduces the quality of medical care and leads to a waste of resources. No study has been reported concerning rational drug use in United Arab Emirates, UAE, recently. OBJECTIVES: assessing patterns of use and defining problems regarding the rational drug use.Setting baseline situational analysis study for practices in the health care system relevant to drug use. METHOD: A descriptive pilot study, consisting of pharmacists, physicians and patients (100 of eac",,,,,,,,
PM-0577,PubMed,22125697,Mohanna Mabrook,2010,"Self-medication with Antibiotic in Children in Sana'a City, Yemen.",Oman Med J,10.5001/omj.2010.10,"OBJECTIVES: To study the prevalence of self- medication with antibiotic in children presented to the outpatient department at Sam hospital, Sana'a city Yemen. METHODS: This is a descriptive study conducted in the outpatient department of Sam hospital Sana'a city Yemen, during a five months period from Dec 2007 to Apr 2008. 2000 patients (1110 males and 890 females) were seen for different causes during that period. All patients were asked if they used antibiotics in the last 15 days without medi",,,,,,,,
PM-0578,PubMed,20000030,Mwambete Kennedy D,2009,Irrational antibiotic usage in boarding secondary school settings in Dar es Salaam.,East Afr J Public Health,10.4314/eajph.v6i2.51774,OBJECTIVE: To assess the prevalence of antibiotic misuse among boarding secondary school students in Dares Salaam. METHODOLOGY: This descriptive cross-sectional study was conducted over 3-month period amongst boarding secondary school students. A randomized sample of students was recruited from at least 3 secondary schools from each of the three municipalities of Dar es Salaam region. Questionnaire with both closed-and open-ended questions was used for data collection in which socio-demographic ,,,,,,,,
PM-0579,PubMed,19951830,Hounsa A; Kouadio L; De Mol P,2010,"[Self-medication with antibiotics obtained from private pharmacies in Abidjan, Ivory Coast].",Med Mal Infect,10.1016/j.medmal.2009.10.002,"UNLABELLED: Self-medication with antibiotics is all the more disturbing in developing countries where this type of medication is easily available, and often without any prescription. OBJECTIVES: The authors wanted to assess and describe self-medication with antibiotics and identify the factors and public perception associated with this type of self-medication. PATIENTS AND METHODS: Eighteen private pharmacies were randomly selected in Abidjan. Data was collected through structured questionnaires",,,,,,,,
PM-0580,PubMed,19900951,van den Boogaard Jossy; Semvua Hadija H; Boeree Martin J; Aarnoutse Rob E; Kibiki Gibson S,2010,Sale of fluoroquinolones in northern Tanzania: a potential threat for fluoroquinolone use in tuberculosis treatment.,J Antimicrob Chemother,10.1093/jac/dkp413,"OBJECTIVES: Fluoroquinolones have a potential role in shortening tuberculosis (TB) treatment duration. They are currently used in the treatment of other infections. This has raised concerns about development of mycobacterial resistance. The current study evaluates the sale of fluoroquinolones (among other antibacterials) in Moshi, Tanzania, a country with one of the highest burdens of TB in the world. METHODS: Trained pharmacy assistants registered the sale of fluoroquinolones during February an",,,,,,,,
PM-0581,PubMed,19873851,Hounsa A; De Mol P,2009,[Antibiotics dispensed upon the recommendation of staff in private dispensaries in Abidjan in the Ivory Coast].,J Pharm Belg,,BACKGROUND: The inappropriate dispensing of antibiotics and inadequate antibiotic treatment leads to the emergence of bacterial resistance. The aim of this study is to assess and describe the antibiotics dispensed upon the recommendation of staff in private pharmacies in Abidjan. It is also a matter of determining whether the information given when the drug is dispensed encourages the correct compliance of the antibiotic treatment by the patients. METHODS: Eighteen private pharmacies were in the,,,,,,,,
PM-0582,PubMed,19811104,Apisarnthanarak Anucha; Mundy Linda M,2009,"Comparison of methods of measuring pharmacy sales of antibiotics without prescriptions in Pratumthani, Thailand.",Infect Control Hosp Epidemiol,10.1086/647980,,,,,,,,,
PM-0583,PubMed,19777534,Lewinski Daniel; Wind Stefan; Belgardt Christian; Plate Vanessa; Behles Christian et al.,2010,Prevalence and safety-relevance of drug-related problems in German community pharmacies.,Pharmacoepidemiol Drug Saf,10.1002/pds.1861,"PURPOSE: The purpose of this study was to assess prevalence and characteristics, including safety-relevance, of drug-related problems (DRPs) detectable in community pharmacy routine service, and to investigate the influence of relevant risk factors. METHODS: Patients in 69 community pharmacies in Berlin were surveyed using a checklist for quality assurance of DRP detection in order to enable quantitative detection. An expert committee assessed the safety-relevance of detected DRPs by use of an a",,,,,,,,
PM-0584,PubMed,19762966,Abasaeed Abobakr; Vlcek Jiri; Abuelkhair Mohammed; Kubena Ales,2009,"Self-medication with antibiotics by the community of Abu Dhabi Emirate, United Arab Emirates.",J Infect Dev Ctries,10.3855/jidc.466,"BACKGROUND: Self-medication with antibiotics may increase the risk of inappropriate use and the selection of resistant bacteria. The objective of the study was to estimate the prevalence of self-medication with antibiotics in Abu Dhabi. METHODOLOGY: A validated, self-administered questionnaire was used to collect data. Data were analysed using descriptive statistics, and the chi-square test when applicable. One thousand subjects were invited to participate in the study. RESULTS: Eight hundred si",,,,,,,,
PM-0585,PubMed,19748874,Lam Annie Y; Rose Dave,2009,Telepharmacy services in an urban community health clinic system.,J Am Pharm Assoc (2003),10.1331/JAPhA.2009.08128,"OBJECTIVE: To describe telepharmacy-related services and outcome. SETTING: Suburban western Washington State during 2007 to 2008. PRACTICE DESCRIPTION: Five network clinics without in-house pharmacies are remotely connected to a central pharmacy to provide telepharmacy services. PRACTICE INNOVATION: Automated drug dispensing system (ADDS) units, webcams, and electronic medical charts were used to provide remote medication order processing/dispensing, patient counseling, refill authorizations, an",,,,,,,,
PM-0586,PubMed,19675384,Kotwani Anita; Holloway Kathleen; Chaudhury R R,2009,Methodology for surveillance of antimicrobials use among out-patients in Delhi.,Indian J Med Res,,"BACKGROUND & OBJECTIVE: Determining antibiotic use in the population is problematic in India, as there are no population level databases on prescriptions and over-the-counter sales. This study attempts to establish a methodology for surveillance of antibiotic use in the community. METHODS: Antibiotic use was monitored in fi ve municipal wards of Delhi, from January-December 2004. Thirty co-operative retail pharmacies were enrolled in Inderpuri (7), Karol Bagh (3), Patel Nagar (5), Rajinder Nagar",,,,,,,,
PM-0587,PubMed,19623576,Gagliotti Carlo; Mazzetti Ilaria; Moro Maria Luisa,2009,Comparison of sales and reimbursement data regarding outpatient antibiotic use in a northern Italian Region.,Pharmacoepidemiol Drug Saf,10.1002/pds.1812,"PURPOSE: To evaluate the accuracy of systemic antibiotic use statistics, based on the reimbursement data of the Emilia-Romagna Region (Italy), focusing on agents prescribed for urinary tract infections. METHODS: Reimbursement data were obtained from the drug prescription database that includes all outpatient drug prescriptions reimbursed by the Regional Health Service in 2007. Reimbursements were compared to sales data, provided by International Medical Statistics (IMS) Health. RESULTS: The reim",,,,,,,,
PM-0588,PubMed,19583671,Hersberger K E; Botomino A; Sarkar R; Tschudi P; Bucher H C et al.,2009,Prescribed medications and pharmacy interventions for acute respiratory tract infections in Swiss primary care.,J Clin Pharm Ther,10.1111/j.1365-2710.2009.01049.x,BACKGROUND AND OBJECTIVES: Symptomatic medications are often not considered in clinical studies assessing interventions to reduce prescribing of antibiotics for acute respiratory tract infections (ARTI). Our study objectives were to examine prescribing patterns of antibiotics and symptomatic medications for ARTI in Swiss primary care and to monitor pharmacists' interventions during the prescription-dispensing process. METHODS: Medical records of 695 patients participating in a clinical trial whi,,,,,,,,
PM-0589,PubMed,19442102,Sahebi Leyla; Vahidi Reza Gholi,2009,Self-medication and storage of drugs at home among the clients of drugstores in Tabriz.,Curr Drug Saf,10.2174/157488609788172982,"OBJECTIVE: This study was conducted with four objectives in mind, including: (1) characteristics of self-medication; (2) storage of drugs at home; (3) factors associated with storage of drugs at home; and (4) comparison of the level and sources of knowledge between over-the-counter (OTC) and prescription-only (POM) medication consumers. METHODS: A cross-sectional survey was conducted in 2007 using a semi-structured questionnaire on 300 clients of 21 drugstores (from a total of 214 drugstores in ",,,,,,,,
PM-0590,PubMed,19414447,Aronson Jeffrey K,2009,From prescription-only to over-the-counter medicines ('PoM to P'): time for an intermediate category.,Br Med Bull,10.1093/bmb/ldp015,"BACKGROUND: Increasing numbers of medicines are being made available over the counter in the UK, by purchase in a pharmacy or from other less well-regulated outlets. When this is allowed by the Licensing Authority, it is often subject to certain restrictions. However, some drugs that could usefully be converted from prescription-only medicines (PoM status) to over-the-counter sales in a pharmacy (P status) are not suitable for full over-the-counter status, even with restrictions; and in some cas",,,,,,,,
PM-0591,PubMed,19361303,Llor Carl; Cots Josep Maria,2009,"The sale of antibiotics without prescription in pharmacies in Catalonia, Spain.",Clin Infect Dis,10.1086/598183,"BACKGROUND: Current regulations in Spain state that antibiotics cannot be sold without a medical prescription. The objective of this study was to quantify the percentage of pharmacies selling antibiotics without an official medical prescription in Catalonia, Spain, by the simulation of 3 different clinical cases presented by actors. METHODS: A prospective study was performed from January through May 2008. Three different cases were presented at pharmacies: sore throat, acute bronchitis, and a ur",,,,,,,,
PM-0592,PubMed,19263235,Cheraghali Abdol Majid; Idries Amjad Mohammed,2009,"Availability, affordability, and prescribing pattern of medicines in Sudan.",Pharm World Sci,10.1007/s11096-009-9282-3,"OBJECTIVE: To evaluate availability, affordability and prescribing pattern of medicines in both public and private health sectors of Sudan. SETTING: Availability, affordability, and rational use of medicines were evaluated in primary health care centers in six states of Sudan. METHODS: The survey followed the WHO guidelines for monitoring and assessing the pharmaceutical situation in countries. For this survey, a total of 36 public health facilities selected from the six geographic areas were id",,,,,,,,
PM-0593,PubMed,19174423,Viberg N; Mujinja P; Kalala W; Kumaranayake L; Vyas S et al.,2009,STI management in Tanzanian private drugstores: practices and roles of drug sellers.,Sex Transm Infect,10.1136/sti.2008.032888,"OBJECTIVES: To describe the role and possible contribution of private drugstores in sexually transmitted infection (STI) management in rural Tanzania. METHODS: A cross-sectional study that included drug sellers in private drugstores in eight districts of Tanzania. Data collected through interviews with drug sellers and the simulated client method presenting a male and female STI case. ""QATI"" scores (Questions, Advice, Treatment and drug Information) were developed to describe overall STI managem",,,,,,,,
PM-0594,PubMed,19125547,Barnett Mitchell J; Frank Jessica; Wehring Heidi; Newland Brand; VonMuenster Shannon et al.,2009,Analysis of pharmacist-provided medication therapy management (MTM) services in community pharmacies over 7 years.,J Manag Care Pharm,10.18553/jmcp.2009.15.1.18,"BACKGROUND: Although community pharmacists have historically been paid primarily for drug distribution and dispensing services, medication therapy management (MTM) services evolved in the 1990s as a means for pharmacists and other providers to assist physicians and patients in managing clinical, service, and cost outcomes of drug therapy. The Medicare Prescription Drug, Improvement, and Modernization Act of 2003 (MMA 2003) and the subsequent implementation of Medicare Part D in January 2006 for ",,,,,,,,
PM-0595,PubMed,19060486,Sawair Faleh A; Baqain Zaid H; Abu Karaky Ashraf; Abu Eid Rasha,2009,Assessment of self-medication of antibiotics in a Jordanian population.,Med Princ Pract,10.1159/000163041,"OBJECTIVE: To assess the extent of self-medication with antibiotics (SMA) in a Jordanian population, and to evaluate the sociodemographic factors affecting this behaviour. SUBJECTS AND METHODS: Face-to-face interviews were conducted with 477 patients aged 16-65 years attending the Department of Dentistry, University of Jordan Hospital. Socio-demographic data were collected and interviewees were asked about their SMA behaviour during the last 6 months, the reasons and motives for this behaviour, ",,,,,,,,
PM-0596,PubMed,18988377,Chandy Sujith J,2008,Consequences of irrational use of antibiotics.,Indian J Med Ethics,10.20529/IJME.2008.064,,,,,,,,,
PM-0597,PubMed,18683077,Wazaify Mayyada; Al-Bsoul-Younes Abla; Abu-Gharbieh Eman; Tahaineh Linda,2008,Societal perspectives on the role of community pharmacists and over-the-counter drugs in Jordan.,Pharm World Sci,10.1007/s11096-008-9244-1,"OBJECTIVE: The aim of this study is to investigate the Jordanian population's attitudes towards the role of community pharmacist and their use of and their perceptions of OTC drugs. SETTING: The interviews were carried out in four urban centers in Jordan with the target sample being 1,000 members of the general public. METHOD: This project used the survey methodology administered by structured interviews to general public in four main urban centers in Jordan. The target sample was 1,000. The que",,,,,,,,
PM-0598,PubMed,18537477,Anthony Marietta; Lee Kwan Y; Bertram Carl T; Abarca Jacob; Rehfeld Rick A et al.,2008,Gender and age differences in medications dispensed from a national chain drugstore.,J Womens Health (Larchmt),10.1089/jwh.2007.0731,"OBJECTIVES: Our objective was to compare sex and age differences in the medications dispensed in pharmacies from a large national drugstore chain. METHODS: Using a list for the 200 most commonly prescribed medicines, we assessed prescriptions dispensed by a large national chain drug store over 1 year (2002-2003). The analysis used U.S. census data adjusted for the population by sex and age and weighted by the number of pharmacies per state. Results are reported as an odds ratio (OR) of prescript",,,,,,,,
PM-0599,PubMed,18510468,Apisarnthanarak Anucha; Tunpornchai Jeeraluk; Tanawitt Korakot; Mundy Linda M,2008,"Nonjudicious dispensing of antibiotics by drug stores in Pratumthani, Thailand.",Infect Control Hosp Epidemiol,10.1086/587496,"Mock patient presentations of 6 common syndromic ailments to drug stores in Pratumthani, Thailand, were conducted. Appropriate dispensing of antibiotic therapy for all 6 presentations occurred at 56 (20%) of 280 drug stores. By multivariate analysis, drug stores' proximity to a hospital was associated with appropriate dispensing of antibiotics (adjusted odds ratio, 34 [95% confidence interval, 15-83]; P < .001).",,,,,,,,
PM-0600,PubMed,18315777,Saengcharoen W; Chongsuvivatwong V; Lerkiatbundit S; Wongpoowarak P,2008,Factors influencing dispensing of antibiotics for upper respiratory infections among Southern Thai community pharmacists.,J Clin Pharm Ther,10.1111/j.1365-2710.2007.00890.x,"BACKGROUND AND OBJECTIVE: Thai community pharmacists are allowed to dispense antibiotics without prescription, and are frequently faced with problems of upper respiratory infections (URI). This study used the theory of planned behaviour to investigate predictors of intention to dispense antibiotics for URI among community pharmacists. METHODS: Self-administered questionnaires were mailed to all community pharmacists in the south of Thailand, measuring intention to dispense antibiotics, attitude,",,,,,,,,
PM-0601,PubMed,18060396,van de Garde Ewoudt M W; Endeman Henrik; van Hemert Remco N; Voorn G Paul; Deneer Vera H M et al.,2008,Prior outpatient antibiotic use as predictor for microbial aetiology of community-acquired pneumonia: hospital-based study.,Eur J Clin Pharmacol,10.1007/s00228-007-0407-0,OBJECTIVE: The causative micro-organism in community-acquired pneumonia (CAP) is often difficult to predict. Different studies have examined chronic morbidity and clinical symptoms as predictors for microbial aetiology of pneumonia. The aim of our study was to assess whether prior outpatient antimicrobial treatment is predictive for determining the microbial aetiology of CAP. METHODS: This was a hospital-based prospective observational study including all patients admitted with CAP between 1 Oct,,,,,,,,
PM-0602,PubMed,17988473,Nsimba S E D,2007,"Assessing the performance, practices and roles of drug sellers/dispensers and mothers'/guardians' behaviour for common childhood conditions in Kibaha district, Tanzania.",Trop Doct,10.1258/004947507782333099,"In most third world countries, self-medication is common and pharmacies, drug stores and drug shops are important providers of health advice and inexpensive medicines. We used exit interviews to assess drug sellers'/dispensers' roles and consumers' behaviour in Kibaha district, Coast region, Tanzania. Exit interviews with mothers/guardians reported the following childhood conditions treated with or without prescriptions at drug shops: respiratory infections (34%), fever (21%), a combination of d",,,,,,,,
PM-0603,PubMed,17650029,Temu-Justin M; Antony P G; Nyaindi M; Masssawe A E,2000,"Extent and outcome of self-medication by patients reporting to a private skin clinic in Dar es Salaam, Tanzania.",Afr J Health Sci,,"A total of 350 patients (203 females and147 males) attending Meise private skin clinic in Dar es Salaam were interviewed to elicit information on various aspects of self-medication including skin conditions for which self medication is commonly used, type and source of medication, the appropriateness for the medication and the outcome of self-medication. Thirty percent of the patients could not ascertain the type of medication they used. The drugs commonly used for self-medication were anti-fung",,,,,,,,
PM-0604,PubMed,17565044,Awad Abdelmoneim I; Eltayeb Idris B,2007,Self-medication practices with antibiotics and antimalarials among Sudanese undergraduate university students.,Ann Pharmacother,10.1345/aph.1K068,"BACKGROUND: In many developing countries, up to 60-80% of health problems are self-medicated. OBJECTIVE: To estimate the prevalence of self-medication with antibiotics and/or antimalarials and identify factors promoting such use among university students in Sudan. METHODS: A descriptive cross-sectional study was performed, using a pretested questionnaire on a sample of 1300 students selected from 5 universities in Khartoum State, Sudan. RESULTS: Eight hundred ninety-one (79.5%; 95% CI 77.0 to 81",,,,,,,,
PM-0605,PubMed,17464572,Esimone Charles Okey; Nworu Chukwuemeka Sylvester; Udeogaranya Obinna Patrick,2007,Utilization of antimicrobial agents with and without prescription by out-patients in selected pharmacies in South-eastern Nigeria.,Pharm World Sci,10.1007/s11096-007-9124-0,"OBJECTIVE: We conducted a study in out-patient pharmacies in South-eastern Nigeria in order to determine the extent of self-medication of antimicrobial agents in this area, assess the dosing error associated with this practice and to ascertain the extent of involvement of community pharmacies. METHOD: A survey was carried out daily in selected community pharmacies for a period of 90 days. Data were collected on the number of patients visiting these shops for antimicrobial agents, the number gett",,,,,,,,
PM-0606,PubMed,17402220,Berzanskyte Ausra; Valinteliene Rolanda; Haaijer-Ruskamp Flora M; Gurevicius Romualdas; Grigoryan Larissa,2006,Self-medication with antibiotics in Lithuania.,Int J Occup Med Environ Health,10.2478/v10001-006-0030-9,"OBJECTIVES: Excessive and not always proper use of antibiotic give rise to numerous problems, of which antimicrobial resistance, currently cause for worldwide concern, is the major one. Few single studies of antibiotic use have been carried out in some countries. This study was performed to estimate the prevalence of antibiotic use in the general population of Lithuania with special interest in self-medication with antibiotics and sources of their acquisition. MATERIALS AND METHODS: Structured q",,,,,,,,
PM-0607,PubMed,17337511,Nyazema N; Viberg N; Khoza S; Vyas S; Kumaranayake L et al.,2007,Low sale of antibiotics without prescription: a cross-sectional study in Zimbabwean private pharmacies.,J Antimicrob Chemother,10.1093/jac/dkm013,"OBJECTIVES: To assess the quality of private pharmacy practice with a focus on the extent of antibiotic sales without prescription in private pharmacies in four Zimbabwean cities in relation to two tracer infectious conditions-sexually transmitted infections (STIs) among females and males, and diarrhoea in a child. METHODS: A cross-sectional study including pharmacies in Harare and three other towns. Information about each pharmacy was collected through structured interviews. Staff were intervie",,,,,,,,
PM-0608,PubMed,17324238,Stewart Derek; Rouf Abdul; Snaith Ailsa; Elliott Kathleen; Helms Peter J et al.,2007,Attitudes and experiences of community pharmacists towards paediatric off-label prescribing: a prospective survey.,Br J Clin Pharmacol,10.1111/j.1365-2125.2007.02865.x,"AIM: To identify community pharmacist experiences of, and attitudes towards paediatric off-label prescribing. METHODS: A prospective questionnaire-based study, with a 21-item questionnaire issued to 1500 randomly selected community pharmacies throughout the UK during 2005 on three separate occasions. RESULTS: Four hundred and eighty-two (32.1%) completed questionnaires were returned. Over 70% of respondents were familiar with the concept of off-label prescribing, primarily through dispensing exp",,,,,,,,
PM-0609,PubMed,25214916,Norris Pauline; Nguyen Hong Anh,2007,Consumption of antibiotics in a small Pacific island nation: Samoa.,Pharm Pract (Granada),10.4321/s1886-36552007000100006,"High levels of antibiotic use contribute to development of antibiotic resistance. There is little known about levels of antibiotic use in Samoa, although anecdotally, there are high levels of use, and a strain of methicillin-resistant Staphylococcus aureus may have developed there. The study aimed to gather basic data on levels of antibiotic use in Samoa. All those who import medicines into Samoa were interviewed; invoices, prescription records in hospitals, pharmacies and health centres were re",,,,,,,,
PM-0610,PubMed,17187223,Becker Matthijs L; Caspers Peter W J; Kallewaard Marjon; Bruinink Riekert J; Kylstra Nico B et al.,2007,Determinants of potential drug-drug interaction associated dispensing in community pharmacies in the Netherlands.,Pharm World Sci,10.1007/s11096-006-9061-3,"OBJECTIVE: There are many drug-drug interactions (D-DI) of which some may cause severe adverse patient outcomes. Dispensing interacting drug combinations should be avoided when the risks are higher than the benefits. The objective of this study was to identify determinants of dispensing undesirable interacting drug combinations by community pharmacies in the Netherlands. METHODS: A total of 256 Dutch community pharmacies were selected, based on the dispensing of 11 undesirable interacting drug c",,,,,,,,
PM-0611,PubMed,17167957,Van Sickle D,2006,Management of asthma at private pharmacies in India.,Int J Tuberc Lung Dis,,"SETTING: Chennai, India. OBJECTIVE: To examine the medications and advice that retail pharmacy attendants recommend to customers presenting with typical symptoms of asthma in an urban area of India. DESIGN: Four simulated clients described symptoms of mild persistent asthma to a quota sample of pharmacies in ten areas of the city. Clients recorded consultations with attendants and purchased a sample of the recommended medications. RESULTS: A total of 52 shops were visited on 56 occasions. Shopke",,,,,,,,
PM-0612,PubMed,17125630,Qidwai Waris; Krishanani Mukesh Kumar; Hashmi Saman; Afridi Maria; Ali Rubina Abu,2006,Private drug sellers' education in improving prescribing practices.,J Coll Physicians Surg Pak,,"OBJECTIVE: To determine the education of private drug sellers as an intervention tool in promoting rational use of medicines for diarrhoea at private drug outlets in a rural setting. PLACE AND DURATION OF STUDY: The study was conducted at Mithi, Tharparkar in rural Sindh in August 2005. PATIENTS AND METHODS: Diarrhea was selected to study drug-prescribing habit of private drug sellers. Evidence-based guidelines for control of diarrhea were developed along with simulation cases and keys. In phase",,,,,,,,
PM-0613,PubMed,17046966,Wutzke Sonia E; Artist Margaret A; Kehoe Linda A; Fletcher Miriam; Mackson Judith M et al.,2007,"Evaluation of a national programme to reduce inappropriate use of antibiotics for upper respiratory tract infections: effects on consumer awareness, beliefs, attitudes and behaviour in Australia.",Health Promot Int,10.1093/heapro/dal034,"The over-use of antibiotics, in particular, inappropriate use to treat upper respiratory tract infections (URTIs), is a global public health concern. In an attempt to reduce inappropriate use of antibiotics for URTIs, and, in particular, to modify patient misconceptions about the effectiveness of antibiotics for URTIs, Australia's National Prescribing Service Ltd (NPS) has undertaken a comprehensive, multistrategic programme for health professionals and the community. Targeted strategies for the",,,,,,,,
PM-0614,PubMed,16973337,Livermore David M; Reynolds Rosy; Stephens Peter; Duckworth Georgia; Felmingham David et al.,2006,Trends in penicillin and macrolide resistance among pneumococci in the UK and the Republic of Ireland in relation to antibiotic sales to pharmacies and dispensing doctors.,Int J Antimicrob Agents,10.1016/j.ijantimicag.2006.05.025,"It is widely believed that reducing antimicrobial usage should reduce resistance, although observational evidence is mixed. Pneumococci make ideal subjects to test this belief as they are widely surveyed and lack an animal reservoir. Accordingly, susceptibility data for pneumococci in the UK and Ireland were retrieved from the Health Protection Agency's LabBase/CoSurv system and from the European Antimicrobial Resistance Surveillance System (EARSS) and British Society for Antimicrobial Chemother",,,,,,,,
PM-0615,PubMed,16792446,Madaras-Kelly Karl J; Hannah Elizabeth Lyon; Bateman Kim; Samore Matthew H,2006,"Experience with a clinical decision support system in community pharmacies to recommend narrow-spectrum antimicrobials, nonantimicrobial prescriptions, and OTC products to decrease broad-spectrum antimicrobial use.",J Manag Care Pharm,10.18553/jmcp.2006.12.5.390,BACKGROUND: Overuse of antibiotics increases the incidence of bacterial resistance and contributes avoidable costs to the health care system. OBJECTIVE: To determine the feasibility of a protocol-driven community pharmacy intervention that was designed to decrease broad-spectrum antimicrobial (BSA) use in patients with upper respiratory tract infections. METHODS: The intervention involved pharmacists who conducted guided interviews regarding patient symptoms in a cohort of patients with BSA pres,,,,,,,,
PM-0616,PubMed,16581751,Sihavong A; Lundborg C S; Syhakhang L; Akkhavong K; Tomson G et al.,2006,Antimicrobial self medication for reproductive tract infections in two provinces in Lao People's Democratic Republic.,Sex Transm Infect,10.1136/sti.2005.016352,"OBJECTIVES: To describe antimicrobial self medication for reproductive tract infections (RTI) including sexually transmitted infections (STI), and to explore the understanding and use of health information among the adult population self medicating with antimicrobials for RTI/STI in two provinces of Laos. This could contribute to quality improvement of RTI/STI management. METHODS: Cross sectional community based study. Structured interviews (household survey) were conducted among 500 subjects ag",,,,,,,,
PM-0617,PubMed,16270120,Volpato Dalton Espíndola; de Souza Bárbara Vicente; Dalla Rosa Luana Gabriela; Melo Luíz Henrique; Daudt Carlos Antonio Stabel et al.,2005,Use of antibiotics without medical prescription.,Braz J Infect Dis,10.1590/s1413-86702005000400004,UNLABELLED: The inappropriate use of antibiotics for the treatment of infections is a worldwide problem that has implications for the cost of treatment and the development of resistant strains of bacteria. The use of antibiotics should follow specific criteria; they are on top of the list of self-medication drugs in countries that do not control their commercialization. OBJECTIVES: To determine the percentage of pharmacies that attend the public and sell antibiotics without medical prescription ,,,,,,,,
PM-0618,PubMed,16266442,Das Veena; Das Ranendra K,2006,"Urban health and pharmaceutical consumption in Delhi, India.",J Biosoc Sci,10.1017/S002193200500091X,"This paper interrogates the routine and unproblematic use of terms such as 'self-medication' in biomedical and anthropological discourse. A typical depiction of the social factors that explain the practice of 'self-medication' in India is to put together the supply side factors (such as protection offered by the government for the production of generic drugs, especially in the small scale sector, and expansion of the number of drug store outlets), with the increasing demand for allopathic drugs.",,,,,,,,
PM-0619,PubMed,16221541,Al-Bakri Amal G; Bustanji Yasser; Yousef Al-Motassem,2005,"Community consumption of antibacterial drugs within the Jordanian population: sources, patterns and appropriateness.",Int J Antimicrob Agents,10.1016/j.ijantimicag.2005.07.014,"This study is the first of its type to evaluate sources, patterns and appropriateness of antibacterial drug consumption within the Jordanian population. It uses a structured random interview to customers arriving at community pharmacy stores seeking antibacterial medication for systemic infections. Dispensed antibacterial drugs belonged to eight different main classes of systemically used antibacterial drugs in accordance with the Anatomical Therapeutic Chemical (ATC) classification system. Just",,,,,,,,
PM-0620,PubMed,16212218,Cheraghali A M; Nikfar S; Behmanesh Y; Rahimi V; Habibipour F et al.,2004,"Evaluation of availability, accessibility and prescribing pattern of medicines in the Islamic Republic of Iran.",East Mediterr Health J,,"Prescribing, dispensing, availability and affordability of drugs were evaluated in 100 primary health care centres in 5 provinces of the Islamic Republic of Iran using WHO indicators. On average, 92% of the 12 essential drugs monitored were available in the health centre pharmacies and 95% of the drugs prescribed by the physician were dispensed by the health centre pharmacy. The stock-out duration was less than 1 month on average. A complete treatment for pneumonia cost only 2% of the lowest wee",,,,,,,,
PM-0621,PubMed,16187977,Sturkenboom Miriam C J M; Goettsch Wim G; Picelli Gino; in 't Veld Bas; Yin Don D et al.,2005,Inappropriate initial treatment of secondary intra-abdominal infections leads to increased risk of clinical failure and costs.,Br J Clin Pharmacol,10.1111/j.1365-2125.2005.02443.x,"AIMS: The objective of this population-based, retrospective cohort study was to investigate the incidence and initial antibiotic treatment of secondary intra-abdominal infections (sIAI) and to assess whether inappropriate initial antibiotic therapy affects patient outcomes. METHODS: All patients hospitalized for sIAI (1995-1998) were identified in the PHARMO Record Linkage System, a patient-centric database including pharmacy dispensing records from community pharmacies linked to hospitalization",,,,,,,,
PM-0622,PubMed,16124943,Awad Abdelmoneim; Eltayeb Idris; Matowe Lloyd; Thalib Lukman,2005,"Self-medication with antibiotics and antimalarials in the community of Khartoum State, Sudan.",J Pharm Pharm Sci,,"PURPOSE: To estimate the prevalence of self medication with antibiotics and antimalarials in Khartoum State, Sudan and evaluate factors associated with self medication. METHODS: A pre-tested questionnaire was used to collect data from a sample of 600 households, (1750 adult persons), selected from three cities in Khartoum State, Sudan, using a multistage stratified clustered sampling. RESULTS: One thousand two hundred and ninety three (73.9%) of the study population had used antibiotics or antim",,,,,,,,
PM-0623,PubMed,16095749,Väänänen Minna Heleena; Pietilä Kirsi; Airaksinen Marja,2006,Self-medication with antibiotics--does it really happen in Europe?,Health Policy,10.1016/j.healthpol.2005.07.001,"AIMS AND METHODS: The aim of this study was to determine whether antibiotics are used for self-medication in southern Spain, a region belonging to European Union. The data were collected by a survey in the Costa del Sol region, Spain during 2002 by using a convenience sample of 1000 Finns living permanently in the area (response rate 53%, n=530). RESULTS: Antibiotics were used by 28% of the respondents during the previous 6 months before the query. Of the antibiotic users, 41% had bought their a",,,,,,,,
PM-0624,PubMed,15963017,Dollman William B; LeBlanc Vanessa T; Stevens Lynette; O'Connor Peter J; Turnidge John D,2005,A community-based intervention to reduce antibiotic use for upper respiratory tract infections in regional South Australia.,Med J Aust,10.5694/j.1326-5377.2005.tb06847.x,"OBJECTIVE: To evaluate the effectiveness of a community-based and GP-based intervention in reducing unnecessary antibiotic prescribing for upper respiratory tract infections (URTIs) including sore throats, sinusitis and otitis media. DESIGN: Analysis of pharmacy dispensing data in June to October before (2000) and after (2001) the intervention, which commenced on 25 June 2001. SETTING AND PARTICIPANTS: Local consumers, health professionals, the Adelaide Southern Division of General Practice, the",,,,,,,,
PM-0625,PubMed,15895968,Macesková B; Plevacová H,2005,[Dispensing care at the dispensing counter in the conditions of a Czech pharmacy].,Ceska Slov Farm,,Evaluation of 108 cases when the pharmacist found a need to intervene into prescription verified the use of internationally employed system of classification of pharmaceutical interventions in the conditions of the Czech pharmacy of the basic type. The so-called dispensing care at the counter was provided by five participating pharmacists (out of seven working in the pharmacy) for a period of six months. The most frequently identified problems included: inappropriate use of medicaments--overdose,,,,,,,,
PM-0626,PubMed,15778753,Norris Pauline; Becket Gordon; Ecke Denise,2005,Demographic variation in the use of antibiotics in a New Zealand town.,N Z Med J,,"AIMS: To describe the use of antibiotics in one New Zealand town, and to investigate relationships between antibiotic use and gender, age, and socioeconomic status. METHODS: Data from dispensing computers in all community pharmacies in the town were extracted. All dispensings of antibiotics to residents in the town were identified. Discrete individuals were identified and, where possible, linked with data on gender, age and the socioeconomic status (NZDep) of the area in which they lived. RESULT",,,,,,,,
PM-0627,PubMed,15745663,Caamaño Francisco; Tomé-Otero Manuel; Takkouche Bahi; Gestal-Otero Juan Jesús,2005,Influence of pharmacists' opinions on their dispensing medicines without requirement of a doctor's prescription.,Gac Sanit,10.1157/13071811,"OBJECTIVE: To assess the influence of pharmacists' opinions on their dispensing medicines with a ""medical prescription only"" label without requiring a doctor's prescription. METHODS: We performed a cross-sectional study of 166 community pharmacies in northwest Spain. The opinions of pharmacists on the following were collected as independent variables through personal interview: a) physicians' prescribing practices; b) the pharmacist's qualifications to prescribe; c) the responsibility of the pha",,,,,,,,
PM-0628,PubMed,15739824,Mårdh Per-Anders; Wågström Jolanta; Landgren Maria; Holmén Jan,2004,"Usage of antifungal drugs for therapy of genital Candida infections, purchased as over-the-counter products or by prescription: 2. Factors that may have influenced the marked changes in sales volumes during the 1990s.",Infect Dis Obstet Gynecol,10.1080/10647440400003972,"BACKGROUND: The epidemiology of vulvovaginal candidiasis (VVC) and such recurrent infections (RVVC) has been difficult to study as the majority of episodes of these conditions are self-treated by the women affected. In Sweden, all pharmacies are owned by the state and all prescriptions and over-the-counter (OTC) products, such as antifungals, are registered in a database, which offers unique possibilities to study the epidemiology of VVC/RVVC. OBJECTIVES: To analyze all prescriptions and OTC pro",,,,,,,,
PM-0629,PubMed,15730509,Lambert M L; Delgado R; Michaux G; Vols A; Speybroeck N et al.,2005,Collaboration between private pharmacies and national tuberculosis programme: an intervention in Bolivia.,Trop Med Int Health,10.1111/j.1365-3156.2004.01383.x,"BACKGROUND: Public-private partnerships are felt to be necessary for tuberculosis (TB) control in some developing countries. OBJECTIVES: To evaluate the potential of a collaboration between the National TB Programme (NTP) and private pharmacies in Bolivia, the country with the highest TB incidence in Latin America. METHODS: We contacted the local Pharmacists' Association in the city of Cochabamba, and designed a two phase intervention. The objectives of the first phase were to decrease the avail",,,,,,,,
PM-0630,PubMed,15581200,Lambert M L; Delgado R; Michaux G; Volz A; Van der Stuyft P,2004,Tuberculosis control and the private health sector in Bolivia: a survey of pharmacies.,Int J Tuberc Lung Dis,,"BACKGROUND: Bolivia is a high tuberculosis (TB) incidence country with a large private for-profit health sector. TB drug sales in private pharmacies are not illegal. OBJECTIVES: To measure the availability of TB drugs in private pharmacies, study vendors' attitudes, and explore the potential for collaboration between the public health sector and pharmacies. METHODS: Simulated clients visited a random sample of 100 pharmacies in the city of Cochabamba, presenting with a prescription for four TB d",,,,,,,,
PM-0631,PubMed,15482873,Chalker J; Ratanawijitrasin S; Chuc N T K; Petzold M; Tomson G,2005,Effectiveness of a multi-component intervention on dispensing practices at private pharmacies in Vietnam and Thailand--a randomized controlled trial.,Soc Sci Med,10.1016/j.socscimed.2004.04.019,"Private pharmacies are the first line of health care in many communities, commonly selling antibiotics in small doses and prescription-only drugs such as steroids without medical supervision. The aim was to study the effectiveness of a multi-faceted intervention on the dispensing practices of drug sellers in Hanoi and Bangkok. The study was a randomized, controlled trial with 68 Hanoi and 78 Bangkok pharmacies, randomly selected and assigned for intervention and control. Behaviour was assessed b",,,,,,,,
PM-0632,PubMed,15362083,Schirm Eric; Pedersen Lars; Tobi Hilde; Nielsen Gunnar L; Sørensen Henrik T et al.,2004,Drug use among fathers around time of conception: two register based surveys from Denmark and The Netherlands.,Pharmacoepidemiol Drug Saf,10.1002/pds.959,"STUDY OBJECTIVE: Despite the increasing attention for the role of paternal exposures around the period of conception, there is no factual information about drug utilisation of fathers. Therefore, the aim of this study was to describe the drugs dispensed to fathers around conception, using pharmacy dispensing data of community pharmacies in Denmark and The Netherlands. DESIGN AND SETTING: Using pharmacy dispensing data from the Pharmaco-epidemiological Prescription Database of North Jutland in De",,,,,,,,
PM-0633,PubMed,15273271,Larson Elaine; Grullon-Figueroa Lorena,2004,Availability of antibiotics without prescription in New York City.,J Urban Health,10.1093/jurban/jth133,"Misuse of antibiotics in the community has been associated with emergence of increasingly antibiotic-resistant bacterial strains. Although antibiotics in the United States are to be prescribed by a health care provider, the extent to which they are obtained by other means is not known. The purpose of this article is to describe a survey of the availability of nonprescription antibiotics in neighborhood independent businesses in several Manhattan, New York, neighborhoods. A survey was conducted o",,,,,,,,
PM-0634,PubMed,15243674,Silva Luci Rodrigues da; Vieira Elisabeth Meloni,2004,[Pharmacists' knowledge of sanitary legislation and professional regulations].,Rev Saude Publica,10.1590/s0034-89102004000300014,"OBJECTIVE: To characterize the profile of pharmacists employed as technical supervisors in drugstores and evaluate their knowledge regarding certain aspects of the legislation controlling drugstores and the profession in general. METHODS: Based on 175 drugstores in the city of Ribeirão Preto, southeastern Brazil, 100 pharmacists/technical supervisors were randomly selected. Data collection was done by means of in-person interviews, and was guided by a questionnaire evaluating knowledge and attit",,,,,,,,
PM-0635,PubMed,15191249,Holdford David A,2004,"Using buzz marketing to promote ideas, services, and products.",J Am Pharm Assoc (2003),10.1331/154434504323064020,"OBJECTIVE: To (1) discuss buzz marketing, contrast it with traditional forms of promotional communications, and provide guidelines for use and (2) describe a successful buzz-marketing program used by Sentara Healthcare to decrease overuse and inappropriate use of antibiotic medications. DATA SOURCES: An English-language-only literature search of ABI Inform, Lexus-Nexus, InfoTrac, and university library databases from 1980 to the present using the keywords buzz, word of mouth, opinion leader, and",,,,,,,,
PM-0636,PubMed,15189455,Goodman Catherine; Kachur S Patrick; Abdulla Salim; Mwageni Eleuther; Nyoni Joyce et al.,2004,Retail supply of malaria-related drugs in rural Tanzania: risks and opportunities.,Trop Med Int Health,10.1111/j.1365-3156.2004.01245.x,"OBJECTIVES: To characterize availability of fever and malaria medicines within the retail sector in rural Tanzania, assess the likely public health implications, and identify opportunities for policy interventions to increase the coverage of effective treatment. METHODS: A census of retailers selling drugs was undertaken in the areas under demographic surveillance in four Tanzanian districts, using a structured questionnaire. RESULTS: Drugs were stocked by two types of retailer: a large number o",,,,,,,,
PM-0637,PubMed,15170771,Caamaño Isorna Francisco; Tomé-Otero Manuel; Takkouche Bahi; Figueiras Adolfo,2004,Factors related with prescription requirement to dispense in Spain.,Pharmacoepidemiol Drug Saf,10.1002/pds.895,"PURPOSE: To identify factors associated with prescription requirement to dispense. METHODS: We carried out a cross-sectional study on a sample of 166 pharmacists in North-West Spain. The following independent variables were collected through a personal interview: pharmacist's education and speciality, characteristics of the pharmacy, and its socio-economic environment. We constructed multiple regression models using as dependent variables: requirement of prescription to dispense five drugs which",,,,,,,,
PM-0638,PubMed,15125114,Tumwikirize W A; Ekwaru P J; Mohammed K; Ogwal-Okeng J W; Aupont O,2004,Management of acute respiratory infections in drug shops and private pharmacies in Uganda: a study of counter attendants' knowledge and reported behaviour.,East Afr Med J,,"BACKGROUND: In Uganda, private pharmacies and drug shops are important sources of drugs for the majority of the population. In addition to selling drugs, these outlets often serve as primary sources of information about illness and drug therapy. However, the appropriateness of dispensing by staff in these drug outlets has been found to be suboptimal. Yet there has been no study documenting the determinants that underlie the dispensing pattern at these outlets. This study evaluated counter attend",,,,,,,,
PM-0639,PubMed,15125113,Tumwikirize W A; Ekwaru P J; Mohammed K; Ogwal-Okeng J W; Aupont O,2004,Impact of a face-to-face educational intervention on improving the management of acute respiratory infections in private pharmacies and drug shops in Uganda.,East Afr Med J,,"BACKGROUND: In Uganda, although private retail pharmacies and drug shops are the most common sources of drugs for the majority of the population, the quality of care received from these outlets has been reported as suboptimal. It is believed that lack of adequate knowledge is an important underlying factor to such practices. OBJECTIVES: In this study, we investigated the impact of a face-to-face educational intervention on counter attendants' dispensing behaviour for mild and severe acute respir",,,,,,,,
PM-0640,PubMed,15117504,Ramos Mauro Cunha; da Silva Rodrigo D Correa; Gobbato Ricardo O; da Rocha Felipe Civeira; de Lucca Júnior Giusepe et al.,2004,"Pharmacy clerks' prescribing practices for STD patients in Porto Alegre, Brazil: missed opportunities for improving STD control.",Int J STD AIDS,10.1177/095646240401500512,"STDs are a significant public health problem in Brazil. A primary control strategy is the immediate treatment of symptomatic individuals. When services are unavailable, STD patients seek care in alternative settings. Probably the most frequently used settings are commercial pharmacies, where pharmacy clerks provide treatment, although Brazilian law prohibits selling antibiotics without prescription. Our objective was to evaluate prescribing practices by pharmacy clerks for STDs. We performed a c",,,,,,,,
PM-0641,PubMed,15072117,Schirm Eric; Monster Taco B M; de Vries Robin; van den Berg Paul B; de Jong-van den Berg Lolkje T W et al.,2004,How to estimate the population that is covered by community pharmacies? An evaluation of two methods using drug utilisation information.,Pharmacoepidemiol Drug Saf,10.1002/pds.882,"PURPOSE: Pharmacy-dispensing data are valuable sources of drug information, but the population that is covered by the pharmacies is often difficult to determine. We evaluated two methods using drug utilisation information to estimate the population size: a drug-use-based extrapolation of a known part of the population and a capture-recapture estimation without any prior knowledge of the population. METHODS: Using pharmacy-dispensing data of three towns with known populations in the Netherlands, ",,,,,,,,
PM-0642,PubMed,15042230,Newell James N; Pande Shanta B; Baral Sushil C; Bam Dirgh S; Malla Pushpa,2004,Control of tuberculosis in an urban setting in Nepal: public-private partnership.,Bull World Health Organ,,"OBJECTIVES: To implement and evaluate a public-private partnership to deliver the internationally recommended strategy DOTS for the control of tuberculosis (TB) in Lalitpur municipality, Nepal, where it is estimated that 50% of patients with TB are managed in the private sector. METHODS: A local working group developed a public-private partnership for control of TB, which included diagnosis by private practitioners, direct observation of treatment and tracing of patients who missed appointments ",,,,,,,,
PM-0643,PubMed,15038586,Quagliarello A B; Parry Christopher M; Hien Tran T; Farrar Jeremy J,2003,Factors associated with carriage of penicillin-resistant Streptococcus pneumoniae among Vietnamese children: a rural-urban divide.,J Health Popul Nutr,,This study examined the relationship between antimicrobial resistance in Streptococcus pneumoniae and patterns of antimicrobial usage and over-the-counter dispensing by pharmacies in urban and rural districts of Vietnam. The antimicrobial susceptibility of S. pneumoniae carried by healthy urban and rural school children was determined. Questionnaires were distributed to parents to describe their healthcare-seeking behaviour. Mock parents presented standardized cases of mild respiratory infection,,,,,,,,
PM-0644,PubMed,12913800,Anyama Norbert; Adome R O,2003,Community pharmaceutical care: an 8-month critical review of two pharmacies in Kampala.,Afr Health Sci,,"BACKGROUND: The concept of pharmaceutical care is neither well developed nor adequately documented in Uganda. OBJECTIVES: This study is therefore an attempt to identify and quantify the various service components of community pharmacy practice in Kampala, Uganda's capital city. SETTING: Two pharmacies operating retail outlets were chosen out of about 110 in Kampala. The city itself is fairly small with a rather congested population. It is Uganda's economic hub with the greatest number of private",,,,,,,,
PM-0645,PubMed,12850118,Maïga Fatoumata Ina; Haddad Slim; Fournier Pierre; Gauvin Lise,2003,Public and private sector responses to essential drugs policies: a multilevel analysis of drug prescription and selling practices in Mali.,Soc Sci Med,10.1016/s0277-9536(02)00462-8,"Many African countries have introduced cost recovery mechanisms based on the sale of drugs and measures aimed at improving drug supply. This study compares prescribing and selling practices in Mali, in 3 cities where the public sector contributes differentially to the supply of drugs on the market. Multilevel models are used to analyse the content and cost of 700 medication transactions observed in 14 private and public legal points of sale. Results show that the objective of improving access to",,,,,,,,
PM-0646,PubMed,12709095,Shi Chih-Wen; Asch Steven M; Fielder Eve; Gelberg Lillian; Brook Robert H et al.,2003,Usage patterns of over-the-counter phenazopyridine (pyridium).,J Gen Intern Med,10.1046/j.1525-1497.2003.20709.x,"OBJECTIVES: Little is known about how the public uses formerly prescription medications that are available over-the-counter (OTC). This study examines whether consumers inappropriately use and substitute a recently widely distributed OTC urinary analgesic, phenazopyridine, for provider care. DESIGN/SETTING: We conducted a cross-sectional survey of a stratified cluster random sample of OTC phenazopyridine purchasers (N = 434) in 31 Los Angeles retail pharmacies over 5 months. Recruited by shelf a",,,,,,,,
PM-0647,PubMed,12631540,Beiderbeck Annette B; Holly Elizabeth A; Sturkenboom Miriam C J M; Coebergh Jan W W; Stricker Bruno H Ch et al.,2003,Prescription medications associated with a decreased risk of non-Hodgkin's lymphoma.,Am J Epidemiol,10.1093/aje/kwg004,"Earlier epidemiologic studies have suggested an inverse association between non-Hodgkin's lymphoma and exposure to histamine(2) (H(2)) blockers, nonsteroidal anti-inflammatory drugs, cholesterol-lowering drugs, and antibiotics. Data from the PHARMO database were used to conduct a nested, population-based case-control study that included 1985-1998 drug-dispensing records for 300,000 residents of six Dutch cities. Included were those subjects without a previous history of cancer who were aged >/=2",,,,,,,,
PM-0648,PubMed,12587509,Bavestrello Luis; Cabello Angela; Casanova Dunny,2002,[Impact of regulatory measures in the trends of community consumption of antibiotics in Chile].,Rev Med Chil,,BACKGROUND: The indiscriminate use of antibiotics increases the appearance of bacterial resistance and forces the use of more expensive alternatives. The Chilean Ministry of Health is regulating the consumption of antibiotics since September 1999. These regulatory measures restricted the sale of antibiotics only when these were prescribed by an MD or an DS. AIM: To study the impact of these regulatory measures on antibiotics sales in pharmacies. MATERIAL AND METHODS: A retrospective analysis of ,,,,,,,,
PM-0649,PubMed,12581594,Stege H; Bager F; Jacobsen E; Thougaard A,2003,VETSTAT-the Danish system for surveillance of the veterinary use of drugs for production animals.,Prev Vet Med,10.1016/s0167-5877(02)00233-7,"The Danish Ministry of Food, Agriculture and Fisheries funds a monitoring system based on drug usage information collected at the herd level: VETSTAT. VETSTAT is constructed as a relational database and data originates from three sources: pharmacies, veterinarians and feed mills. All administration of drugs for use in animal production is reported on a monthly basis. Pharmacies provided 95% of the total weight antimicrobial compounds used in Denmark in 2001. More than 80% of the antimicrobial co",,,,,,,,
PM-0650,PubMed,12507680,Chuc Nguyen T K; Larsson Mattias; Do Nguyen T; Diwan Vinod K; Tomson Goran B et al.,2002,"Improving private pharmacy practice: a multi-intervention experiment in Hanoi, Vietnam.",J Clin Epidemiol,10.1016/s0895-4356(02)00458-4,"The objective of this study was to assess the effects of a multicomponent intervention on private pharmacy practice. From 641 private pharmacies in Hanoi, 68 pharmacies were randomly selected and matched into 34 pairs. Each pair consisted of a control and an intervention pharmacy. Three interventions were applied sequentially: Regulatory enforcement, Education, and Peer influence. Four tracer conditions were selected: uncomplicated acute respiratory infection (ARI), sexually transmitted disease ",,,,,,,,
PM-0651,PubMed,12385680,Borg Michael A; Scicluna Elizabeth Anne,2002,Over-the-counter acquisition of antibiotics in the Maltese general population.,Int J Antimicrob Agents,10.1016/s0924-8579(02)00194-2,"Few studies have studied the frequency of over-the-counter acquisition of antibiotics in western countries. In order to provide an insight into these practices in Malta, attitudes towards antibiotic use in the general public were researched through a structured interview. Nineteen percent admitted that they took antibiotics without prescription and 11% of parents replied that they had given antibiotics to their children without prescription. These antibiotics were mainly self-administered for up",,,,,,,,
PM-0652,PubMed,12369227,Hupert Nathaniel; Mushlin Alvin I; Callahan Mark A,2002,Modeling the public health response to bioterrorism: using discrete event simulation to design antibiotic distribution centers.,Med Decis Making,10.1177/027298902237709,"BACKGROUND: Post-exposure prophylaxis is a critical component of the public health response to bioterrorism. Computer simulation modeling may assist in designing antibiotic distribution centers for this task. METHODS: The authors used discrete event simulation modeling to determine staffing levels for entry screening, triage, medical evaluation, and drug dispensing stations in a hypothetical antibiotic distribution center operating in low, medium, and high disease prevalence bioterrorism respons",,,,,,,,
PM-0653,PubMed,12225513,Chalker John; Chuc N T K; Falkenberg T; Tomson G,2002,"Private pharmacies in Hanoi, Vietnam: a randomized trial of a 2-year multi-component intervention on knowledge and stated practice regarding ARI, STD and antibiotic/steroid requests.",Trop Med Int Health,10.1046/j.1365-3156.2002.00934.x,"OBJECTIVES: To assess the effectiveness of a multi-component intervention on knowledge and reported practice amongst staff working in private pharmacies in Hanoi regarding four conditions: urethral discharge [sexually transmitted diseases (STD)], acute respiratory infection (ARI), and non-prescription requests for antibiotics and steroids. METHOD: Randomized controlled trial with staff working in 22 matched pair intervention and control private pharmacies who were administered a semistructured q",,,,,,,,
PM-0654,PubMed,12202020,Parimi Neeta; Pinto Pereira Lexley M; Prabhakar Parimi,2002,The general public's perceptions and use of antimicrobials in Trinidad and Tobago.,Rev Panam Salud Publica,10.1590/s1020-49892002000700003,"OBJECTIVE: To determine the general public's perceptions and use of antibiotics in Trinidad and Tobago, a two-island republic in the Caribbean. METHODS: This prospective study surveyed 824 randomly selected households listed in the telephone directory, from November 1998 to January 1999. Through telephone interviews we determined knowledge about antibiotics and beliefs concerning their safety and efficacy. We studied the influence of age, gender, education, and having private health insurance on",,,,,,,,
PM-0655,PubMed,11931419,Rajeswari R; Balasubramanian R; Bose M S C; Sekar L; Rahman F,2002,Private pharmacies in tuberculosis control--a neglected link.,Int J Tuberc Lung Dis,,"In most settings in India, private pharmacies dispense prescriptions for anti-tuberculosis drugs made out by private practitioners. In a cross-sectional study, we assessed the dispensing practices for tuberculosis and knowledge about the national tuberculosis programme of 300 pharmacies. In all, 2800 prescriptions were dispensed monthly by the pharmacies. Doctors' prescriptions were for durations of several months, but half of the patients bought drugs one dose at a time for self-administration.",,,,,,,,
PM-0656,PubMed,11802186,Al-Ghamdi M S,2001,Empirical treatment of uncomplicated urinary tract infection by community pharmacist in the Eastern province of Saudi Arabia.,Saudi Med J,,OBJECTIVE: It is a well known phenomenon in the Kingdom of Saudi Arabia that prescription drugs are dispensed over the counter in the community pharmacies. The aim of this study is to document the attitude of community pharmacists to fulfill the concept of pharmaceutical care and to evaluate how they manage a case of acute uncomplicated lower urinary tract infection. METHODS: Eighty-eight community pharmacists in the Eastern province of Saudi Arabia were presented with a patient claiming urinary,,,,,,,,
PM-0657,PubMed,11675861,Chuc N T; Larsson M; Falkenberg T; Do N T; Binh N T et al.,2001,Management of childhood acute respiratory infections at private pharmacies in Vietnam.,Ann Pharmacother,10.1345/aph.10313,"OBJECTIVE: To investigate the knowledge and practice among private pharmacy staff in Hanoi regarding case management of mild acute respiratory infection (ARI) in children. METHODS: Sixty private pharmacies in Hanoi were randomly selected. Knowledge was assessed through interviews with pharmacy staff using a questionnaire; practice was assessed through the Simulated Client Method. RESULTS: In the questionnaire, 20% of the pharmacy staff stated that they would dispense antibiotics. In practice, 83",,,,,,,,
PM-0658,PubMed,11497337,Syhakhang L; Stenson B; Wahlström R; Tomson G,2001,"The quality of public and private pharmacy practices. A cross sectional study in the Savannakhet province, Lao PDR.",Eur J Clin Pharmacol,10.1007/s002280100295,"AIM: The aim was to study the practices of public and private pharmacies in the Savannakhet province, Lao PDR, in relation to defined aspects of good pharmacy practice (GPP) and rational use of drugs (RUD). STUDY DESIGN: The study design was cross-sectional using structured interviews and observations. A total of 105 drug sellers (31% and 4% had pharmacy education at public and private pharmacies, respectively) were interviewed, and the pharmacies were inspected. In addition, 576 customers were ",,,,,,,,
PM-0659,PubMed,11092718,Lönnroth K; Lambregts K; Nhien D T; Quy H T; Diwan V K,2000,"Private pharmacies and tuberculosis control: a survey of case detection skills and reported anti-tuberculosis drug dispensing in private pharmacies in Ho Chi Minh City, Vietnam.",Int J Tuberc Lung Dis,,"SETTING: Ho Chi Minh City (HCMC), Vietnam. OBJECTIVES: To assess knowledge about tuberculosis, to describe self-reported dispensing practices and to estimate the magnitude of anti-tuberculosis drug dispensing in private pharmacies. DESIGN: Survey of a random sample of 147 private pharmacies out of a total of 1814 registered pharmacies. Interviews were carried out based on a structured questionnaire. RESULTS: Eighteen per cent of interviewees identified TB as a possible diagnosis for a fictitious",,,,,,,,
PM-0660,PubMed,11069442,Schirm E; van den Berg P; Gebben H; Sauer P; De Jong-van den Berg L,2000,Drug use of children in the community assessed through pharmacy dispensing data.,Br J Clin Pharmacol,10.1046/j.1365-2125.2000.00275.x,"AIMS: : To determine the extent of drug use in children and the types of drugs that children use. METHODS Cross-sectional study and cohort study, using computerized pharmacy dispensing records for all children aged 0-16 years in the northern part of The Netherlands in 1998. The main outcome measures were proportion of children that used drugs (per sex and age group), mean number of drugs per child, 10 most widely used drug groups and cumulative proportions of drugs users (per drug group) during ",,,,,,,,
PM-0661,PubMed,11026888,Chalker J; Chuc N T; Falkenberg T; Do N T; Tomson G,2000,STD management by private pharmacies in Hanoi: practice and knowledge of drug sellers.,Sex Transm Infect,10.1136/sti.76.4.299,"BACKGROUND: Prompt treatment of sexually transmitted infections may reduce the incidence of HIV/AIDS infections. With health sector reforms private pharmacies are increasingly the first and only contact with health delivery services. OBJECTIVES: To find out how patients with STDs are treated at private pharmacies in Hanoi, and what drug sellers know about STD management. METHODS: Five simulated clients were taught to adopt a scenario stating that their friend had a urethral discharge. They visit",,,,,,,,
PM-0662,PubMed,10949324,Hurtig A K; Pande S B; Baral S C; Porter J D; Bam D S,2000,"Anti-tuberculosis treatment in private pharmacies, Kathmandu Valley, Nepal.",Int J Tuberc Lung Dis,,"SETTING: Urban municipality of 150000 citizens in Kathmandu Valley, Nepal. OBJECTIVE: To determine 1) the perceptions among private pharmacists of characteristics of tuberculosis (TB) patients visiting private pharmacies in the area, 2) the sales of different anti-tuberculosis drugs, and 3) the interaction between private health providers and pharmacists. DESIGN: Between January and April 1998, semi-structured interviews were conducted with 98% (49/50) of the private drug-retailers in the area. ",,,,,,,,
PM-0663,PubMed,10695985,Saradamma R D; Higginbotham N; Nichter M,2000,"Social factors influencing the acquisition of antibiotics without prescription in Kerala State, south India.",Soc Sci Med,10.1016/s0277-9536(99)00380-9,"We investigated the magnitude of self-medication with antibiotics in a peri-urban area of Southern Kerala State, India and factors influencing this practice. First, a random sample of 400 households was surveyed in one primary health centre area near Trivandrum. We found 69.3% (95% CI = 64.8-73.8) of households had at least one person using a pharmaceutical product during the two-week recall period; antibiotics formed almost 11% of the medicines consumed. Next, pharmacy based interview and obser",,,,,,,,
PM-0664,PubMed,10603212,Subramanyan G S; Yokoe D S; Sharnprapai S; Nardell E; McCray E et al.,1999,Using automated pharmacy records to assess the management of tuberculosis.,Emerg Infect Dis,10.3201/eid0506.990607,"We used automated pharmacy dispensing data to characterize tuberculosis (TB) management for 45 health maintenance organization (HMO) members. Pharmacy records distinguished patients treated in HMOs from those treated elsewhere. For cases treated in HMOs, they provided useful information about appropriateness of prescribed regimens and adherence to therapy.",,,,,,,,
PM-0665,PubMed,10588773,Wachter D A; Joshi M P; Rimal B,1999,"Antibiotic dispensing by drug retailers in Kathmandu, Nepal.",Trop Med Int Health,10.1046/j.1365-3156.1999.00476.x,"UNLABELLED: OBJECTIVES To assess over-the-counter antimicrobial dispensing by drug retailers in Kathmandu, Nepal, for rationality, safety, and compliance with existing government regulations. METHODS: Standardized cases of dysuria in a young adult male and acute watery diarrhoea in a child were presented by a mock patient to retailers at 100 randomly selected pharmacies. Questions asked by retailers and advice and medications given at their initiative were recorded. RESULTS: All retailers engage",,,,,,,,
PM-0666,PubMed,10424327,Chuc N T; Tomson G,1999,"""Doi moi"" and private pharmacies: a case study on dispensing and financial issues in Hanoi, Vietnam.",Eur J Clin Pharmacol,10.1007/s002280050636,"Vietnam, a developing country, has had comparatively good health and human survival at low cost. The economic reform changed the health care system, and private pharmacies during the last 5 years have taken over a majority of the drug distribution. Problems include weaknesses in drug regulation and reported increases in antibiotic resistance. This case study, a purposive sample of two private pharmacies in Hanoi, explored management, including dispensing, inventory and financing, using the conce",,,,,,,,
PM-0667,PubMed,10200857,Lalkin A; Kapur B M; Verjee Z H; Koren G,1999,Contamination of antibiotics resulting in severe pediatric methadone poisoning.,Ann Pharmacother,10.1345/aph.18132,"OBJECTIVE: To report an accidental contamination of antibiotic suspension by methadone that occurred in a retail Canadian pharmacy, leading to severe poisoning in a young child. CASE SUMMARY: A 4 1/2-year-old healthy Asian boy was prescribed amoxicillin suspension for cough and fever. Shortly after receiving the second dose of 5 mL he became drowsy and less responsive. On admission, he was arousable by deep pain, and pinpoint pupils were noted. A urine sample sent for a toxicology screen reveale",,,,,,,,
PM-0668,PubMed,10097674,Kim W J; Park S C,1998,Bacterial resistance to antimicrobial agents: an overview from Korea.,Yonsei Med J,10.3349/ymj.1998.39.6.488,"Antimicrobial resistance of bacteria has become a worldwide problem. Available data suggest that the resistance problem is comparatively more serious in Korea. In large hospitals, the proportion of methicillin-resistant Staphylococcus aureus (MRSA) has been reported at over 70%, and of penicillin-nonsusceptible Streptococcus pneumoniae at around 70%. Infection or colonization of vancomycin-resistant enterococci has started to increase. Extended-spectrum beta-lactamase producing Escherichia coli ",,,,,,,,
PM-0669,PubMed,9924462,Crabbé F; Tchupo J P; Manchester T; Gruber-Tapsoba T; Mugrditchian D et al.,1998,"Prepackaged therapy for urethritis: the ""MSTOP"" experience in Cameroon.",Sex Transm Infect,10.1136/sti.74.4.249,"RATIONALE: The social marketing of STD treatment may be a strategy to increase the availability of effective therapy for urethritis in male patients. OBJECTIVE: To evaluate a pilot project of social marketing of urethritis treatment packages. The project, initially designed for over the counter sale in private pharmacies, was finally restricted by national health authorities to primary healthcare settings in Yaoundé and Douala, Cameroon. METHODS: Monthly sales of packages containing antibiotics,",,,,,,,,
PM-0670,PubMed,9438468,Van Duong D; Binns C W; Van Le T,1997,Availability of antibiotics as over-the-counter drugs in pharmacies: a threat to public health in Vietnam.,Trop Med Int Health,10.1046/j.1365-3156.1997.d01-213.x,"A survey on the use of antibiotics purchased through retail pharmacies was conducted in the Badinh district of Hanoi, Vietnam. The survey found that purchasers visit a pharmacy when they or those who felt they needed antibiotics had minor symptoms such as cough (34.1%), sore throat (32.5%), stomach upsets (10.0%) and diarrhoea (8.8%). The most often purchased antibiotics were ampicillin (31.1%), amoxyllin (16.7%), cotrimoxazol (11.6%), tetracycline (5.2%) and cephalexin (4.8%). The median of the",,,,,,,,
PM-0671,PubMed,9269265,McManus P; Hammond M L; Whicker S D; Primrose J G; Mant A et al.,1997,"Antibiotic use in the Australian community, 1990-1995.",Med J Aust,10.5694/j.1326-5377.1997.tb138809.x,"OBJECTIVE: To determine the pattern of antibiotic use in the Australian community, 1990-1995, and compare it with the pattern in other developed countries. DESIGN: Survey of data from the national database on drugs dispensed in Australia (1990-1995), an international database on retail drug sales (1985-1994), and Australian prescriber surveys (1994, 1995). MAIN OUTCOME MEASURES: National and international retail sales of oral antibiotics (defined daily doses [DDDs]/1000 population/day) and antib",,,,,,,,
PM-0672,PubMed,9444124,Roy J,1997,"Health status, treatment and drug use in rural Bangladesh: a case study of a village.",Aust J Rural Health,10.1111/j.1440-1584.1997.tb00241.x,"In Bangladesh, the government healthcare system remains a very minor source of health care for rural households. The availability of registered physicians is scare in rural areas, and the people, the majority of whom are underweight as indicated by body mass index measurement have to depend on pharmacy salespersons, quacks and herbal or spiritual healers. Unlike Australia, almost every pharmacy salesperson illegally recommends and sells prescription medicines. In addition, there are also unquali",,,,,,,,
PM-0673,PubMed,9170810,Westfall G R; Narducci W A,1997,A community-pharmacy-based callback program for antibiotic therapy.,J Am Pharm Assoc (Wash),10.1016/s1086-5802(16)30210-8,"OBJECTIVE: To develop a telephone callback program to reinforce basic patient counseling given at the time of dispensing. DESIGN: At the time each prescription was filled, the pharmacist or pharmacy student recorded the patient's name, telephone number, date of birth, diagnosis, drug regimen, prescriber, relevant concurrent medications, initial comments, and date. Follow-up phone calls were then made when appropriate to assess patient progress in therapy. RESULTS: Telephone assessment of 521 pat",,,,,,,,
PM-0674,PubMed,9007601,Goel P K; Ross-Degnan D; McLaughlin T J; Soumerai S B,1996,Influence of location and staff knowledge on quality of retail pharmacy prescribing for childhood diarrhea in Kenya.,Int J Qual Health Care,10.1093/intqhc/8.6.519,"BACKGROUND: Retail pharmacies are important sources of advice on pharmaceuticals in developing countries, where many purchasing decisions are unmediated by medical professionals. For childhood diarrhea, choice of drug sales in pharmacies has been found to be consistently poor, whether with or without prescription, as evidenced by a low use of effective oral rehydration salts (ORS) and high use of marginally effective or ineffective products such as antimotility agents, adsorbents, and antimicrob",,,,,,,,
PM-0675,PubMed,10160376,Ross-Degnan D; Soumerai S B; Goel P K; Bates J; Makhulo J et al.,1996,The impact of face-to-face educational outreach on diarrhoea treatment in pharmacies.,Health Policy Plan,10.1093/heapol/11.3.308,"Private pharmacies are an important source of health care in developing countries. A number of studies have documented deficiencies in treatment, but little has been done to improve practices. We conducted two controlled trials to determine the efficacy of face-to-face educational outreach in improving communication and product sales for cases of diarrhoea in children in 194 private pharmacies in two developing countries. A training guide was developed to enable a national diarrhoea control prog",,,,,,,,
PM-0676,PubMed,8678712,Bailie G R; Romeo B,1996,New York State primary care physicians' attitudes to community pharmacists' clinical services.,Arch Intern Med,,"BACKGROUND: Recent changes in education law and regulations governing the practice of pharmacy in New York State have extended the clinical responsibilities of pharmacists. There is limited information in the United States about physicians' opinions of these potential activities by pharmacists. OBJECTIVE: To determine the attitudes of New York State primary care physicians, who practice in a community setting, of community pharmacists as providers of these services, as well as further extended s",,,,,,,,
PM-0677,PubMed,12320224,,1996,"Sexually transmitted diseases (STDs), risk of HIV infection, and condoms: what you need to know.",Contracept Rep,,"Sexually transmitted diseases (STDs) are infections which are spread through sexual contact. Common STDs include syphilis, gonorrhea, chlamydia, herpes, AIDS, genital warts, chancroid, and trichomoniasis. Some STDs are caused by bacteria, while others are viral. Antibiotics can often effectively defeat bacterial infections, but few treatments are effective against viral infections. The viral STDs herpes and warts are painful and/or unsightly, while HIV infection is fatal. STD infection may be ac",,,,,,,,
PM-0678,PubMed,12319707,Henry K,1995,AIDSCAP seeks a private sector solution to the STD self-treatment dilemma.,Aidscaptions,,"Many people in developing countries faced with long waits at health clinics, expensive prescriptions and laboratory tests, stigma associated with sexually transmitted disease (STD) clinic attendance, and the disdain of some health providers opt to buy over-the-counter drugs against their STDs at pharmacies and in markets, and treat themselves. Such self-treatment may lead to partially treated infections and serious complications, not to mention the associated increased risk of contracting or tra",,,,,,,,
PM-0679,PubMed,7973875,Igun U A,1994,Reported and actual prescription of oral rehydration therapy for childhood diarrhoeas by retail pharmacists in Nigeria.,Soc Sci Med,10.1016/0277-9536(94)90041-8,"This study documented what retail pharmacists and operators of patent medicine shops prescribe for childhood diarrhoeas in Borno State in the northeastern part of Nigeria. Data was generated by a combination of open and confederates survey of 135 pharmacies and patent medicine shops in the state. The study found that retail pharmacies and patent medicine shop operators, in the overwhelming majority routinely prescribe drugs, particularly, antibiotics, for both watery and bloody diarrhoea. Very f",,,,,,,,
PM-0680,PubMed,8171350,Dua V; Kunin C M; White L V,1994,"The use of antimicrobial drugs in Nagpur, India. A window on medical care in a developing country.",Soc Sci Med,10.1016/0277-9536(94)90462-6,"The objective of the study was to determine the patterns of use of antimicrobial drugs in the general population of the large, industrial city of Nagpur, India. Interviews of pharmacists and clients were carried out in a stratified, random sample of 34 pharmacies to determine beliefs and practices in prescribing and self-prescribing of antibiotics by complaint, choice of drug, dose, duration, cost, age and sex of the consumers. The study showed that drugs were dispensed without prescription desp",,,,,,,,
PM-0681,PubMed,12287499,,1993,Treatment kit nips STDs in the bud.,Afr Women Health,,"Within the framework of a pilot project, nearly 100 pharmacies in Cameroon will start selling antibiotics in a treatment kit for sexually transmitted diseases (STDs). The objective is to control STDs as well as to reduce the transmission of AIDS, because the presence of genital ulcers increases the risk of getting infected with HIV fifty-fold. The Ministry of Health is sponsoring the project in collaboration with Family Health International and Population Services International with fund from th",,,,,,,,
PM-0682,PubMed,8442877,Calva J J; Cerón E; Bojalil R; Holbrook A,1993,[Antibiotic consumption in a community of Mexico City. II. Survey of purchases at pharmacies].,Bol Med Hosp Infant Mex,,"In developing countries, antibiotics are the most common sales of drugs and it has been suggested that their irrational use leads to the emergence of resistant bacteria. In order to assess the purchase of antimicrobials in a peri-urban community in Mexico City six local drug stores were randomly selected. A social worker made five visits to each pharmacy and she observed the events during the purchase of the drug and applied a structured questionnaire to the customer immediately after the transa",,,,,,,,
PM-0683,PubMed,8427917,Ausejo M; Apecechea C; Rodríguez M J; Salgado L; Puerta M C et al.,1993,[A study on anti-infective agent self-medication in 2 pharmacy offices].,Aten Primaria,,"OBJECTIVE: To describe and analyse the demand for unprescribed drugs against infections in two pharmacy departments, as a first step towards constructing closer cooperation between primary care physicians, chemists from the pharmacy service and chemists from a pharmacy department. DESIGN: A descriptive and prospective study based on observation. SITE. This study was carried out at two pharmacy departments: the Embajadores Health Centre and the pharmacy service of the hospital to which patients w",,,,,,,,
PM-0684,PubMed,2038959,Constantine L M; Scott S,1991,Inappropriate use of antibiotics and the rise of resistant organisms.,Am Pharm,10.1016/s0160-3450(16)33701-1,,,,,,,,,
PM-0685,PubMed,2608874,Berih A A; McIntyre L; Lynk A D,1989,Pharmacy dispensing practices for Sudanese children with diarrhoea.,Public Health,10.1016/s0033-3506(89)80056-3,"In order to study the dispensing practices of Khartoum and Khartoum North pharmacies with respect to the management of infantile diarrhoea, a Sudanese woman presented pharmacists with a brief description of an infant with acute diarrhoea. Sixty-three pharmacies were visited; only 3 (5%) recommended oral rehydration salts (ORS) alone. An additional 4 pharmacies (6%) recommended ORS plus either an antimicrobial agent or a physician visit. 39 pharmacies (62%) recommended antimicrobial therapy alone",,,,,,,,
PM-0686,PubMed,2765159,Blanco R A,1989,[Concepts of pharmacy employees concerning the management of diarrhea in children].,Bol Med Hosp Infant Mex,,"The purpose of this study was to establish the concepts of the drugstore salesforce on the management of acute diarrhea in children. The study was carried out in Guatemala by means of a direct interview of 427 employees of an equal number of drugstores, that were representative of the total drugstores in the country. The results showed that one third of the employees only have grammar education or less, that they were young adults without training in medicine or drug therapy, and that it frequen",,,,,,,,
PM-0687,PubMed,3139137,Rylance G W; Woods C G; Cullen R E; Rylance M E,1988,Use of drugs by children.,BMJ,10.1136/bmj.297.6646.445,To obtain information on the use of prescribed and non-prescribed drugs in the general population of children 1590 children were surveyed in 1984-5 by weekly questionnaires filled out by parents. Drugs were taken in 13% of the 26 weeks studied and on 9% of the 182 days. Use in the summer and winter was similar. More than half (56%) of all drugs were taken on Saturdays and Sundays. Boys took drugs on 11% of days and girls on 8% of days. Almost half (45%) of drugs taken were not prescribed. Drugs ,,,,,,,,
PM-0688,PubMed,3356619,Thamlikitkul V,1988,"Antibiotic dispensing by drug store personnel in Bangkok, Thailand.",J Antimicrob Chemother,10.1093/jac/21.1.125,"The current pattern of antibiotic use by drug store personnel in Bangkok was examined. Ten well-trained medical students (simulated patients) presented to 40 randomly selected drug stores with common complaints, namely urethral discharge, acute watery diarrhoea, fever with sore throat, coryza, skin infection and acute dysuria. Analysis of medications obtained revealed that 50-100% of drug stores dispensed antibiotics for each condition. Co-trimoxazole, ampicillin, chloramphenicol, penicillin V a",,,,,,,,
PM-0689,PubMed,7299110,Karaoui R M; Hanna A,1981,"An epidemiological study of urinary tract infections in Benghazi, Libya.",J Hyg Epidemiol Microbiol Immunol,,Two groups of patients comprised 100 males and 100 females were investigated. All patients were more than 15 years of age and presented to the medical outpatient department with urinary tract symptoms. Fifty six male and female patients had no significant bacteriuria despite symptoms similar to those observed in 144 bacteriuric patients. Pyuria was observed in both bacteriuric and non-bacteriuric patients. Escherichia coli was the most common pathogen isolated from clinical specimens and was fol,,,,,,,,
