record_id,database_source,author,year,title,journal,doi,abstract_snippet,duplicate_of,ta_decision,ta_exclusion_reason,ft_available,ft_decision,ft_exclusion_reason,included_in_review,notes,ta_confidence,screening_signal
REC-0001,OpenAlex,A G Orisile; R H M Lim; A A Naqvi; Abraham Mainaji Amlogu,2026,Understanding how community pharmacists in Nigeria steward antimicrobials: an interview study,International Journal of Pharmacy Practice,10.1093/ijpp/riag034.016,"Abstract Introduction Antimicrobial resistance (AMR) is a global public health challenge, largely driven by inappropriate antimicrobial use in community settings, resulting in significant economic costs.[1] In Nigeria, community pharmacists are well-positioned to support antimicrobial stewardship (AMS) programmes but remain underutilised. Limited evidence exists on how community pharmacists balance ethical responsibilities with patient demands or strengthen stewardship within an existing regu...",,Exclude,Review/qualitative/editorial (title),,,,,[AUTO-R2] Title match - verify,MEDIUM,
REC-0002,OpenAlex,Abdulghani Aljermmy,2026,"Non-prescription acquisition of antibiotics in community pharmacies in Marib, Yemen: a cross-sectional study",Research Square,10.21203/rs.3.rs-8971365/v1,,,Maybe,No abstract - cannot screen; retrieve full text,,,,,[AUTO-R2] Title match - verify,LOW,
REC-0004,OpenAlex,Abdullahi Abdulrasheed; Josiane Awan Kfutua Aben; Abubakar Abubakar Musa; Balkisu Abubakar; Abdu Bello Gololo,2026,"Non-Prescription Antibiotic Dispensing and Community Antimicrobial Resistance Risk in Kaduna Metropolis, Nigeria: A Mixed-Methods Geospatial Study",International Journal of Global Health and Epidemiology,10.54117/e6nz4q98,"Background: Antimicrobial resistance (AMR) poses one of the most serious public health threats globally, with disproportionate burden in low- and middle-income countries such as Nigeria. Non-prescription antibiotic dispensing at pharmacy and patent medicine vendor (PPMV) outlets is an under-regulated driver of AMR risk. This study investigated pharmaceutical outlet distribution, non-prescription antibiotic dispensing, and social network dynamics as drivers of AMR risk in Kaduna metropolis, Ni...",,Maybe,Community pharmacy + LMIC + AB dispensing - verify study design for intervention arm,,,,,[AUTO] Strong inclusion signal,MEDIUM,
REC-0009,OpenAlex,Allan Okeyo,2026,"Community pharmacies, lived spaces and street-level bureaucracy in antibiotic dispensing in Kisumu, Kenya",Gradus,10.47833/2026.1.art.003,"Community pharmacies function as critical, accessible healthcare spaces where antibiotic utilisation is often negotiated outside formal clinical settings. Despite regulations requiring prescriptions, antibiotics are frequently dispensed without them, particularly in low- and middle-income countries. This study examines community pharmacies as lived spaces where street-level bureaucratic practices such as gatekeeping and discretionary decision-making intersect with antibiotic access and use. A...",,Exclude,No relevant signals in title or abstract,,,,,[AUTO-R3] Possible intervention study - verify design,MEDIUM,
REC-0010,OpenAlex,Anan S Jarab; Walid A Al Qerem; Karem H. Alzoubi; Shrouq Abu Heshmeh; Ahmad nor Aldin Alzoubi et al.,2026,"Pharmacists’ knowledge, attitudes, and practices of dispensing antibiotics without a prescription",Pharmacy Practice,10.18549/pharmpract.2025.4.3250,"Background: Antibiotics have become some of the most widely used and essential tools in the healthcare system, with the advantage of saving millions of lives. However, the overuse and misuse of antibiotics led to the emergence of resistant microorganisms. Objective: To assess community pharmacists’ knowledge, attitude, and practice in relation to dispensing antibiotics without prescription. Methods: In this cross sectional study, a validated survey was distributed in person as Google Forms to...",,Maybe,Possible relevance - verify study design,,,,,[AUTO-R2] Title match - verify,MEDIUM,
REC-0016,OpenAlex,Bishesh Bista; Dirgha Raj Joshi,2026,From Policy to Practice: Weak Enforcement of Antibiotic Dispensing Regulations as a Patient Safety Threat in Nepal,Trends in pharmacy.,10.5152/tip.2026.26004,"Effective pharmacy regulation is essential for ensuring patient safety, rational medicine use, and the responsible management of antimicrobial resistance. Although Nepal has established regulatory frameworks, including the Drug Act 1978 and policies restricting non-prescription antibiotic sales, enforcement remains weak and inconsistent. Evidence from multiple studies indicates that antibiotics are frequently dispensed without valid prescriptions in community pharmacies, often by personnel la...",,Exclude,No relevant signals in title or abstract,,,,,[AUTO-R3] Possible intervention study - verify design,MEDIUM,
REC-0018,PubMed,Bustami Mona; Abed Anas; Almazari Inas; AlQatarneh Rahaf; Abu Assab Shahd et al.,2026,Non-prescription antibiotic dispensing in community pharmacies in jordan: a simulated patient study.,Libyan J Med,10.1080/19932820.2026.2713956,"Inappropriate antibiotic use in community settings is a major contributor to antimicrobial resistance, particularly in low- and middle-income countries where regulatory enforcement may be inconsistent. Community pharmacies are a critical interface between health systems and the public; however, real-world dispensing practices remain insufficiently characterized in many settings. This study evaluated the prevalence, behavioral drivers, and clinical quality of non-prescription antibiotic dispen...",,Maybe,Possible relevance - verify study design,,,,,[AUTO] Strong inclusion signal,MEDIUM,
REC-0019,PubMed,Caamaño-López Juan Camilo; Torres-Chaverra Rafael José; Fonseca-Meneses Aylem Nathalia; Pérez-Cujia Eliat Jabit; Domínguez-Quintero Valentina et al.,2026,"High prevalence of antibiotic purchase without prescription in community pharmacies in Bucaramanga, Colombia.",IJID Reg,10.1016/j.ijregi.2026.100956,"OBJECTIVES: Self-medication is a key driver of antimicrobial resistance, and despite regulatory restrictions in Colombia, nonprescription antibiotic sales remain a significant public health concern. This study aimed to describe the purchase of antibiotics without a prescription in community pharmacies located in neighborhoods of Bucaramanga, Colombia, and to identify associated factors. METHODS: Cross-sectional study. We included adult customers of community pharmacies in Bucaramanga (10 neig...",,Maybe,Possible relevance - verify study design,,,,,[AUTO-R2] Title match - verify,MEDIUM,
REC-0028,PubMed,Darweesh Omeed; Godman Brian; Kurdi Amanj,2026,Non-prescription antibiotic dispensing and counseling practices in Iraqi community pharmacies: implications for antimicrobial stewardship and resistance containment.,Expert Rev Anti Infect Ther,10.1080/14787210.2026.2663104,"BACKGROUND: To assess the prevalence, characteristics, dispensing practices, and counseling behavior of non-prescription antibiotic dispensing among Iraqi community pharmacies to inform antimicrobial stewardship (AMS) policy. RESEARCH DESIGN AND METHODS: A cross-sectional simulated client study was conducted among 696 pharmacies across five Iraqi provinces. Standardized scenarios of upper respiratory tract infection were used to evaluate dispensing behavior, counseling quality (defined as whe...",,Maybe,Possible relevance - verify study design,,,,,[AUTO] Strong inclusion signal,MEDIUM,
REC-0031,PubMed,Faturakhim Faturakhim; Insani Widya Norma; Kautsar Angga Prawira,2026,"Non-prescription antibiotic dispensing in community pharmacies in LMICs: a systematic review of prevalence, drivers, and policy implications.",BMC Health Serv Res,10.1186/s12913-026-14194-x,"BACKGROUND: Community pharmacists dispensing antibiotics without a prescription (DAwP) remain a contributing factor to antimicrobial resistance (AMR) in low- and middle-income countries (LMICs). Multiple structural, behavioral, and systemic factors influence this practice, yet the diversity and interaction of these drivers remain insufficiently explored. OBJECTIVE: This systematic literature review aims to identify and synthesize the internal and external factors contributing to DAwP among co...",,Exclude,Review/meta-analysis/editorial,,,,,[AUTO] Strong inclusion signal,HIGH,
REC-0033,OpenAlex,Hoa Quoc Nguyen; Suong Thi-Thanh Duong; Phuong Bao Quan; Tuyen Thanh Du; Uyen Uyen-Thao Truong et al.,2026,Practices of community pharmacists towards COVID-19 treatment in Vietnam: a simulated client study,BMC Health Services Research,10.1186/s12913-026-15395-0,"Abstract Background Recent reports have raised concerns about drug overuse and misuse in self-medication practices for COVID-19 treatment. This study was aimed to assess the availability and appropriateness of medication dispensing provided by community pharmacists to COVID-19 patients in Ho Chi Minh City, Vietnam. Methods The simulated client method was used to examine 102 randomly selected community pharmacies from 13 central districts of Ho Chi Minh City between May 2022 and July 2022. Eac...",,Maybe,Possible relevance - verify study design,,,,,[AUTO] Strong inclusion signal,MEDIUM,
REC-0034,PubMed,Hossain Md Jubayer; Shahariar Musab; Barsha Lamia Hasan Joarder; Shahjahan Muhibullah; Towhid Syeda Tasneem et al.,2026,Lack of Knowledge and Training About Antibiotic Resistance Among Community Pharmacists in Bangladesh: A Cross-Sectional Study.,Health Sci Rep,10.1002/hsr2.72866,"BACKGROUND AND AIMS: Antibiotic resistance poses a critical global public health threat, disproportionately affecting low- and middle-income countries. Community pharmacists in Bangladesh serve as key healthcare intermediaries, yet significant knowledge gaps regarding antibiotic use and resistance persist. This study assessed the level of knowledge and training among community pharmacists in Bangladesh regarding antibiotic resistance and explored their relationship with antibiotic dispensing ...",,Exclude,No relevant signals in title or abstract,,,,,[AUTO] Strong inclusion signal,MEDIUM,
REC-0044,PubMed,Messner Kirstin; Sutter Vanessa; Allemann Samuel; Arnet Isabelle,2026,"Feasibility, fidelity and initial effects of an app-based service for short-term antibiotic therapy: A pilot study in a primary care setting.",Explor Res Clin Soc Pharm,10.1016/j.rcsop.2026.100790,"BACKGROUND: Short-term antibiotic treatments show medication non-adherence rates around 40%, limiting therapy success and increasing risk for recurring infections. Smartphone applications offer simple solutions to support patients' medication adherence. OBJECTIVE: To evaluate service and trial feasibility of a smartphone-based adherence support delivered by community pharmacists and to explore initial effects. METHODS: We conducted a cluster-randomized pilot trial. Community pharmacies recrui...",,Exclude,No relevant signals in title or abstract,,,,,[AUTO] Strong inclusion signal,MEDIUM,
REC-0045,PubMed,Migiro Mary; Majigo Mtebe; Joachim Agricola; Kamori Doreen; Masoud Salim et al.,2026,"A point prevalence survey on antibiotic dispensing practices identifies targets for quality improvement of antimicrobial stewardship in community pharmacies in Dar es Salaam, Tanzania.",J Pharm Policy Pract,10.1080/20523211.2026.2691452,"BACKGROUND: Inappropriate antibiotic use is a major driver of antimicrobial resistance (AMR), especially in low- and middle-income countries (LMICs), where over-the-counter antibiotics are readily available without a prescription. This study assessed antibiotic dispensing practices in community pharmacies in Dar es Salaam, Tanzania. METHODOLOGY: From February to March 2025, a point prevalence survey was conducted in 100 community pharmacies in Dar es Salaam. Researchers approached existing cu...",,Exclude,No relevant signals in title or abstract,,,,,[AUTO-R2] Title match - verify,MEDIUM,
REC-0049,OpenAlex,Nkuchia M. M’ikanatha; Xin Yin; Katia Iskander; Japhet Magambo; Catrin E. Moore et al.,2026,Over-the-counter sales of high-priority antibiotics are common: results of a global survey,JAC-Antimicrobial Resistance,10.1093/jacamr/dlag083,"Background: Antimicrobial resistance (AMR) is a critical public health threat exacerbated by the sales of antibiotics without prescriptions. Despite national action plans, data on global over-the-counter (OTC) availability remains limited. Methods: We surveyed members of the AMR Insights Ambassador Network across 37 countries using a web-based instrument. Data analysis was conducted by the survey programme and verified by two authors (X.Y. and N.M.M.). Results: Despite regulations, 65% of res...",,Exclude,No relevant signals in title or abstract,,,,,[AUTO-R2] Title match - verify,MEDIUM,
REC-0050,PubMed,Nortey Radolf Ansbert; Kretchy Irene Akwo; Opare-Addo Mercy Naa Aduele,2026,Informal over-the-counter supply of antibiotics in Ghana: A qualitative analysis of practices in community pharmacies.,Explor Res Clin Soc Pharm,10.1016/j.rcsop.2025.100696,"BACKGROUND: Antibiotics are among the most widely prescribed medicines and fall within a well-defined framework for access and supply. Despite existing regulatory systems for antibiotic control, weak regulatory enforcement has led to non-prescription access from community drug retail outlets and widespread self-medication with antibiotics. OBJECTIVE: To explore the factors associated with the over-the-counter supply of antibiotics within community pharmacies across Ghana. METHOD: The explorat...",,Exclude,Qualitative only,,,,,[AUTO-R2] Title match - verify,HIGH,
REC-0052,OpenAlex,Omeed Darweesh; Brian Godman; Amanj Kurdi,2026,Non-prescription antibiotic dispensing and counselling practices in Iraqi community pharmacies: implications for Antimicrobial stewardship and resistance containment,Figshare,10.6084/m9.figshare.32050093.v1,"To assess the prevalence, characteristics, dispensing practices, and counseling behavior of non-prescription antibiotic dispensing among Iraqi community pharmacies to inform antimicrobial stewardship (AMS) policy. A cross-sectional simulated client study was conducted in 696 pharmacies across five Iraqi provinces. Standardized scenarios of upper respiratory tract infection were used to evaluate dispensing behavior, counseling quality (defined as whether staff provided key counseling component...",,Maybe,Possible relevance - verify study design,,,,,[AUTO] Strong inclusion signal,MEDIUM,
REC-0056,PubMed,Plaza Zamora F J; Mendoza Barbero A; Molinero A; Sánchez Marcos N; Lambert M et al.,2026,Second audit of the Happy Patient project: impact of training on the dispensing of antibiotics in community pharmacies in Spain.,Farm Comunitarios,10.33620/FC.2173-9218.2026.12,"INTRODUCTION: Antibiotic resistance is a major public health problem. The European Happy Patient project aims to optimize antimicrobial use through audits and training of healthcare professionals, including community pharmacists. Objectives: To evaluate the impact of an educational intervention on the quality of antibiotic dispensing in Spanish community pharmacies and to identify areas for improvement following the training. MATERIALS AND METHODS: A five-hour multifactorial intervention was ...",,Exclude,HIC country,,,,,[AUTO] Strong inclusion signal,HIGH,
REC-0058,PubMed,Qtait Mohammad; Farajalla Fuad; Alqaissi Nesreen; Awwad Khalaf; Amro Nadia et al.,2026,"Antibiotic self-medication behaviours and contributing factors among adults in the Southern West Bank, Palestine.",JAC Antimicrob Resist,10.1093/jacamr/dlag028,"BACKGROUND: Antibiotic self-medication (ASM) is a recognized contributor to antimicrobial resistance, particularly in settings characterized by constrained healthcare access and weak regulatory enforcement. OBJECTIVES: To estimate the prevalence of ASM, examine antibiotic-related knowledge and behavioural patterns, and identify independent sociodemographic predictors of ASM among adults in the southern West Bank, Palestine. METHODS: A cross-sectional survey was conducted in May 2025 among 301...",,Exclude,No relevant signals in title or abstract,,,,,[AUTO-R2] Title match - verify,MEDIUM,
REC-0060,OpenAlex,S. ZVARAYA,2026,Optimising Expiry Date Management in Retail Pharmacies to Minimise Waste and Enhance Efficiency in Zimbabwe,International Journal of Research and Innovation in Social Science,10.47772/ijriss.2026.100600656,"Background: Expiry of medicines in retail pharmacies wastes money, endangers patients and harms the environment, yet the drivers of this loss remain poorly characterised in Zimbabwe. Aim: This study assessed expiry date management practices and compliance levels among supervisors of registered retail pharmacies in Zimbabwe, identified the operational and regulatory factors contributing to medicine expiry, and determined the categories of medicine most prone to expiry. Methods: A cross-section...",,Exclude,No relevant signals in title or abstract,,,,,[AUTO-R2] Title match - verify,MEDIUM,
REC-0062,PubMed,Saha Sajal Kumar; Muleme Michael; Hecke Oliver Van; Chatterton Mary Lou; Athan Eugene,2026,Feasibility of C-reactive protein point-of-care testing for antibiotic stewardship in rural GP-pharmacy settings.,Antimicrob Steward Healthc Epidemiol,10.1017/ash.2026.10401,"OBJECTIVE: To assess the feasibility of implementing C-reactive protein point-of-care testing (CRP-PoCT) for patients presenting with respiratory tract infections (RTIs) in primary care. DESIGN: Feasibility study. SETTING: General practice (GP) and community pharmacy in rural Victoria. PATIENTS OR PARTICIPANTS: Five GPs and a community pharmacist used CRP-PoCT for RTI patients aged 12-65 years for two months between August and December 2023. METHODS: Data on testing, prescribing, and implemen...",,Include,CRP POCT intervention + stewardship - verify community pharmacy LMIC setting,,,,,[AUTO] Strong inclusion signal,HIGH,
REC-0064,OpenAlex,Sangita Shakya; Nur Akmar Bt Taha; Pathiyil . Ravi Shankar; Shiba Bahadur Karkee; Kiran Shakya,2026,Inappropriate antibiotic dispensing for upper respiratory tract infections in community pharmacies – a simulated patient study,Research Square,10.21203/rs.3.rs-8405237/v1,,,Maybe,No abstract - cannot screen; retrieve full text,,,,,[AUTO-R2] Title match - verify,LOW,
REC-0071,PubMed,Sultana Samapti Mst Mabiya; Hossain Kazi Miraz; Riha Fatema Akter; Showkat Nafisa Binte; Begum Taslima et al.,2026,Understanding the role of knowledge and attitudes of community pharmacy staff in non-prescribed antibiotic dispensing practices in Bangladesh: a cross-sectional study.,BMJ Open,10.1136/bmjopen-2025-107698,"BACKGROUND: Antimicrobial resistance (AMR) is a critical public health issue in Bangladesh, exacerbated by the widespread practice of non-prescribed antibiotic dispensing. This study seeks to assess their knowledge and attitudes, particularly how these factors influence non-prescribed antibiotic dispensing practices in Bangladesh. METHODS: A total of 287 pharmacy staff across four regions of Bangladesh were included in the study. Data were collected using a structured questionnaire assessing ...",,Exclude,No relevant signals in title or abstract,,,,,[AUTO-R2] Title match - verify,MEDIUM,
REC-0074,PubMed,Turnbull-Jones Eleanor; Langtree Susannah; Mogoi Nicholas; Sifuna Anthony; Gadaffi Lindsay et al.,2026,"Antibiotic dispensing practices and antimicrobial stewardship gaps in community pharmacies in Kakamega County, Kenya.",PLoS One,10.1371/journal.pone.0342353,"BACKGROUND: Antimicrobial resistance (AMR) is a major global health threat, with sub-Saharan Africa bearing a disproportionate burden. Community-level antibiotic dispensing practices remain poorly described in Kenya outside Nairobi. METHODS: A total of 504 antibiotic dispensing events were recorded across 22 community pharmacies in Kakamega County, western Kenya, between 3rd and 22nd August 2025. Data collected included dispensing source (over-the-counter [OTC] versus prescription), clinical ...",,Exclude,No relevant signals in title or abstract,,,,,[AUTO-R2] Title match - verify,MEDIUM,
REC-0076,OpenAlex,Viengmany Lobliayao; Sonemany Keolangsy; Nirada Vannavong; Dao Changvisommid; Thipphaphone Keonakhone et al.,2026,Antibiotic Stewardship Practices and Drug Quality in Private Pharmacies in Lao PDR: A Mixed-Methods Study,SSRN Electronic Journal,10.2139/ssrn.6918424,,,Maybe,No abstract - cannot screen; retrieve full text,,,,,[AUTO-R2] Title match - verify,LOW,
REC-0086,PubMed,Abed Anas; Abu Assab Mohammad; Merdas Zekrayat J H; Abu Dayyih Wael; Maaita Majd Nawras et al.,2025,"Confronting antimicrobial resistance in Jordan: regulatory, economic, and behavioral determinants of non-prescription antibiotic dispensing in community pharmacies-a mixed-methods study.",Front Med (Lausanne),10.3389/fmed.2025.1742205,"BACKGROUND: Over-the-counter (OTC) antibiotic dispensing remains a persistent challenge in many low- and middle-income countries despite the implementation of antimicrobial stewardship (AMS) policies. Jordan's community pharmacies represent a critical interface between public health and antimicrobial resistance (AMR) control. This study aimed to examine the determinants, barriers, and enabling factors influencing AMS adherence among Jordanian community pharmacists, and to integrate quantitati...",,Maybe,Possible relevance - verify study design,,,,,[AUTO] Strong inclusion signal,MEDIUM,
REC-0087,OpenAlex,Abel Ebong; Simon Arunga; Tara Mtuy; Angela Meric Birungi; John Onyango et al.,2025,"Management of microbial keratitis by private pharmacies in Uganda: a study of knowledge, attitude, and practice.",Wellcome Open Research,10.12688/wellcomeopenres.22594.1,"Purpose: To determine the knowledge, attitude, and practice of pharmacy attendants in the management of microbial keratitis. Methods: This mixed-methods study was conducted in selected pharmacies and drug shops located in Mbarara City between March and May 2022. We administered questionnaires assessing the knowledge, attitudes, and practices (KAP) related to microbial keratitis (MK) to 140 pharmacy attendants (PAs) in the drug shops and pharmacies. We also conducted 40 in-depth interviews (ID...",,Exclude,No relevant signals in title or abstract,,,,,[AUTO-R2] Title match - verify,MEDIUM,
REC-0089,PubMed,Adeke Azuka S; Olorukooba Abdulhakeem A; Charles-Amaza Rahab; Aniemeka Dilichukwu I; Adeke Stephanie O et al.,2025,"Factors associated with health seeking behaviours and practice of antibiotics self-medication among adults in Abakaliki Metropolis, Ebonyi State, Nigeria.",Sci Rep,10.1038/s41598-025-91122-9,"One of the inappropriate health seeking behaviours (HSBs) people express when they feel ill is self-medication (SM) with antibiotics. The consequence of SM with antibiotics is the increase in antimicrobial resistance (AMR). Therefore, this study aimed to assess HSBs and the practice of SM with antibiotics among adults in Abakaliki, Nigeria. The study was undertaken using community-based cross-sectional study design. Multi-stage sampling technique was used to select 448 study respondents. Data...",,Exclude,No relevant signals in title or abstract,,,,,[AUTO-R2] Title match - verify,MEDIUM,
REC-0092,PubMed,Al Masud Abdullah; Walpola Ramesh Lahiru; Sarker Malabika; Asaduzzaman Muhammad; Islam Md Saiful et al.,2025,Antibiotic dispensing practices in community pharmacies: Implications for antimicrobial stewardship in resource-constrained settings.,Explor Res Clin Soc Pharm,10.1016/j.rcsop.2025.100606,"BACKGROUND: Over-the-counter antibiotic sales in community-pharmacies significantly drive antimicrobial resistance (AMR) in low- and middle-income countries (LMICs) due to inappropriate use and early treatment discontinuation. In Bangladesh, community pharmacies, which dispense 56.6 % of antibiotics without prescriptions, serve as the first health-seeking touchpoint, yet conventional stewardship strategies often overlook these informal providers, heightening AMR risks. This study examines dru...",,Maybe,Possible relevance - verify study design,,,,,[AUTO-R2] Title match - verify,MEDIUM,
REC-0096,OpenAlex,Ali Omar Yassen; Aya Bilal; Bnar Ismael; Angela Alani,2025,"Perceptions and practices of community pharmacists towards antimicrobial stewardship program in Erbil City, Iraq: A cross-sectional study",Zanco Journal of Medical Sciences,10.15218/zjms.2025.045,"Background and objective: Antimicrobial resistance is a crucial health concern around the world, giving rise to millions of deaths each year. Despite the existence of recommendations for antimicrobial stewardship programs (ASP), the problem persists, particularly in conflict-affected areas such as the Middle East. The aim of this study is to investigate pharmacists’ attitude and practices towards ASP in Erbil, Iraq. Methods: A cross-sectional observational study was conducted among community ...",,Maybe,Possible relevance - verify study design,,,,,[AUTO-R2] Title match - verify,MEDIUM,
REC-0097,PubMed,Ali Ruaa; Wazaify Mayyada,2025,Prescription and Nonprescription Drug Misuse and Abuse in Jordan: A 15-Year Community Pharmacy Analysis.,Subst Use Misuse,10.1080/10826084.2025.2505771,"BACKGROUND: Prescription and nonprescription drug abuse and misuse are global concerns. Monitoring this issue in community pharmacies is critical for early intervention and management. OBJECTIVES: This study investigates changes in prescription and nonprescription drug misuse and abuse in Jordan's community pharmacies in 2021 and compares these findings to previous studies from 2006 to 2014. METHODS: A cross-sectional survey was conducted among community pharmacists across Jordan, with data c...",,Exclude,No relevant signals in title or abstract,,,,,[AUTO-R3] Possible intervention study - verify design,MEDIUM,
REC-0100,PubMed,Aljalamdeh Reham; Barakat Muna; Mosleh Rami; H Abdel-Qader Derar,2025,"Knowledge, attitude, and practices of self-medication with antibiotics among senior undergraduate pharmacy students: A cross-sectional study in Jordan.",SAGE Open Med,10.1177/20503121251404848,"BACKGROUND: The practice of self-medication with antibiotics is expanding globally, particularly in developing countries. This practice is associated with increasing rates of health-related problems, including antibiotic resistance. OBJECTIVE: A survey was conducted to investigate knowledge, attitudes, and practices regarding self-medication with antibiotics among senior undergraduate pharmacy students in Jordan. METHODS: A cross-sectional study was performed by using a validated questionnair...",,Exclude,No relevant signals in title or abstract,,,,,[AUTO-R2] Title match - verify,MEDIUM,
REC-0102,PubMed,Alshahrani Sultan M; Shaik Alavudeen Sirajudeen,2025,"Barriers and determinants of over-the-counter antibiotic sales de-escalation: perspectives of community pharmacists in Aseer, Saudi Arabia.",Front Med (Lausanne),10.3389/fmed.2025.1677246,"BACKGROUND: Antimicrobial resistance (AMR) represents a significant global health threat, which is worsened by the inappropriate distribution of antibiotics without a prescription. Cultural conventions and the easy accessibility of pharmacies in Saudi Arabia further aggravate this situation. Community pharmacists play a crucial role in antimicrobial stewardship, yet they continue to face substantial challenges. OBJECTIVE: The objective of this study was to examine the barriers and determinant...",,Maybe,Possible relevance - verify study design,,,,,[AUTO-R2] Title match - verify,MEDIUM,
REC-0105,OpenAlex,Amanj Kurdi; Awat Hasan; Ari Hassan; Ying He; Omeed Darweesh et al.,2025,A Simulated Client Study on Non-Prescription Antibiotic Sales and Counselling Practices in Iraqi Nurse-Led Clinics: Implications for Antimicrobial Resistance,Infection and Drug Resistance,10.2147/idr.s533590,"Background: The inappropriate use of antibiotics is a major contributor to antimicrobial resistance (AMR), which is a critical issue in low and middle-income countries such as Iraq. Nurse-led clinics in Iraq are a common point of care for patients seeking treatment for infectious diseases; however, they are currently poorly regulated. This study aimed to assess the extent and appropriateness of antibiotic dispensing in this setting, including the quality of dispensing. In these clinics, only ...",,Maybe,Possible relevance - verify study design,,,,,[AUTO] Strong inclusion signal,MEDIUM,
REC-0109,OpenAlex,Annie Haakenstad; Anuska Kalita; Bijetri Bose; Arpita Chakraborty; Kirti Gupta et al.,2025,"Public patient forwarding to private pharmacies: an analysis of data linking patients, facilities and pharmacies in the state of Odisha, India",BMJ Global Health,10.1136/bmjgh-2024-017788,"INTRODUCTION: In India, public sector patients purchase drugs from private pharmacies instead of obtaining them for free from public pharmacies-a phenomenon we call public patient forwarding to private pharmacies. This behaviour results in substantial financial hardship. We examine whether low public drug stocks, patient preferences for private drugs or the presence of private pharmacies nearby explain this behaviour. METHODS: We collected cross-sectional data from 7567 households, 523 health...",,Exclude,No relevant signals in title or abstract,,,,,[AUTO-R2] Title match - verify,MEDIUM,
REC-0110,PubMed,Armando P; Moscardó M; Tenllado M I,2025,[Good dispensing practices for antibiotics in community pharmacies of the province of Córdoba (Argentina)].,Farm Comunitarios,10.33620/FC.2173-9218.(2025).09,"OBJECTIVE: To develop a Good Dispensing Practices (GDP) Program for antibiotics (ATB) of greater demand in community pharmacies in the province of Córdoba (Argentina), to help reduce the antibiotic resistance (AR) and improve patients' knowledge about the need for prescription and proper use. METHODS: A standard operating procedure (SOP) was designed on GDP for ATB. Subsequently, a training program for community pharmacists was designed and implemented through a virtual platform. At the end, ...",,Exclude,No relevant signals in title or abstract,,,,,[AUTO-R2] Title match - verify,MEDIUM,
REC-0111,OpenAlex,Asif Ali Soomro; Ahsan Ali Memon; Hira Jamil; Bilal Mustafa; A. Latif et al.,2025,"KNOWLEDGE, ATTITUDE AND PRACTICES ABOUT ANTIBIOTICS USE AMONG THE PATIENTS VISITING COMMUNITY PHARMACIES",Insights-Journal of Life and Social Sciences,10.71000/0cev7v70,"Background: Antibiotic resistance is a major global health threat, largely fueled by irrational antibiotic use at the community level. In Pakistan, easy access to antibiotics without prescriptions and limited public awareness significantly contribute to this problem. Objective: This study aimed to assess the knowledge, attitudes, and practices (KAP) related to antibiotic use among patients visiting community pharmacies in District Tharparkar, Pakistan. Methods: A cross-sectional survey was co...",,Exclude,No relevant signals in title or abstract,,,,,[AUTO-R2] Title match - verify,MEDIUM,
REC-0122,PubMed,Chisanga Kelly; Simpemba Ernest; Chunga Chipwaila; Chalwe Victor; Kapona Otridah et al.,2025,"Over-the-counter antimicrobial dispensing in Lusaka Province retail pharmacies, Zambia.",JAC Antimicrob Resist,10.1093/jacamr/dlaf092,"BACKGROUND: Antimicrobial resistance (AMR) is a major global threat, projected to cause 10 million deaths annually by 2050, mostly in sub-Saharan Africa. Indiscriminate dispensing and policy non-adherence worsen AMR, yet non-prescription antimicrobial use persists. This study examines over-the-counter (OTC) antimicrobial dispensing by pharmacy personnel in Lusaka Province, Zambia. OBJECTIVE: To describe OTC antimicrobial dispensing by retail pharmacy personnel in Lusaka Province and its impli...",,Exclude,No relevant signals in title or abstract,,,,,[AUTO-R2] Title match - verify,MEDIUM,
REC-0126,PubMed,Do Thu Anh; Quan Phuong Bao; Le Thy Tran-Bao; Du Tuyen Thanh; Duong Suong Thi-Thanh et al.,2025,Antibiotic dispensing without a prescription across community pharmacies: A simulated patient study.,Explor Res Clin Soc Pharm,10.1016/j.rcsop.2025.100590,"OBJECTIVES: This study aimed to investigate the proportion of antibiotics dispensed, counseling content, and factors associated with antibiotic dispensing for patients with common cold symptoms among community pharmacists (CPs) in Ho Chi Minh City (HCMC). METHODS: A cross-sectional study was conducted from January to June 2023 using a simulated patient (SP) method. A total of 352 community pharmacies across 24 districts in HCMC were randomly selected. The SP provided complaints including havi...",,Maybe,Intervention + AB outcome - verify community pharmacy setting,,,,,[AUTO-R2] Title match - verify,MEDIUM,
REC-0127,PubMed,Doan Dung Anh; Nguyen An Duc; Le Giang Ba; Nguyen Thuy Thi Xuan; Nguyen Phuong Lan et al.,2025,Prevalence and associated factors of antibiotic self-medication and home storage among antibiotic users: a cross-sectional study in Vietnam.,BMC Public Health,10.1186/s12889-025-23202-4,"BACKGROUND: Antibiotic self-medication and home storage are two common behaviors in the community that can lead to inappropriate or unnecessary use. This study investigated the prevalence and factors associated with these two behaviors among antibiotic users in Vietnam. METHODS: In this cross-sectional study, 997 participants from six cities/provinces were selected using a convenience sampling method and directly interviewed from November 2023 to March 2024. Antibiotic home storage was assess...",,Exclude,No relevant signals in title or abstract,,,,,[AUTO-R2] Title match - verify,MEDIUM,
REC-0128,PubMed,Doan Dung Anh; Nguyen Viet Xuan; Le Giang Ba; Nguyen Thuy Thi Xuan; Dinh Dai Xuan,2025,Antibiotic self-medication and home storage among university students in Vietnam: a cross-sectional study.,BMJ Open,10.1136/bmjopen-2025-107987,"OBJECTIVES: Antibiotic self-medication and home storage are two common behaviours that can result in inappropriate drug use. This study elucidated their prevalence and associated factors among university students in Vietnam. DESIGN: Cross-sectional study. SETTING: Vietnam. PARTICIPANTS: 2230 university students. PRIMARY AND SECONDARY OUTCOME MEASURES: Antibiotic storage was evaluated at the time of the survey, while self-medication was assessed for 1 year preceding this time. Associated facto...",,Exclude,No relevant signals in title or abstract,,,,,[AUTO-R2] Title match - verify,MEDIUM,
REC-0129,OpenAlex,Edidiong Orok; Favour Ikpe; Tonfamoworio Williams; Inimuvie Ekada,2025,Impact of educational intervention on knowledge of antimicrobial resistance and antibiotic use patterns among healthcare students: a pre- and post-intervention study,BMC Medical Education,10.1186/s12909-025-06856-x,"BACKGROUND: Antimicrobial resistance (AMR) is a growing global health threat, partly driven by inappropriate antibiotic use. Healthcare students, as future practitioners, must have a good understanding of AMR to contribute to antimicrobial stewardship. This study aimed to evaluate the impact of an educational intervention on healthcare students' knowledge of AMR and to assess patterns of antibiotic use prior to the intervention. METHODS: A quasi-experimental pre-and-post study design was cond...",,Maybe,Intervention + AB outcome - verify community pharmacy setting,,,,,[AUTO-R3] Possible intervention study - verify design,MEDIUM,
REC-0131,OpenAlex,Elizabeth Hoskins; Elizabeth M. Bickenbach; Margaret Buchanan; Steve Detter; Michael A. Ferguson et al.,2025,Quantifying Antimicrobial Disposals at Six Community Pharmacies With Longitudinal Medication Disposal Programs: An Underappreciated Component of a One Health Approach to Antimicrobial Stewardship,Open Forum Infectious Diseases,10.1093/ofid/ofaf040,"Background: Unused, unwanted, and expired (UUE) medications, including antibiotics, pose a risk to our patients, their families, and our environment. A One Health approach to antimicrobial stewardship calls for stewards to recognize the interconnection between humans and our shared environment. The aims of this project were 2-fold: (1) to educate community members about the importance of responsible medication disposal and (2) to quantify the UUE medications returned to community pharmacies. ...",,Exclude,No relevant signals in title or abstract,,,,,[AUTO-R2] Title match - verify,MEDIUM,
REC-0144,PubMed,Gladys Okafor Ukamaka; Gabriella Chukwujindu Nzube; Lawal Folasade Olufunke; Bukola Folorunso Oluwatoyin; Amaechi Victor Chikaodiri et al.,2025,"Antibiotics stewardship: prevalence, nature, and factors associated with dispensing of antibiotics without prescription among community pharmacists in Nigeria.",J Pharm Policy Pract,10.1080/20523211.2025.2498927,"BACKGROUND: Dispensing antibiotics without a prescription is common among community pharmacists in low- and middle-income countries despite its association with antibiotic resistance. This study describes the prevalence and nature of dispensing antibiotics without prescription among community pharmacists in Nigeria and its associated factors. METHOD: A cross-sectional study was conducted among community pharmacists in Nigeria with a validated, online, self-administered questionnaire. Reliabil...",,Maybe,Possible relevance - verify study design,,,,,[AUTO-R2] Title match - verify,MEDIUM,
REC-0149,PubMed,Hammad Eman A; Altaher Noor; Tarazi Ala'a; Majdlaweyh Abdalrahman; Albayati Noorhan et al.,2025,Community Pharmacy Staff Referral of Patients with Diarrhea to Medical Consultation: A Simulated Patient Study.,Int J Pharm Pract,10.1093/ijpp/riaf023,OBJECTIVES: The objectives were (i) to assess the ability of community pharmacy staff in Jordan to identify diarrhea symptoms suggestive of bacterial gastroenteritis and advise patients to see a physician and (ii) to identify the factors influencing the referral decisions. METHOD: The study used the simulated patient (SP) approach. Four SPs conveyed a symptom-based scenario of bacterial gastroenteritis. Each visit was assessed for three outcomes: appropriateness of the visit outcome (i.e. ref...,,Maybe,Possible relevance - verify study design,,,,,[AUTO-R2] Title match - verify,MEDIUM,
REC-0155,PubMed,Jamil Safayet; Hossain Md Jamal; Mohammad Ali Habib; Akon Md Rakib; Asumah Mubarick Nungbaso et al.,2025,Association of Knowledge and Attitude Toward Antibiotic Use and Resistance With Self-Medication Practice of Antibiotics Among Bangladeshi Private University Teachers: A Cross-Sectional Study.,Health Sci Rep,10.1002/hsr2.70526,"BACKGROUND AND AIMS: Antibiotic resistance is increasing globally and regionally, posing a significant public health concern. This study aimed to assess knowledge and attitude toward antibiotic use and the prevalence of self-medication and its association with the knowledge and attitude toward antibiotic use and resistance among private university teachers in Bangladesh. METHODS: This quantitative, cross-sectional study utilized a convenience sampling technique and included 509 respondents. A...",,Exclude,No relevant signals in title or abstract,,,,,[AUTO-R2] Title match - verify,MEDIUM,
REC-0160,OpenAlex,Joseph Okeibunor; Andrew Smith; Emma Jolley; Elizabeth Elhassan; Oluwatosin Adekeye et al.,2025,Potential role of proprietary patent medicine vendors in primary eye and ear care: A mixed methods study in northern Nigeria,PLoS ONE,10.1371/journal.pone.0326132,"BACKGROUND: In Nigeria, patent and proprietary medicine vendors (PPMVs) are permitted to sell a limited range of medication. They are important providers of health care despite their limitations and may be trained to manage specific conditions, such as malaria, but not ear and eye conditions. In this study, PPMV's knowledge and management of ear and eye problems and community members health seeking behaviour were explored, as well as whether community members would access PPMVs if they were t...",,Exclude,Wrong outcome - not AB dispensing,,,,,[AUTO-R2] Title match - verify,MEDIUM,
REC-0161,OpenAlex,Junaid Mushtaq; B. Javeed,2025,"Prevalence and Determinants of Antibiotic Dispensing Practices without Prescription in Community Pharmacies of Gadag City, India",Indian Journal of Pharmacy Practice,10.5530/ijopp.20250268,"Published on: June 2025 Indian Journal of Pharmacy Practice, 2025; 18(4):439-444. Original Article| doi: 10.5530/ijopp.20250268Authors and affiliation (s): Junaid Mushtaq*, Bilkees Javeed School of Environmental Science, Public Health and Sanitation Management, Karnataka, State Rural Development and Panchayat Raj University, Gadag, Karnataka, INDIA. ABSTRACT Background: Pharmacists play a crucial role in healthcare, ensuring the safe and effective distribution of medicines. However, the pract...",,Exclude,No relevant signals in title or abstract,,,,,[AUTO-R2] Title match - verify,MEDIUM,
REC-0164,OpenAlex,Karan Selvaraju; Deepthi Cheravathoor Denny; Thiruvenkadam Mahendiran; Grace Shaji Chittilappilly,2025,Exploring antibiotic knowledge and dispensing behaviours in community pharmacy settings: a crosssectional study,Pharmaceutical Sciences Asia,10.29090/psa.2025.02.24.3388,"Antibiotics (Ab's) are playing a major role in treating bacterial infections, but their misuse and overuse have led to antibiotic resistance (ABR), complicating the treatment strategy and increasing healthcare costs.Over 50% of antibiotics are obtained from the community pharmacies through over-the-counter (OTC) purchases, often without a prescription, emphasizing the important role of pharmacists in ensuring appropriate use of Ab's.This study points out key factors influencing the dispensing...",,Exclude,No relevant signals in title or abstract,,,,,[AUTO-R2] Title match - verify,MEDIUM,
REC-0167,PubMed,Khan Faiz Ullah; Khan Farman Ullah; Sajjad Aqsa; Ahmad Tawseef; Mallhi Tauqeer Hussain et al.,2025,"Pattern of antibiotic dispensing at pharmacies according to access, watch, reserve (AWaRe) classification: multicenter study after COVID-19 waves in different districts of Pakistan.",BMC Res Notes,10.1186/s13104-024-07030-0,"OBJECTIVE: The dispensing of non-prescription antibiotics is a worldwide concern, and antibiotics should only be dispensed with a legitimate prescription. METHODOLOGY: A cross-sectional study was conducted using the simulated client methodology, with data collected, recorded, and analyzed using SPSS. RESULTS: The simulated client visited 210 pharmacies, of which 70 dispensed antibiotics without a prescription. Outcomes The most often suggested antibiotics for upper respiratory tract infection...",,Exclude,No relevant signals in title or abstract,,,,,[AUTO] Strong inclusion signal,MEDIUM,
REC-0174,OpenAlex,La Thi Quynh Lien; Kieu Thuy Tien,2025,"Perceptions and practices towards antimicrobial stewardship among community pharmacists in a suburb district in Hanoi, Vietnam",Tạp chí Nghiên cứu Dược và Thông tin Thuốc,10.59882/1859-364x/290,"Background: Antimicrobial resistance (AMR) including antibiotic resistance is considered one of the greatest threats to global health with an important reason being irrational use of antibiotics in the community. In Vietnam, antimicrobial stewardship programs (ASP) have mostly been implemented in hospitals. Understanding the perceptions and practices of community pharmacists towards antimicrobial stewardship is crucial for developing and implementing effective ASPs in the community setting. O...",,Exclude,No relevant signals in title or abstract,,,,,[AUTO-R2] Title match - verify,MEDIUM,
REC-0177,PubMed,Lambert Maarten; Benko Ria; Lykkegaard Jesper; Søndergaard Jens; Olsen Jonas et al.,2025,Community pharmacists' role in optimising antibiotic use: The HAPPY PATIENT project to improve dispensing practices in five EU countries.,Res Social Adm Pharm,10.1016/j.sapharm.2025.03.064,"BACKGROUND: Community pharmacies can play a pivotal role in optimising the use of antibiotics through their dispensing practice. AIM: To evaluate the impact of a multifaceted intervention on community pharmacies' quality of antibiotic dispensing. METHOD: A prospective before-after study conducted according to the Audit Project Odense methodology in community pharmacies in France, Greece, Lithuania, Poland, and Spain. Pharmacy staff audited dispensing practices through a self-registry form bef...",,Exclude,HIC country,,,,,[AUTO] Strong inclusion signal,HIGH,
REC-0184,PubMed,Maluleke Tiyani Milta; Maluleke Morgan Tiyiselani; Ramdas Nishana; Jelić Ana Golić; Kurdi Amanj et al.,2025,Prevalence and Associated Factors for Purchasing Antibiotics Without a Prescription Among Patients in Rural South Africa: Implications for Addressing Antimicrobial Resistance.,Antibiotics (Basel),10.3390/antibiotics14121273,,,Maybe,No abstract - cannot screen; retrieve full text,,,,,[AUTO-R2] Title match - verify,LOW,
REC-0188,PubMed,Mashuri Yusuf Ari; Hasanah Miratul; Rahayu Ihsanti Dwi; Liverani Marco; Probandari Ari et al.,2025,"Post-market quality assessment of antibiotics: findings from a cross-sectional study using standardised patients in Tabalong and Bekasi districts, Indonesia.",BMJ Open,10.1136/bmjopen-2024-087801,"OBJECTIVES: In Indonesia, antibiotics are often purchased without a prescription at community pharmacies, contrary to current regulations. This practice may increase the risk of out-of-specification (OOS) medicines being dispensed, potentially contributing to treatment failure and antibiotic resistance. To address this concern, we assessed the quality of antibiotics purchased without a prescription at private drug retail outlets (PDROs) in Indonesia. DESIGN AND SETTING: We conducted a cross-s...",,Exclude,No relevant signals in title or abstract,,,,,[AUTO-R3] Possible intervention study - verify design,MEDIUM,
REC-0189,OpenAlex,Md Mahir Faisal Akash; Hafiza Sultana; Md Ziaul Islam; Md. A. Rayhan; Mashruba Ferdouse et al.,2025,Knowledge and Practices of Retail Drug Sellers on the Rational Dispensing of Antibiotics,Journal of Monno Medical College,10.3329/jmomc.v10i2.78112,"Background: Retail drug pharmacies are often the primary and sometimes the sole source of healthcare for many patients in developing countries. The nonprescription selling of antibiotics is a major contributor to the rise in antibiotic usage, hastening the emergence of drug resistance. Bangladesh, as a developing country with a growing economy, is currently facing the global health threat of antibiotic resistance. Objective: The purpose of the present study was to assess the levels of knowled...",,Exclude,No relevant signals in title or abstract,,,,,[AUTO-R2] Title match - verify,MEDIUM,
REC-0192,PubMed,Mendelson Marc; Afari-Asiedu Samuel; Schellack Natalie; Wertheim Heiman; Mpundu Mirfin et al.,2025,Facing up to reality: over-the-counter access to antibiotics in low-income and middle-income countries needs a paradigm shift in thinking.,Lancet Glob Health,10.1016/S2214-109X(25)00394-8,"Almost half of the global population do not have access to universal health coverage and the current shortfall of health-care professionals (including doctors and nurses) is estimated to reach a deficit of 11 million by 2030, disproportionately affecting low-income and middle-income countries (LMICs). Against this backdrop, of the 8 million deaths per year from bacterial sepsis worldwide, over 3 million are from treatable antibiotic-sensitive infections. This number suggests that access to an...",,Exclude,No relevant signals in title or abstract,,,,,[AUTO-R2] Title match - verify,MEDIUM,
REC-0201,PubMed,Muhammed Oumer Sada; Serbessa Mirgissa Kaba; Fenta Teferi Gedif,2025,"Exploring behavioral determinants of antimicrobial dispensing in drug retail outlets of Addis Ababa, Ethiopia: a mixed methods study.",Sci Rep,10.1038/s41598-025-20558-w,"Antimicrobial resistance (AMR) is a critical global health threat, exacerbated by inappropriate dispensing practices. Despite efforts to improve antimicrobial stewardship, behavioral determinants influencing antimicrobial dispensing remain understudied, particularly in low-resource settings like Ethiopia. This study was aimed to explore the behavioral drivers of antimicrobial dispensing among pharmacy professionals working at community drug retail outlets of Addis Ababa. This convergent, para...",,Exclude,No relevant signals in title or abstract,,,,,[AUTO-R2] Title match - verify,MEDIUM,
REC-0205,OpenAlex,Nadia Saeed; Abdo Taher; Lutf Mohammed Al-Rahbi; Mohammed Alsebaeai; Mageed F. Alsaadi,2025,Study of Antibiotic Use Without a Prescription and Its Misuse by Pharmacists in Sana'a City in 2024,Queen Arwa University Journal,10.58963/qausrj.v29i29.311,أصبح سوء استخدام المضادات الحيوية والتهديد المتزايد لمقاومتها من المخاوف الصحية العالمية الحرجة لا سيما في البيئات منخفضة الموارد. درست هذه الدراسة استخدام المضادات الحيوية بدون وصفة طبية في الصيدليات المجتمعية في صنعاء، اليمن، مع التركيز على العوامل المساهمة وممارسات الصيادلة والوعي العام. تم إجراء مسح مقطعي على مدى 30 يومًا باستخدام العينات الهادفة وشملت 299 صيدلية. تم جمع البيانات من خلال استبيان منظم لتقييم أنماط صرف المضادات الحيوية ومعرفة الصيادلة وسلوكياتهم. كشفت النتائج عن انتشار واسع...,,Maybe,Possible relevance - verify study design,,,,,[AUTO-R2] Title match - verify,MEDIUM,
REC-0208,PubMed,Nsingo Zanele; Bangalee Varsha; Johnston Deanne,2025,"Corrigendum: Utilisation of antibiotics in a community pharmacy: A case from North-West, South Africa.",Afr J Prim Health Care Fam Med,10.4102/phcfm.v17i1.5273,,,Maybe,No abstract - cannot screen; retrieve full text,,,,,[AUTO-R2] Title match - verify,LOW,
REC-0209,PubMed,Nsingo Zanele; Bangalee Varsha; Johnston Deanne,2025,"Utilisation of antibiotics in a community pharmacy: A case from north-west, South Africa.",Afr J Prim Health Care Fam Med,10.4102/phcfm.v17i1.4943,"BACKGROUND:  Antibiotic utilisation is a growing public health issue due to antimicrobial resistance. Community pharmacies are a key access point for antibiotics; thus, an evaluation of dispensing records will provide insights into their use. AIM:  To describe the utilisation of antibiotics in a private community pharmacy. SETTING:  This study was undertaken in a private pharmacy located in the North West province of South Africa. METHODS:  A retrospective, cross-sectional study reviewed elec...",,Exclude,No relevant signals in title or abstract,,,,,[AUTO-R2] Title match - verify,MEDIUM,
REC-0213,OpenAlex,Olga Loza; Mike Kesby; Kathryn J. Fredricks; Stella Neema; Joseph R. Mwanga et al.,2025,Unpacking ‘irrational’ behaviours: Situating the antibiotic selling practices of drug sellers in East Africa,Global Public Health,10.1080/17441692.2025.2589540,"Stewardship of antibiotic medicines will likely play a key role in curtailing the rise of antimicrobial resistance (AMR) globally. In East Africa, drug sellers are a critical group for interventions because they often dispense without prescription and violate regulations designed to facilitate antibiotic stewardship. Currently, measures to tackle regulatory avoidance are often rooted in individuated cognitive-behavioural approaches that label sellers' actions as 'irrational'. This study, part...",,Exclude,No relevant signals in title or abstract,,,,,[AUTO-R2] Title match - verify,MEDIUM,
REC-0214,OpenAlex,Oluoma Agiri; Gilbert Osena; Felix Bahati; D. B. Dill; Erta Kalanxhi et al.,2025,"Knowledge, attitudes and practices survey on antimicrobial resistance and stewardship among pharmacy healthcare workers in 28 African countries",BMJ Global Health,10.1136/bmjgh-2025-019151,"INTRODUCTION: Antimicrobial resistance (AMR) is a pressing global health problem disproportionately affecting low- and middle-income countries. Inappropriate antimicrobial prescription and use exacerbate AMR. This study assesses the knowledge, attitudes and practices (KAP) toward AMR and antimicrobial stewardship (AMS) among pharmacy healthcare workers involved in antimicrobial dispensing across 28 African countries. METHODS: An online survey was distributed to collect data on KAP from HCWs w...",,Exclude,No relevant signals in title or abstract,,,,,[AUTO-R2] Title match - verify,MEDIUM,
REC-0215,OpenAlex,Omar Al Omoush; Yaman Altal; Nuha Qasem; Mohammad Ali Alshrouf; Yara Alshawabkeh et al.,2025,Dispensing Practice of Non-Prescribed Medications in Community Pharmacies in Jordan: A Simulated Patient Study,Pharmacy Practice,10.18549/pharmpract.2025.2.3144,"Objectives: In Jordan, community pharmacies play a critical role in the healthcare system, often serving as the first point of contact for patients seeking medical advice and medication. As most antibiotics and oral contraceptive pills (OCPs) are available over the counter, it is the pharmacist’s professional duty to verify and advise patients about all aspects of using these medications. However, the lack of stringent regulatory oversight and adherence to dispensing guidelines has led to con...",,Maybe,Possible relevance - verify study design,,,,,[AUTO-R2] Title match - verify,MEDIUM,
REC-0219,OpenAlex,Pooja Rimal; Anil Kumar Sah; Kadir Alam; Mukhtar Ansari; Khalid Alshaghdali et al.,2025,"Dispensing Practices of Antibiotics among Community Pharmacies of Bharatpur, Nepal; A Simulated Patient Cross-Sectional Study",Journal of Young Pharmacists,10.5530/jyp.20251698,"Backgroud The practice of community pharmacies dispensing antibiotics without a prescription is widespread, and improper use of these medications is associated with the emergence of resistance. Hence, this study aimed to evaluate the dispensing practices of antimicrobials in community pharmacies of Bharatpur city, Nepal. Materials and Methods A cross-sectional study involving 101 community pharmacies of Bharatpur Metropolitan city was conducted for a duration of six months starting from 1st J...",,Maybe,Possible relevance - verify study design,,,,,[AUTO-R2] Title match - verify,MEDIUM,
REC-0220,PubMed,Popoola Olanrewaju Olamide; Adebisi Igbagboyemi Adebowale; Adeyemi Adebowale Sylvester; Adepitan Damilola Samson; Oladeru Opeyemi Fortunate,2025,"Assessing ethical practices among community pharmacists in Nigeria: prevalence, drivers, challenges, and implications-a mixed methods study.",Front Public Health,10.3389/fpubh.2025.1495328,"INTRODUCTION: Given the accessibility of community pharmacists as the first point of care in Nigeria and their expanding role in optimizing public health, it is critical that they employ evidence-based, ethical practices. This study assessed ethical practices and identified drivers of unethical practices among community pharmacists in Nigeria. METHODS: A convergent-parallel mixed method study design was employed, collecting quantitative and qualitative data, which were analyzed using SPSS and...",,Exclude,No relevant signals in title or abstract,,,,,[AUTO-R2] Title match - verify,MEDIUM,
REC-0232,OpenAlex,Sajala Kafle; Nisha Jha; P Ravi Shankar; Shital Bhandary; Subish Palaian,2025,Impact Assessment of an Educational Intervention Toward Rational Antibiotic Use Among Community Pharmacists in Nepal,Risk Management and Healthcare Policy,10.2147/rmhp.s493340,"Introduction: Educating community pharmacists (CPs) is an important step in promoting rational use of antibiotics. In this study, authors assessed the impact of an educational intervention on knowledge, attitude, and practice (KAP) related to rational antibiotic use among selected CPs in Kathmandu valley, Nepal and also obtained qualitative feedback. Methods: An educational intervention was conducted among 162 CPs. Antimicrobial resistance (AMR) and its causes, strategies to contain resistanc...",,Exclude,No relevant signals in title or abstract,,,,,[AUTO] Strong inclusion signal,MEDIUM,
REC-0235,OpenAlex,Seidu Atta Ishmael; Rita Opoku; Michael Konney Laryea; Edward Ebow Kwaansa‐Ansah; Godfred Darko et al.,2025,"Occurrence and ecological risk assessment of commonly used pharmaceuticals in water and soil of Sefwi Wiawso, Ghana",Discover Chemistry.,10.1007/s44371-025-00146-7,"Over the past two decades, pharmaceutical pollutants have emerged as a significant global concern due to their harmful effects on water quality, human health, and aquatic ecosystems. Pharmaceuticals play an essential role in medicine and veterinary science, contributing to improved healthcare, food production, and economic development. However, their improper disposal and interactions with living systems have led to their accumulation in the environment through production, consumption, excret...",,Exclude,No relevant signals in title or abstract,,,,,[AUTO-R2] Title match - verify,MEDIUM,
REC-0238,OpenAlex,Simon C. Udeh; Babatunde Omotowo; Chukwuemerie P. Okoye; Blessing N. Eneh; Susan C. Udeh,2025,"Evaluation of Impact of Health Education Intervention on Knowledge and Management of Typhoid Fever among Patent Medicine Vendors in Ebonyi, Nigeria",Research Square,10.21203/rs.3.rs-7819784/v1,,,Exclude,Wrong outcome - not AB dispensing,,,,,[AUTO-R2] Title match - verify,LOW,
REC-0245,PubMed,Tekle Masho Tigabe; Sema Faisel Dula; Worku Minichil Chanie; Jara Abdisa Gemedi; Ayenew Worku Endalamaw,2025,Dispensing of antibiotics without prescription in community drug retail outlets of Bahir Dar City in Northwest Ethiopia: A simulated client visit before and after educational intervention.,J Glob Antimicrob Resist,10.1016/j.jgar.2025.08.017,"OBJECTIVES: The non-prescription supply of antibiotics in community drug retail outlets (CDROs) significantly contributes to antibiotic resistance (ABR). This study aimed to assess the effectiveness of an educational intervention for pharmacy practitioners (PPs) in reducing over-the-counter (OTC) antibiotic sales. METHODS: From 1 August 2022, to 30 January 2023, a total of 80 simulated client (SC) visits (40 pre-intervention, 40:post-intervention) were made in 40 CDROs of Bahir Dar City, to d...",,Maybe,Intervention + AB outcome - verify community pharmacy setting,,,,,[AUTO] Strong inclusion signal,MEDIUM,
REC-0250,OpenAlex,Tiyani Milta Maluleke; Morgan Tiyiselani Maluleke; Ana Golić Jelic; Stephen Campbell; Vanda Marković‐Peković et al.,2025,Estimated extent of purchasing of antibiotics without a prescription from community pharmacies in a rural province in South Africa and the implications,Frontiers in Tropical Diseases,10.3389/fitd.2025.1637362,"Background Antimicrobial resistance is a considerable global health threat especially among low- and middle-income countries, exacerbated by considerable inappropriate dispensing of antibiotics. There have though been concerns with variable levels of dispensing of antibiotics without a prescription in South Africa. Consequently, a need to comprehensively estimate current levels of dispensing of antibiotics without a prescription, which was the aim of this study. Methods Administer a previousl...",,Maybe,Possible relevance - verify study design,,,,,[AUTO-R2] Title match - verify,MEDIUM,
REC-0251,OpenAlex,Tiyani Milta Maluleke; Morgan Tiyiselani Maluleke; Ana Golić Jelic; Stephen Campbell; Vanda Marković‐Peković et al.,2025,Current knowledge and attitudes toward antibiotic use among community pharmacy personnel in a rural province in South Africa and the implications,Frontiers in Tropical Diseases,10.3389/fitd.2025.1637843,"Background Antimicrobial resistance (AMR) is an appreciable threat to public health, especially among low- and middle-income countries (LMICs), exacerbated by high levels of inappropriate prescribing and dispensing of antibiotics in these countries. There have been variable levels of dispensing of antibiotics without a prescription among community pharmacies in South Africa. Given the importance of community pharmacies, especially in rural South Africa, there is a need to assess their knowled...",,Exclude,No relevant signals in title or abstract,,,,,[AUTO-R2] Title match - verify,MEDIUM,
REC-0253,OpenAlex,Trần Thị Thu Trang,2025,"Factors Influencing Provision of Antibiotics without a Prescription at Pharmacies in Inner City of Hanoi, Vietnam 2024",Journal of Health Science and Medical Therapy,10.59653/jhsmt.v3i02.1475,"The sale of antibiotics without a prescription is a serious issue in Vietnam, particularly in the inner city of Hanoi, where this practice remains prevalent despite strict regulations. This has significant negative impacts on public health, including the issue of antimicrobial resistance. This study aims to evaluate the factors influencing the sale of antibiotics without a prescription at retail pharmacies in the inner city of Hanoi, focusing on the districts of Bac Tu Liem and Nam Tu Liem. A...",,Maybe,Possible relevance - verify study design,,,,,[AUTO-R2] Title match - verify,MEDIUM,
REC-0255,OpenAlex,Turki M Alanzi; Nouf Alanzi; Hend Muharraq; Karmah Alrumman; Norah Bin Hamad et al.,2025,Surveying Self-Medication Practices and Attitudes Toward Antibiotic Use Among Adults in Primary Care,Cureus,10.7759/cureus.96114,"BACKGROUND: Antibiotic self-medication (ASM) is a significant global health concern contributing to antimicrobial resistance (AMR), particularly in low- and middle-income countries, including Saudi Arabia. Despite regulatory controls, inappropriate antibiotic use persists in primary care settings. AIM: This study aimed to assess the prevalence, sources, and behavioral patterns of ASM and to evaluate knowledge, awareness, and attitudes toward antibiotic use among adults attending primary care ...",,Exclude,No relevant signals in title or abstract,,,,,[AUTO-R2] Title match - verify,MEDIUM,
REC-0264,OpenAlex,Worrayot Darasawang; Wongsa Laohasiriwong; Kittipong Sornlorm; Roshan Kumar,2025,"Influence of knowledge, access to information, and health seeking behavior on antibiotic self-medication in Thailand",International Journal of Public Health Science (IJPHS),10.11591/ijphs.v14i2.25741,"Antibiotic self-medication (ASM) significantly contributes to antimicrobial resistance (AMR), a pressing global health concern. However, the impact of knowledge, health information access, and health-seeking behavior on ASM in Thailand is poorly understood. This study aimed to evaluate these influences using data from the 2021 health and welfare survey conducted by Thailand’s National Statistical Office. A generalized linear mixed model was applied to assess associations. Variables with a p-v...",,Exclude,No relevant signals in title or abstract,,,,,[AUTO-R2] Title match - verify,MEDIUM,
REC-0265,OpenAlex,Worrayot Darasawang; Wongsa Laohasiriwong; Kittipong Sornlorm; Warangkana Sungsitthisawad; Roshan Kumar Mahato,2025,Spatial association of socioeconomic and health service factors with antibiotic self-medication in Thailand,Geospatial health,10.4081/gh.2025.1329,Antibiotic Self-Medication (ASM) is a major contributing factor to Antimicrobial Resistance (AMR) that can lead to both mortality and long-term hospitalizations. High provincial ASM proportions associated with mortality due to AMR have been observed in Thailand but there is a lack of studies on geographic factors contributing to ASM. The present study aimed to quantify the distribution of ASM in Thailand and its correlated factors. Socioeconomic and health services factors were included in th...,,Exclude,No relevant signals in title or abstract,,,,,[AUTO-R2] Title match - verify,MEDIUM,
REC-0277,OpenAlex,Abdo Taher; Nadia Saeed,2024,Study the Antibiotics Use Without a Prescription and Their Misuse in Sana’a City,Queen Arwa University Journal,10.58963/qausrj.v27i27.295,يهدف هذا البحث إلى تقييم معرفة سكان مدينة صنعاء في اليمن حول الاستخدام الصحيح للمضادات الحيوية ومخاطرها. بالإضافة إلى ذلك، يسعى البحث إلى تقييم دور الصيادلة في صرف المضادات الحيوية بشكل عشوائي ومعرفتهم بمقاومة البكتيريا. أجريت الدراسة بين يونيو وأغسطس 2023 في مدينة صنعاء، حيث تم استخدام استبيان شمل 261 شخصاً بالغاً استخدموا مضادات حيوية مؤخراً. تضمن الاستبيان أسئلة حول الوضع الاجتماعي للمشاركين وأسئلة متعددة الخيارات وأخرى مفتوحة. أظهرت النتائج أن مستوى استخدام المضادات الحيوية كان مرتفعاً لل...,,Maybe,Possible relevance - verify study design,,,,,[AUTO-R2] Title match - verify,MEDIUM,
REC-0278,OpenAlex,Abdul Razzaque Nohri; Muhammad Ilyas Siddiqui; Gulzar Usman; Sajan Sarang; Hina Qasim Memon et al.,2024,Antibiotic dispensation without prescription by community pharmacies in Pakistan,Journal of Medicine Surgery and Public Health,10.1016/j.glmedi.2024.100065,"Antibiotic resistance is a one of the major threats to public health worldwide. Over-the-counter dispensation and utilization of antibiotics are strongly linked with antibiotic resistance. Dispensing without prescription practice is widespread in most countries, including Pakistan. Generally the factors influencing the widespread supply of antibiotics without a prescription in Pakistan include lack of enforcement of laws, lack of knowledge of infectious diseases, patient pressure and socioeco...",,Maybe,Possible relevance - verify study design,,,,,[AUTO-R2] Title match - verify,MEDIUM,
REC-0279,OpenAlex,Abdullah Masud; Ramesh Walpola; Malabika Sarker; Alamgir Kabir; Muhammad Asaduzzaman et al.,2024,Understanding Antibiotic Purchasing Practices in Community Pharmacies in Bangladesh: A Potential Driver of Emerging Antimicrobial Resistance,Research Square,10.21203/rs.3.rs-4357743/v1,"Abstract Background Antimicrobial resistance (AMR) poses significant health threats for low-and-middle-income countries (LMICs) and 80% of antibiotics are used in the community, with 20–50% inappropriate use. Southeast Asia, including Bangladesh, faces higher AMR risk due to suboptimal healthcare standards and over-the-counter antibiotic usage. Methods This cross-sectional survey included 365 antibiotic customers from pharmacies, alongside structured observation of over 1,000 medicine dispens...",,Exclude,No relevant signals in title or abstract,,,,,[AUTO-R2] Title match - verify,MEDIUM,
REC-0285,OpenAlex,Adnan Mannan; Kallyan Chakma; Gourab Dewan; Ayan Saha; Naim Uddin Hasan A Chy et al.,2024,Prevalence and determinants of antibiotics self-medication among indigenous people of Bangladesh: a cross-sectional study,BMJ Open,10.1136/bmjopen-2022-071504,"Objectives Self-medication with antibiotics (SMA) contributes significantly to the emergence of antimicrobial resistance (AMR), especially in low-income countries including Bangladesh. This study aimed to generate evidence on the self-reported prevalence of antibiotic self-medication and its determinants among indigenous people residing in Bangladesh’s Chittagong Hill Tracts (CHT) districts. Design This study used a cross-sectional design with data collected through a survey using a semi-stru...",,Exclude,No relevant signals in title or abstract,,,,,[AUTO-R2] Title match - verify,MEDIUM,
REC-0288,OpenAlex,Akram Alkadhimi; Omar Thanoon Dawood; Amer Hayat Khan,2024,"Dispensing of Antibiotics without Prescription in Community Pharmacy in Baghdad, Iraq",Archives of Pharmacy Practice,10.51847/xojfb9irta,"This study aimed to evaluate the pattern of dispensing antibiotics without a prescription in a community pharmacy in Baghdad, as well as to understand the factors influencing the dispensing of antibiotics without a prescription. A cross-sectional study was conducted among community pharmacists to describe the dispensing of antibiotics in community pharmacies. The convenience sampling method was applied to select the required sample from a community pharmacy in Baghdad. A self-administered questi",,Maybe,Possible relevance - verify study design,,,,,[AUTO-R2] Title match - verify,MEDIUM,
REC-0291,PubMed,Alanazi Ibtisam Hamoud; Alanazi Sabah Dhaifallah; Alanazwi Shouq Lafui; Alshehri Sara Hassan; Prabahar Kousalya,2024,Dispensing Errors and Self-medication Practices-Pharmacists' Experience in Tabuk: A Cross-sectional Study.,J Pharm Bioallied Sci,10.4103/jpbs.jpbs_1288_23,"BACKGROUND: Community pharmacists are engaged in various professional activities starting from drug dispensing to promoting the well-being of patients. They dispense medications as stated in the prescription and are also licensed to prescribe over-the-counter (OTC) medications. Self-medication is widely practiced in various countries, which may lead to irrational drug use. The objectives of this study were to identify the factors associated with dispensing errors, to find ways to minimize dis...",,Exclude,No relevant signals in title or abstract,,,,,[AUTO-R2] Title match - verify,MEDIUM,
REC-0295,PubMed,Alnezary Faris S; Alahmadi Dina A; Abduljaleel Fatima N; Alharbi Riham G; Alzahrani Fahad et al.,2024,Assessing Community Pharmacists' Management of Acute Diarrhea in Saudi Arabia: A Simulated Patient Study.,Healthcare (Basel),10.3390/healthcare12232385,"INTRODUCTION: Antimicrobial resistance poses a significant threat to global health, and community pharmacists are positioned to play a crucial role in mitigating this issue. The present study aimed to evaluate the extent of compliance among community pharmacists in Saudi Arabia with relevant regulations and clinical guidelines in the management of suspected infectious diarrhea. METHOD: This cross-sectional study employed simulated patients presenting with diarrhea to assess the management pra...",,Maybe,Possible relevance - verify study design,,,,,[AUTO-R2] Title match - verify,MEDIUM,
REC-0302,OpenAlex,Arifa Saif; Tahir Mehmood Khan; Allah Bukhsh; Muhammad Osama Yaseen; Alia Saif,2024,"Cross-sectional survey to explore knowledge, attitude, practices and impact of an intervention programme related to antibiotic misuse and self-medication among general population of Pakistan",BMJ Public Health,10.1136/bmjph-2023-000758,"Objective: The objective of this study is to observe the knowledge, attitude and practices related to antibiotic use, the prevalence of self-medication and non-adherence to the prescribed course of antibiotics across Pakistan. Method: A cross-sectional quantitative study on knowledge, practices, attitude and adherence to antibiotic therapy was conducted from January 2021 to March 2022 among the adult population living in different areas across Pakistan. Individuals with poor knowledge were se...",,Include,KAP + intervention impact study - verify design,,,,,[AUTO-R2] Title match - verify,HIGH,
REC-0307,OpenAlex,Bader A. Almehmadi; Saad Alsubaie; Omar Al-Morikhi; Fawaz Alqahtani; Waad Almutairi et al.,2024,Knowledge and Attitude of self-medication with leftover antibiotics in Saudi Arabia: A cross-sectional study,F1000Research,10.12688/f1000research.130364.2,"Background: Antimicrobial resistance is increasing at an alarming rate. The use of antibiotics without a prescription by a patient or other family members and their inappropriate storage have caused serious health issues as it would lead to antibiotic resistance and exposure to the risk of harmful adverse effects unnecessarily. Therefore, the study aimed to evaluate the current behaviour of antibiotic usage, storage, re-usage and misuse among the residents of Saudi Arabia. Methods: This is a ...",,Exclude,No relevant signals in title or abstract,,,,,[AUTO-R2] Title match - verify,MEDIUM,
REC-0309,OpenAlex,Bijetri Bose; Terence Chai Cheng; Anuska Kalita; Annie Haakenstaad; Winnie Yip,2024,"Resource shortage in public health facilities and private pharmacy practices in Odisha, India",Health Policy and Planning,10.1093/heapol/czae086,"In low- and-middle-income countries (LMICs), private pharmacies play a crucial role in the supply of medicines and the provision of healthcare. However, they also engage in poor practices including the improper sale of medicines and caregiving beyond their legal scope. Addressing the deficiencies of private pharmacies can increase their potential contribution towards enhancing universal health coverage. Therefore, it is important to identify the determinants of their performance. The existing...",,Exclude,No relevant signals in title or abstract,,,,,[AUTO-R2] Title match - verify,MEDIUM,
REC-0316,OpenAlex,Chidinma Ihuoma Amuzie; Ugochukwu Onyeonoro; Uche Ngozi Nwamoh; Andrew Ukegbu; Kalu U. Kalu et al.,2024,"Prevalence and pattern of self-medication with antibiotics among residents of Abia State, Southeastern Nigeria: a call for action",International Journal of Community Medicine and Public Health,10.18203/2394-6040.ijcmph20243278,"Background: Antibiotic self-medication occurs worldwide, and it is a major driver of antibiotic misuse and antimicrobial resistance. In developing countries like Nigeria, antibiotics are frequently sold as over-the-counter medications. There is a need to explore this pattern, aiding stakeholders in informed decision-making. We assessed the prevalence and pattern of antibiotic self-medication among the residents of Abia State. Methods: A cross-sectional study was conducted among eligible adult...",,Exclude,No relevant signals in title or abstract,,,,,[AUTO-R2] Title match - verify,MEDIUM,
REC-0318,OpenAlex,Christian Kunow; Bernhard Langer,2024,Simulated patient methodology as a “gold standard” in community pharmacy practice: Response to criticism,World Journal of Methodology,10.5662/wjm.v14.i2.93026,"The simulated patient methodology (SPM) is considered the ""gold standard"" as covert participatory observation. SPM is attracting increasing interest for the investigation of community pharmacy practice; however, there is criticism that SPM can only show a small picture of everyday pharmacy practice and therefore has limited external validity. On the one hand, a certain design and application of the SPM goes hand in hand with an increase in external validity. Even if, on the other hand, this o...",,Maybe,Possible relevance - verify study design,,,,,[AUTO-R2] Title match - verify,MEDIUM,
REC-0338,PubMed,Ferdiana Astri; Mashuri Yusuf Ari; Wulandari Luh Putu Lila; Rahayu Ihsanti Dwi; Hasanah Miratul et al.,2024,The impact of a multi-faceted intervention on non-prescription dispensing of antibiotics by urban community pharmacies in Indonesia: a mixed methods evaluation.,BMJ Glob Health,10.1136/bmjgh-2024-015620,INTRODUCTION: Non-prescription antibiotic dispensing is prevalent among community pharmacies in several low- and middle-income countries. We evaluated the impact of a multi-faceted intervention to address this challenge in urban community pharmacies in Indonesia. METHODS: A pre-post quasi-experimental study was carried out in Semarang city from January to August 2022 to evaluate a 7-month long intervention comprising: (1) online educational sessions for pharmacists; (2) awareness campaign tar...,,Maybe,Intervention + AB outcome - verify community pharmacy setting,,,,,[AUTO] Strong inclusion signal,MEDIUM,
REC-0345,OpenAlex,George Dalitso Limwado; Moses Banda Aron; Kondwani Mpinga; Henry Phiri; Stellar Chibvunde et al.,2024,Prevalence of antibiotic self-medication and knowledge of antimicrobial resistance among community members in Neno District rural Malawi: A cross-sectional study,IJID Regions,10.1016/j.ijregi.2024.100444,"Objectives: Despite global efforts to address antibiotic self-medication, it is still significantly prevalent. This study aimed to investigate the prevalence of antibiotic self-medication and assess knowledge of antibiotic resistance among community members in Neno District, rural Malawi. Methods: A cross-sectional, community-based study was conducted from September to November 2023, using simple random sampling across 169 villages. Participants from two households per village were surveyed u...",,Exclude,No relevant signals in title or abstract,,,,,[AUTO-R2] Title match - verify,MEDIUM,
REC-0353,OpenAlex,Hailu Anjulo; Worku Birhane; Ariaya Hymete; Ayenew Ashenef,2024,Quality Assessment of Selected Essential Antimicrobial Drugs from Drug Retail Outlets of Selected Cities in Eastern Ethiopia,American Journal of Tropical Medicine and Hygiene,10.4269/ajtmh.23-0536,"The prevalence of substandard and falsified (SF) antimicrobial drugs is increasing around the globe. This poses a great concern for the healthcare system. The consumption of SF antimicrobial drugs has the potential to result in treatment failure, emergence and development of antimicrobial resistance, and ultimately a rise in mortality rate. The objective of this study was to assess the quality of four commonly used antimicrobials marketed in the cities of Dire Dawa and Jijiga and the town of ...",,Exclude,No relevant signals in title or abstract,,,,,[AUTO-R2] Title match - verify,MEDIUM,
REC-0359,OpenAlex,Hosam Elmahmoudi; Ahmed Atia,2024,"Antibiotics Self-Medication Among Students at Faculty of Medical Technology, University of Tripoli",Khalij-Libya Journal of Dental and Medical Research,10.47705/kjdmr.248108,"Background and aim. Antibiotics self-medication is a global phenomenon that is prevalent in developing countries due to inadequate monitoring controls. The current study conducted to assess the practice of self-medication among paramedical students at Faculty of Medical Technology. Methods. A pre-validated questionnaire was dispersed through google forms, and students were asked to report antibiotic use with or without prescription in the year 2022. The questions enclosed demographic characte...",,Exclude,No relevant signals in title or abstract,,,,,[AUTO-R2] Title match - verify,MEDIUM,
REC-0362,OpenAlex,Huong V.T.M. Vo; Hung N.P. Nguyen; Minh N.T.T. Nguyen; Dut Van Vo; Khai L.Q. Lam et al.,2024,Correlation Analysis of Factors Influencing Customer Loyalty in Retail Pharmacy Chains: A Cross-Sectional Study in Vietnam,Research Square,10.21203/rs.3.rs-3857767/v1,,,Maybe,No abstract - cannot screen; retrieve full text,,,,,[AUTO-R2] Title match - verify,LOW,
REC-0365,PubMed,Jaggi Preeti; Logan Latania,2024,Dispensing practices of amoxicillin suspension by community pharmacists.,Antimicrob Steward Healthc Epidemiol,10.1017/ash.2024.360,BACKGROUND: Amoxicillin suspension is frequently prescribed to children; we hypothesized that prescribing convention system constraints lead to unusual dosing regimens and unnecessary waste of the drug. OBJECTIVE: Identify antibiotic dispensing practices by community pharmacists and/or technicians to understand opportunities to decrease wasted amoxicillin liquid and optimize prescribing convention of liquid amoxicillin to children. METHODS: Pilot online survey of Atlanta area and National Com...,,Exclude,No relevant signals in title or abstract,,,,,[AUTO-R2] Title match - verify,MEDIUM,
REC-0370,OpenAlex,Jingyi Qiao; Bingxing Luo; Jian Ming; Siyun Zhou; Yingyao Chen et al.,2024,Prevalence and Implications of Non-Prescription Antibiotic Dispensing in Baghdad Community Pharmacies,Annals of Pharmacy Practice and Pharmacotherapy,10.51847/5sugtfpren,"The purpose of the present investigation was to assess the pattern of distributing antibiotics without an order at a Baghdad community pharmacy, as well as to better comprehend the variables that influence antibiotic dispensing without authorization. A cross-sectional survey of community pharmacists was conducted to explain antibiotic distribution practices in community pharmacies. To collect the requisite sample, the convenience sampling approach was used at a Baghdad community pharmacy. The pa",,Maybe,Possible relevance - verify study design,,,,,[AUTO] Strong inclusion signal,MEDIUM,
REC-0389,PubMed,Lubanga Adriano Focus; Bwanali Akim Nelson; Kamanga Watipaso; Kathewera Bernard Sindani; Makole Tumaini John et al.,2024,"Antibiotic Dispensing Practices Among Community Retail Pharmacies and Registered Drugstores: Results from a Simulated Client Study in Lilongwe, Malawi.",Integr Pharm Res Pract,10.2147/IPRP.S487530,"INTRODUCTION: Antimicrobial resistance (AMR) is largely driven by the inappropriate use of antibiotics. This has been attributed to the non-prescription sale of antibiotics in retail drug outlets. Despite the rising number of retail drug outlets in Malawi, the practice of drug dispensing in private pharmacies has not been evaluated. This study therefore assessed the prevalence of non-prescription sales of antibiotics in retail drug outlets in Lilongwe, Malawi. METHODS: A community-based simul...",,Maybe,Possible relevance - verify study design,,,,,[AUTO] Strong inclusion signal,MEDIUM,
REC-0391,OpenAlex,Lusajo Shitindi; Omary Issa; Baraka P. Poyongo; Pius Horumpende; Godeliver A.B. Kagashe et al.,2024,"Comparison of knowledge, attitude, practice and predictors of self-medication with antibiotics among medical and non-medical students in Tanzania",Frontiers in Pharmacology,10.3389/fphar.2023.1301561,"Introduction: Self-medication with antibiotics (SMA) is a widespread problem in developing nations, including Tanzania. Methods: This study compared knowledge, attitudes, practices, and factors influencing antibiotic SMA among medical and non-medical students. Results: The prevalence of SMA among medical students was 49.1% and 59.2% among non-medical students, respectively. The mean knowledge score of medical students (6.4) was significantly higher (p-value <0.001) than that of non-medical st...",,Exclude,No relevant signals in title or abstract,,,,,[AUTO-R2] Title match - verify,MEDIUM,
REC-0394,OpenAlex,Marie-Louise Sezerano; Emery Niyonkuru,2024,Self-medication with antibiotics: A pervasive risk factor for antibiotic resistance and public health concerns,International Journal of Science and Research Archive,10.30574/ijsra.2024.13.2.2377,"Self-medication with antibiotics (SMA) has emerged as a significant public health concern, particularly in low- and middle-income countries (LMICs), where prevalence rates can be alarmingly high. This study systematically reviews the prevalence and factors influencing SMA, revealing a pooled prevalence of 27.7% globally, with rates ranging from 7.3% in Indonesia to 82.2% in Nigeria. Key determinants of SMA include perceived barriers to healthcare, self-medication risks, and self-efficacy, wit...",,Exclude,No relevant signals in title or abstract,,,,,[AUTO-R2] Title match - verify,MEDIUM,
REC-0395,OpenAlex,Marina Darakhvelidze; Iagor Kalandadze; Nino Mirzikashvili; David Tsereteli; Natalia Zakareishvili et al.,2024,Self-medication with antibiotics in Georgian population,Frontiers in Pharmacology,10.3389/fphar.2024.1254817,"Background: Self-medication with antibiotics is a global phenomenon and a potential contributor to human pathogen resistance to antibiotics. It involves obtaining medication without a prescription, taking medicines based on the advice of friends and relatives, or previous treatment experience. Self-medication is common in both developed and developing countries; however, the prevalence of self-medication is higher in developing countries. The aim of this study was to determine the characteris...",,Exclude,No relevant signals in title or abstract,,,,,[AUTO-R2] Title match - verify,MEDIUM,
REC-0414,PubMed,Mudenda Steward; Mulenga Karen Mubanga; Nyirongo Ruth; Chabalenge Billy; Chileshe Chikwanda et al.,2024,"Non-prescription sale and dispensing of antibiotics for prophylaxis in broiler chickens in Lusaka District, Zambia: findings and implications on one health.",JAC Antimicrob Resist,10.1093/jacamr/dlae094,BACKGROUND: The irrational use of antibiotics in humans and livestock has contributed to the emergence of antimicrobial resistance (AMR). This study investigated the commonly sold and dispensed antibiotics for prophylaxis in broiler chickens in pharmacy and agro-veterinary shop personnel in the Lusaka District of Zambia. METHODS: This cross-sectional study was conducted from August 2023 to October 2023 among 200 veterinary medicine dispensers in the Lusaka District of Zambia using a simulated...,,Exclude,No relevant signals in title or abstract,,,,,[AUTO-R2] Title match - verify,MEDIUM,
REC-0415,OpenAlex,Muhammad Raza Shah; Samreen Fatima; Sehrosh Naz Khan; Shafiullah; Zahid Azam et al.,2024,"The safety and efficacy of Houtou Jianweiling tablet in patients with chronic non-atrophic gastritis: a double-blind, non-inferiority, randomized controlled trial",Frontiers in Pharmacology,10.3389/fphar.2024.1293272,"Background: Common symptoms of Chronic Non-atrophic Gastritis (CNAG) include nausea, stomach distension, and abdominal pain. The Houtou Jianweiling Tablet (HTJWT) is a chinese patent medicine (CN1368229A) and it has been used clinically for more than 20 years with proven clinical efficacy in treating CNAG, prompted us to establish the clinical efficacy and safety of HTJWT on patients with mild to moderate CNAG symptoms in Pakistani population. Methods: This phase II, double-blind, randomized,...",,Maybe,Intervention + pharmacy - verify AB dispensing outcome specifically,,,,,[AUTO-R3] Possible intervention study - verify design,MEDIUM,controlled trial
REC-0416,OpenAlex,Muhammad Raza Shah; Sehrosh Naz Khan; Samreen Fatima; Liangyuan Yao; Hongbo Yuan et al.,2024,"A randomized, double-blind, positive-controlled, Phase-II clinical trial to evaluate efficacy and safety of Fuke Qianjin capsule in Pakistani patients with pelvic inflammatory disease",Frontiers in Pharmacology,10.3389/fphar.2024.1287321,"Ethnopharmacological relevance: Pelvic inflammatory disease (PID) is a frequently occurring gynecological disorder mainly caused by the inflammation of a woman’s upper genital tract. Generally, antibiotics are used for treating PID, but prolonged use poses potential risks of gut bacterial imbalance, bacterial resistance, super bacteria production, and associated adverse reactions. Traditional Chinese medicine (TCM) has shown unique advantages in various ailments and has received widespread cl...",,Exclude,Clinical drug trial (Phase II) - not pharmacy dispensing intervention,,,,,[AUTO-R3] Possible intervention study - verify design,HIGH,
REC-0418,PubMed,Nabeel Muhammad; Ali Khubaib; Sarwar Muhammad Rehan; Waheed Imran,2024,"Assessment of knowledge, attitudes, and practices among community pharmacists in Lahore regarding antibiotic dispensing without prescription: A cross-sectional study.",PLoS One,10.1371/journal.pone.0304361,"OBJECTIVES: The irrational dispensing practices are responsible for antibiotic abuse and the spread of antibiotic resistance. Thus, the present study aims to evaluate the knowledge, attitudes, and practices of community pharmacists (CPs) regarding dispensing antibiotics without prescription (DAwP). METHOD: A descriptive, cross-sectional study was conducted between March 1, 2023, and March 31, 2023, in community pharmacy settings of Lahore, Pakistan. A self-administered and pretested questionn...",,Maybe,Possible relevance - verify study design,,,,,[AUTO] Strong inclusion signal,MEDIUM,
REC-0419,OpenAlex,Nahom Kiros Gebregziabher; Tesfit Brhane Netsereab; Bethiel Tekie Franchesko; Hanna Habte Ghebreamlak; Natnael Mulugeta Yihdego,2024,Prevalence of self-medication practices with antibiotics and associated factors among students in five colleges in Eritrea: a cross-sectional study,Antimicrobial Resistance and Infection Control,10.1186/s13756-024-01466-6,"BACKGROUND: Despite their significant contribution to reducing mortality and morbidity from infectious diseases, antibiotics face challenges due to their inappropriate use, one of which is self-medication. This study assessed the prevalence of|| self-medication with antibiotics among Eritrean college students and its associated factors. METHODS: An analytical cross-sectional study evaluated the prevalence of self-medication with antibiotics among students from five colleges from September 201...",,Exclude,No relevant signals in title or abstract,,,,,[AUTO-R2] Title match - verify,MEDIUM,
REC-0432,OpenAlex,Omalhassan Abdelkarim; Usman Abubakar; Mohamed A. Hussain; Abd Elrahman Abadi; Ahmed Mohamed et al.,2024,"Knowledge, Perception, and Self-Confidence of Antibiotic Resistance, Appropriate Antibiotic Therapy, and Antibiotic Stewardship Among Undergraduate Pharmacy Students in Sudan",Infection and Drug Resistance,10.2147/idr.s435190,"Background: Adequate training in infectious diseases and antibiotic resistance is crucial for pharmacy students to participate in antibiotic stewardship programs and understand microbiology careers. Aim: The study was carried out to assess the knowledge and self-reported confidence in antibiotic resistance, antibiotic therapy, and antimicrobial stewardship (AMS) among final-year undergraduate pharmacy students in Sudan. Methods: A cross-sectional study was conducted in three universities usin...",,Exclude,No relevant signals in title or abstract,,,,,[AUTO] Strong inclusion signal,MEDIUM,
REC-0438,PubMed,Qudah Taima; Alameri Mariam Ahmad; Alqudah Abdelrahim; Al Meslamani Ahmad; Iqbal Sehar,2024,"Knowledge, Attitudes, and Practices (KAP) of community pharmacists regarding antibiotic use and resistance: a cross-sectional study from the United Arab Emirates.",Int J Environ Health Res,10.1080/09603123.2024.2339534,"One of the main contributing factors of antibiotic resistance is the dispensing of antibiotics without prescription. This study investigated community pharmacists' knowledge, attitudes, and practices in relation to antibiotic dispensing and resistance in United Arab Emirates (UAE). A cross-sectional survey was conducted using validated questionnaire. (40.1%) had an overall positive KAP score. A total of (88%) respondents were aware of the illegality of dispensing antibiotics without a prescri...",,Exclude,No relevant signals in title or abstract,,,,,[AUTO-R3] Possible intervention study - verify design,MEDIUM,
REC-0442,OpenAlex,Ronnel Garcia; Claudette Tugna,2024,Prevalence of Consumers Purchasing Antibiotic Medicine Without Prescription Among Community Pharmacies,Journal of interdisciplinary perspectives,10.69569/jip.2024.0264,"According to the Global Research on Antimicrobial Resistance, the Philippines has an average antibiotic use of 5.3 DDDs per 1,000 people, with pediatric antibiotic use constituting approximately 56.2%. Although lower than in neighboring countries, this level of use still poses a significant threat to the healthcare system. The widespread availability of antibiotics has been a major contributing factor to the rise of antibiotic resistance (ABR) in the Philippines. Historically, antibiotics cou...",,Maybe,Possible relevance - verify study design,,,,,[AUTO-R2] Title match - verify,MEDIUM,
REC-0448,PubMed,Sawant Pravin Arun; Hiralkar Sakshi Shantanu; Hulsurkar Yogita Purushottam; Phutane Mugdha Sharad; Mahajan Uma Satish et al.,2024,"Predicting over-the-counter antibiotic use in rural Pune, India, using machine learning methods.",Epidemiol Health,10.4178/epih.e2024044,"OBJECTIVES: Over-the-counter (OTC) antibiotic use can cause antibiotic resistance, threatening global public health gains. To counter OTC use, this study used machine learning (ML) methods to identify predictors of OTC antibiotic use in rural Pune, India. METHODS: The features of OTC antibiotic use were selected using stepwise logistic, lasso, random forest, XGBoost, and Boruta algorithms. Regression and tree-based models with all confirmed and tentatively important features were built to pre...",,Maybe,Possible relevance - verify study design,,,,,[AUTO-R2] Title match - verify,MEDIUM,
REC-0459,OpenAlex,Theodoor Visser; Jeremiah Laktabai; Emmah Kimachas; Joseph Kipkoech; Diana Menya et al.,2024,"A cluster-randomized trial of client and provider directed financial interventions to align incentives with appropriate case management in private medicine retailers: Results of the TESTsmART trial in Lagos, Nigeria",PLOS Global Public Health,10.1371/journal.pgph.0002938,"Malaria remains a major health priority in Nigeria. Among children with fever who seek care, less than a quarter gets tested for malaria, leading to inappropriate use of the recommended treatment for malaria; Artemisinin-based Combination Therapy (ACT). Here we test an innovative strategy to target ACT subsidies to clients seeking care in Nigeria's private retail health sector who have a confirmed malaria diagnosis. We supported point-of-care malaria testing (mRDTs) in 48 Private Medicine Ret...",,Include,Cluster RCT financial interventions → drug shops - verify antibiotic dispensing outcome,,,,,[AUTO] Strong inclusion signal,HIGH,
REC-0460,OpenAlex,Tirthankar Deb; Alapan Das; Bisweswar Ojha; Prasanjit Das,2024,Ensuring safe and effective pharmacotherapy: The role of “community pharmacology” in attaining “health for all” from the Indian perspective,Journal of Family Medicine and Primary Care,10.4103/jfmpc.jfmpc_1226_24,"The novel approach of ""Community Pharmacology"" integrates pharmacological principles with community health to achieve the ""Health for all"" goal through safe and efficient health care. Pharmacovigilance, medication errors (ME), irrational prescriptions, and antimicrobial resistance in the community could be the key areas. Though life expectancy and other health indicators have improved in India, the disparity between rural and urban quality healthcare access should be addressed. Despite India'...",,Exclude,No relevant signals in title or abstract,,,,,[AUTO-R2] Title match - verify,MEDIUM,
REC-0461,OpenAlex,Tiyani Milta Sono; Morgan Tiyiselani Maluleke; Ana Golić Jelic; Stephen Campbell; Vanda Marković‐Peković et al.,2024,Potential Strategies to Limit Inappropriate Purchasing of Antibiotics without a Prescription in a Rural Province in South Africa: Pilot Study and the Implications,Advances in Human Biology,10.4103/aihb.aihb_127_23,"Introduction: There is considerable concern with rising rates of antimicrobial resistance (AMR) with its subsequent impact on morbidity, mortality and costs. In low- and middle-income countries, a key driver of AMR is the appreciable misuse of antibiotics in ambulatory care, which can account for up to 95% of human utilisation. A principal area is the selling of antibiotics without a prescription. There is conflicting evidence in South Africa regarding this practice alongside rising AMR rates...",,Maybe,Possible relevance - verify study design,,,,,[AUTO-R2] Title match - verify,MEDIUM,
REC-0462,OpenAlex,Tiyani Milta Sono; Morgan Tiyiselani Maluleke; Nishana Ramdas; Ana Golić Jelic; Stephen Campbell et al.,2024,Pilot Study to Evaluate the Feasibility of a Patient Questionnaire for the Purpose of Investigating the Extent of Purchasing Antibiotics without a Prescription in a Rural Province in South Africa: Rationale and Implications,Advances in Human Biology,10.4103/aihb.aihb_140_23,"Abstract Introduction: There are concerns with rising rates of antimicrobial resistance (AMR) across countries with appreciable impact on morbidity, mortality and costs. Amongst low- and middle-income countries, a key driver of AMR is the excessive use of antibiotics in ambulatory care, with a critical area being the appreciable selling of antibiotics without a prescription often driven by patient demand and limited knowledge. There is currently conflicting evidence in South Africa regarding ...",,Maybe,Possible relevance - verify study design,,,,,[AUTO-R2] Title match - verify,MEDIUM,
REC-0463,OpenAlex,Tiyani Milta Sono; Natalie Schellack; Brian Godman,2024,The Role of Patients with Addressing Inappropriate Dispensing of Antibiotics without a Prescription Especially in Developing Countries,Advances in Human Biology,10.4103/aihb.aihb_124_24,"Antimicrobial resistance (AMR) is a growing global concern, significantly impacting on morbidity, mortality and healthcare costs, especially in low- and middle-income countries (LMICs).[1-4] Consequently, rapidly becoming the next pandemic if key drivers are not addressed.[5] A recognised major driver of AMR in LMICs is the excessive use of antibiotics in ambulatory care where antibiotic consumption can account for up to 95% of total antibiotic use in humans.[6,7] A critical issue to address ...",,Maybe,Possible relevance - verify study design,,,,,[AUTO-R2] Title match - verify,MEDIUM,
REC-0469,PubMed,Vinh Nguyen Nam; Do Nga Thi Thuy; Vu Huong Thi Lan; Bui Phuong Bich; Pham Thai Quang et al.,2024,Understanding Acceptability and Willingness-to-pay for a C-reactive Protein Point-of-care Testing Service to Improve Antibiotic Dispensing for Respiratory Infections in Vietnamese Pharmacies: A Mixed-methods Study.,Open Forum Infect Dis,10.1093/ofid/ofae445,"BACKGROUND: Pharmacies are popular first points of contact for mild infections in the community. Pharmacy services in many countries have expanded to include vaccines and point-of-care tests. In low- and middle-income countries such as Vietnam, poor enforcement of regulations results in substantial volumes of over-the-counter antibiotic sales. Point-of-care tests could provide an economically viable way to reduce antibiotic sales, while still satisfying customer demand for convenient healthca...",,Include,CRP POCT acceptability + willingness-to-pay - verify community pharmacy LMIC,,,,,[AUTO-R2] Title match - verify,HIGH,
REC-0476,OpenAlex,Xingrong Shen; Beth Stuart; Enci Cui; Rong Liu; Tingting Zhang et al.,2024,A complex intervention to reduce antibiotic prescribing in rural China: a cluster randomised controlled trial,The Lancet Regional Health - Western Pacific,10.1016/j.lanwpc.2024.101236,"Background: Excessive use of antibiotics is a widespread problem. We aim to evaluate the efficacy of a multifaceted intervention for reducing antibiotic use in patients with respiratory tract infections (RTIs). Methods: In this two-arm cluster randomized controlled trial, we enrolled patients aged 18+ with symptomatic RTIs at 40 township health centers (THCs) selected from 10 counties in Anhui, China. The THCs were randomized using an online tool ('Sealed Envelope') to intervention or usual c...",,Maybe,Complex intervention → antibiotic prescribing rural China - verify if includes pharmacy dispensing,,,,,[AUTO] Strong inclusion signal,HIGH,
REC-0477,OpenAlex,Xinyang Shu; Dongfeng Xu; Yu-Min Qu; Xiaofeng Shang; Kehong Qiao et al.,2024,"Efficacy and safety of Cordyceps sinensis (Hirsutella sinensis, Cs-C-Q80) in chronic bronchitis",Frontiers in Pharmacology,10.3389/fphar.2024.1428216,"Background:Cordyceps sinensis is a traditional Chinese medicine that has shown promise for the management of chronic bronchitis (CB). We aim to assess the efficacy and safety of a preparation of C sinensis named Bailing capsule (Hirsutella sinensis, Cs-C-Q80) compared with a placebo in patients with CB. Methods: This randomized, double-blind, placebo-controlled, parallel-group clinical trial (Chinese Clinical Trial Registry; registration number: ChiCTR1900025707) recruited patients with CB fr...",,Exclude,No relevant signals in title or abstract,,,,,[AUTO-R3] Possible intervention study - verify design,MEDIUM,
REC-0478,OpenAlex,Yaser Mohammed Al‐Worafi,2024,Pharmacy Practice: Comparison Between the Developing Countries,,10.1007/978-3-030-74786-2_500-1,,,Maybe,No abstract - cannot screen; retrieve full text,,,,,[AUTO-R2] Title match - verify,LOW,
REC-0492,OpenAlex,Adelaide A. Asante; Delia Akosua Bandoh; Ernest Kenu,2023,Self-medication with antibiotics among out-patient attendants at Madina Polyclinic prior to medical consultation,Ghana Medical Journal,10.4314/gmj.v57i4.8,Objectives: The study aimed to determine the prevalence of self-medication with antibiotics among attendants of the Out-patient Department (OPD) at Madina Polyclinic before seeking medical consultation and associated factors. Design: Cross-sectional study. Setting: The study was conducted at Madina Polyclinic. Participants: The study involved 319 general OPD attendants aged 18 years and above accessing healthcare services at the Madina Polyclinic between May and June 2019. Main outcome measur...,,Exclude,No relevant signals in title or abstract,,,,,[AUTO-R2] Title match - verify,MEDIUM,
REC-0496,PubMed,Akande-Sholabi Wuraola; Oyesiji Eunice,2023,"Antimicrobial stewardship: knowledge, perceptions, and factors associated with antibiotics misuse among consumer's visiting the community pharmacies in a Nigeria Southwestern State.",J Pharm Policy Pract,10.1186/s40545-023-00629-x,"BACKGROUND: In middle-income countries like Nigeria, the misuse of antibiotics by consumers is posing serious threats to public health. This is contributing to the alarming increase in antimicrobial resistance, which is reducing the effectiveness of antibiotics against common infections. This study therefore aimed to assess the knowledge, perceptions, and factors associated with antibiotics misuse among consumers visiting selected community pharmacies. METHODS: This cross-sectional study cond...",,Exclude,No relevant signals in title or abstract,,,,,[AUTO-R2] Title match - verify,MEDIUM,
REC-0498,PubMed,Alajmi Areej M; Alamoudi Abdullah A; Halwani Abdulrahman A; Almangour Thamer A; Almozain Nada H et al.,2023,"Antimicrobial Resistance Awareness, Antibiotics Prescription Errors and Dispensing Patterns by Community Pharmacists in Saudi Arabia.",J Infect Public Health,10.1016/j.jiph.2022.11.026,"BACKGROUND: Antibiotic overuse and misuse have greatly facilitated the development of antimicrobial resistance (AMR). The Kingdom of Saudi Arabia is one of the countries that took a strategic approach, beginning with the prohibition of over-the-counter antibiotic dispensing, followed by the implementation of antimicrobial stewardship programs and various educational and awareness governmental activities and plans. However, the status of antibiotic prescriptions and dispensing in Saudi communi...",,Exclude,No relevant signals in title or abstract,,,,,[AUTO-R2] Title match - verify,MEDIUM,
REC-0510,OpenAlex,Anuska Kalita; Bijetri Bose; Liana Woskie; Annie Haakenstad; Jan E. Cooper et al.,2023,"Private pharmacies as healthcare providers in Odisha, India: analysis and implications for universal health coverage",BMJ Global Health,10.1136/bmjgh-2022-008903,"INTRODUCTION: In India, as in many low-income and middle-income countries, the private sector provides a large share of health care. Pharmacies represent a major share of private care, yet there are few studies on their role as healthcare providers. Our study examines: (1) What are the characteristics of and services provided by private pharmacies and how do these compare with other outpatient care providers? (2) What are the characteristics of patients who opted to use private pharmacies? (3...",,Exclude,No relevant signals in title or abstract,,,,,[AUTO-R2] Title match - verify,MEDIUM,
REC-0513,OpenAlex,Ashenafi Kibret Sendekie; Asrat Elias Ergena; Eyayaw Ashete Belachew; Asmamaw Emagn Kasahun; Masho Tigabie Teklie et al.,2023,Extent of cardiovascular medications dispensing practice without a prescription: Self-reported and simulated patient-based study at community pharmacies in Northwest Ethiopia,Journal of Pharmaceutical Policy and Practice,10.1186/s40545-023-00533-4,"BACKGROUND: Critical actions are required for the proper administration of medications to patients with cardiovascular diseases. However, there has been an increase in irrational use of cardiovascular drugs. The purpose of this study was to determine the extent of non-prescription cardiovascular medicine dispensing practices at community drug retail outlets (CDROs) in Gondar, Northwest Ethiopia. METHODS: A cross-sectional survey and simulated patient-based visits were employed at the CDROs in...",,Maybe,Possible relevance - verify study design,,,,,[AUTO-R2] Title match - verify,MEDIUM,
REC-0517,OpenAlex,Aurel Constant Allabi; Areine Gracidie Agbo; Bawa Boya; Steward Mudenda,2023,"Antimicrobial Stewardship: Knowledge and Attitudes of Pharmacy Staff on Antibiotic Dispensing Patterns, Use and Resistance in Benin",Pharmacology &amp Pharmacy,10.4236/pp.2023.146014,"Background: One of the key drivers for the emergence and spread of antimicrobial resistance (AMR) is non-prudent antibiotic use, which results in selection pressure toward relevant bacteria. Pharmacy staffs have pivotal roles in facilitating the prudent use of antibiotics through antimicrobial stewardship programs. Due to limited information in Benin, this study assessed the knowledge and attitudes of pharmacy staffs on antibiotic use and resistance. Materials and Methods: This cross-sectiona...",,Exclude,No relevant signals in title or abstract,,,,,[AUTO-R2] Title match - verify,MEDIUM,
REC-0518,OpenAlex,Aurélie Bocquier; Anaïs Essilini; Ouarda Pereira; Adeline Welter; Céline Pulcini et al.,2023,"Impact of a public commitment charter, a non-prescription pad and an antibiotic information leaflet to improve antibiotic prescription among general practitioners: A randomised controlled study",Journal of Infection and Public Health,10.1016/j.jiph.2023.11.027,"BACKGROUND: This study evaluated the effect of a multifaceted antibiotic stewardship intervention on the overall prescription of systemic antibiotics in primary care. Secondary objectives evaluated the effect on the prescription of broad-spectrum antibiotics and the seasonal variation of both total antibiotic and quinolone prescriptions, as a proxy for unnecessary prescribing. METHODS: This pragmatic, randomised, controlled, before-after intervention study was conducted among general practiti...",,Include,Public commitment charter + non-prescription pad + info leaflet → antibiotic dispensing,,,,,[AUTO-R2] Title match - verify,HIGH,
REC-0523,OpenAlex,Bader A. Almehmadi; Saad Alsubaie; Omar Al-Morikhi; Fawaz Alqahtani; Waad Almutairi et al.,2023,Influence of leftover antibiotics on self-medication in Saudi Arabia: a cross-sectional study,F1000Research,10.12688/f1000research.130364.1,Background: Antimicrobial resistance is increasing at an alarming rate. The use of antibiotics without a prescription by a patient or other family members and their inappropriate storage have caused serious health issues as it would lead to antibiotic resistance and exposure to risk of harmful adverse effects unnecessarily. Exploring causes behind their storage in homes and reuse will help us identify the problem in depth and help in recommending effective solutions. Methods: This is a cross-...,,Exclude,No relevant signals in title or abstract,,,,,[AUTO-R2] Title match - verify,MEDIUM,
REC-0528,OpenAlex,Baye Sitotaw; Workneh Philipos,2023,"Knowledge, Attitude, and Practices (KAP) on Antibiotic Use and Disposal Ways in Sidama Region, Ethiopia: A Community-Based Cross-Sectional Survey",The Scientific World JOURNAL,10.1155/2023/8774634,"Antibiotic resistance has been among the top public health threats elsewhere. Scientific information on knowledge, attitudes, and practices (KAP) at the community level towards antibiotic use and disposal ways is a vital step for effective intervention. This study aimed at determining the levels of KAP and associated risk factors for antibiotics in and around Hawassa City, southern Ethiopia. A community-based cross-sectional study was conducted, and data were collected using a structured ques...",,Exclude,No relevant signals in title or abstract,,,,,[AUTO-R2] Title match - verify,MEDIUM,
REC-0529,PubMed,Beardsley Justin; Chambers Joshua Mark; Lam Thanh Tuan; Zawahir Shukry; Le Hien et al.,2023,Mapping access to drug outlets in Vietnam: distribution of drug outlets and the sociodemographic characteristics of the communities they serve.,Lancet Reg Health West Pac,10.1016/j.lanwpc.2022.100668,"BACKGROUND: Drug outlets are a vital first point of healthcare contact in low- and middle-income countries (LMICs), but they are often poorly regulated and counter staff may be unqualified to provide advice. This introduces the risk of easy access to potentially harmful products, including unnecessary antimicrobials. Over-the-counter antimicrobial sales are a major driver of antimicrobial resistance (AMR) in LMICs. We aimed to investigate the distribution of different types of drug outlets an...",,Exclude,No relevant signals in title or abstract,,,,,[AUTO-R2] Title match - verify,MEDIUM,
REC-0539,PubMed,Bogale Kassie Achenef; Mengie Ayele Teklie; Mekonnen Agidew Melaku,2023,"Assessment of Dispensing Malpractice in Community Drug Retail Outlets in South Gondar Zone, Northwest Ethiopia: A Simulated Patient Experience.",Integr Pharm Res Pract,10.2147/IPRP.S416830,"BACKGROUND: Pharmacy professionals in community drug retail outlets, as the most accessible personnel for the community, are engaged in consultation and responding to health problems in addition to filling prescriptions. In doing so, different dispensing malpractices are observed and much is not known on the issue in Ethiopia. OBJECTIVE: The study aimed at assessing dispensing malpractice at pharmacies, drug stores and drug vendors in South Gondar zone. METHODOLOGY: A cross-sectional study de...",,Maybe,Possible relevance - verify study design,,,,,[AUTO-R2] Title match - verify,MEDIUM,
REC-0550,OpenAlex,Di Pei; Gary L. Kreps; Xiaoquan Zhao,2023,The Role of Uncertainty and Negative Emotion in Chinese Parents’ Self-Medication of Children with Antibiotics,International Journal of Environmental Research and Public Health,10.3390/ijerph20166603,Parents self-medicating their children with antibiotics (SMA) without consulting healthcare professionals is a common practice in China. Previous research has focused primarily on examining the socioeconomic factors that contribute to the prevalence of SMA. This study adopts and extends the theory of planned behavior to understand the cognitive and emotional factors that are associated with parental SMA in China. The responses to an online survey were collected from 961 parents of children ag...,,Exclude,No relevant signals in title or abstract,,,,,[AUTO-R2] Title match - verify,MEDIUM,
REC-0551,OpenAlex,Diala Abu Al-Halawa; Rania Abu Seir; Radwan Qasrawi,2023,"Antibiotic Resistance Knowledge, Attitudes, and Practices among Pharmacists: A Cross-Sectional Study in West Bank, Palestine",Journal of Environmental and Public Health,10.1155/2023/2294048,"Antibiotic resistance is an increasing problem worldwide. Dispensing antibiotics without prescription is a major contributing factor to antibiotic resistance. Pharmacists as healthcare providers are, in many studies, considered responsible for this practice. This study aims to explore Palestinian pharmacists' knowledge, attitudes, and practices concerning antibiotic resistance. A descriptive cross-sectional survey was conducted in 2021-2022. A random sample of 152 pharmacists was selected fro...",,Exclude,No relevant signals in title or abstract,,,,,[AUTO-R3] Possible intervention study - verify design,MEDIUM,
REC-0554,OpenAlex,Elizabeth Pisani; Ayu Rahmawati; Esti Mulatsari; Mawaddati Rahmi; William Nathanial et al.,2023,"A randomised survey of the quality of antibiotics and other essential medicines in Indonesia, with volume-adjusted estimates of the prevalence of substandard medicines",medRxiv,10.1101/2023.10.08.23296708,"Abstract Background The World Health Organization warns that substandard and falsified medicines threaten public health in low- and middle-income countries. However, medicine quality surveys are often small and unrepresentative of the market, and the true scale of the problem remains unknown. We investigated how weighting survey results by market volume altered estimates of medicine quality. Methods We collected 1274 samples of allopurinol, amlodipine, cefixime, amoxicillin and dexamethasone ...",,Exclude,No relevant signals in title or abstract,,,,,[AUTO-R3] Possible intervention study - verify design,MEDIUM,
REC-0560,OpenAlex,Fathul Muin; Anna Wahyuni Widayanti,2023,Using Simulated Patients to Understand Non-Prescription Antibiotic Dispensing in Indonesia: A Systematic Review,JURNAL FARMASI DAN ILMU KEFARMASIAN INDONESIA,10.20473/jfiki.v10i22023.193-201,"Background: Dispensing antibiotics without a prescription at community pharmacies is a significant contributor to the ongoing global public health issue of antibiotic resistance. Objectives: To estimate the proportion of antibiotics that are dispensed without a prescription in community pharmacies in various Indonesian cities. Methods: A literature review was conducted via PubMed, Science Direct, Google Scholar, Garuda, and Neliti for articles published between January 2007 and December 2022 ...",,Exclude,Review/meta-analysis/editorial,,,,,[AUTO] Strong inclusion signal,HIGH,
REC-0566,PubMed,Gillani Ali Hassan; Arshad Hafsa; Mujtaba Hasan; Umer Muhammad Farooq; Xu Sen et al.,2023,Dispensing of antibiotics for tuberculosis patients using standardized patient approach at community pharmacies: results from a cross-sectional study in Pakistan.,Front Public Health,10.3389/fpubh.2023.1241551,"BACKGROUND: Pakistan is among top countries for antibiotic consumption around the globe and patients often receive antibiotics directly from community pharmacies. Thus, our aim was to assess the drug dispensing practices of pharmacies for presumed and confirmed tuberculosis by using standardized patients' method in Pakistan. METHODS: In this cross-sectional study, we adopted two standardized patient cases in pharmacies of three cities of Punjab. The first case involved a presumed tuberculosis...",,Exclude,No relevant signals in title or abstract,,,,,[AUTO-R2] Title match - verify,MEDIUM,
REC-0571,OpenAlex,Hala Alagha,2023,"DISPENSING ANTIBIOTICS WITHOUT PRESCRIPTION IN THE ARAB WORLD: A NARRATIVE REVIEW OF THE PREVALENCE, APPROPRIATENESS, FACILITATORS AND PREVENTIVE INTERVENTIONS",Bulletin of Pharmaceutical Sciences Assiut,10.21608/bfsa.2023.301131,"Inappropriate antibiotic-related practices are common worldwide but feature more strongly in developing countries. An example of such practices is dispensing antibiotics without prescription [DAwP] in community pharmacies, despite being illegal in most countries around the globe. The aim of this review is to discuss in-depth all aspects related to the practice of DAwP in Arab countries. We searched SCOPUS, PubMed and Google Scholar for articles involving studies addressing the practice of DAw...",,Exclude,Review/meta-analysis/editorial,,,,,[AUTO] Strong inclusion signal,HIGH,
REC-0573,PubMed,Hamadouk Riham M; Alshareif Einass M; Ibrahim Omnia M; Albashair Esra D; Yousef Bashir A,2023,The Extent of Antibiotic Dispensing in Self-Medication Encounters in Sudan: A Simulated Patient Study Focusing on Cefixime Sale.,Integr Pharm Res Pract,10.2147/IPRP.S440010,"BACKGROUND: Antibiotics play an important role in decreasing morbidity and mortality worldwide. However, inappropriate use of them by patients or healthcare professionals contributes to their resistance rendering them less efficacious. Community pharmacists (CPs) have a significant part in reducing antibiotic resistance. Therefore, this study aimed to investigate the dispensing of antibiotics without prescription in community pharmacies with an emphasis on cefixime dispensing. METHODS: A cros...",,Maybe,Possible relevance - verify study design,,,,,[AUTO-R2] Title match - verify,MEDIUM,
REC-0575,PubMed,Hashmi Furqan K; Khadka Sitaram; Yadav Gopal K; Khan Mash'hood Mahmood; Khan Saif Ullah et al.,2023,Non-prescription antibiotics dispensing by community pharmacies: implications for antimicrobial resistance.,Ann Med Surg (Lond),10.1097/MS9.0000000000001388,"INTRODUCTION: The non-prescription antibiotics dispensing (NPAD) from pharmacies is on the rise in low- and middle-income countries, which contributes to the emergence of antimicrobial resistance (AMR). This study was conducted with the objective to determine the community pharmacy personnel's perspectives on NPAD and its implications for AMR. METHODS: A questionnaire-based cross-sectional survey was conducted in Pakistan among 336 pharmacies. The data were analyzed using SPSS v21 and MedCalc...",,Exclude,No relevant signals in title or abstract,,,,,[AUTO-R2] Title match - verify,MEDIUM,
REC-0577,OpenAlex,Haydar Al-Tukmagi; Harith Al-Qazaz; Sadeel Shanshal; Muhanad Al-Kaisey,2023,Self-Medication Towards Antibiotic Use Among Non- Medical University Staff (Conference Paper )#,Iraqi Journal of Pharmaceutical Sciences ( P-ISSN 1683 - 3597 E-ISSN 2521 - 3512),10.31351/vol31isssuppl.pp9-17,"The use of antibiotics without prescription (self-medication) is growing globally and is associated with increased bacterial resistance, ineffective treatment and adverse reactions. This study aimed at assessing the practice of antibiotic self-medication in the Iraqi population. A cross-sectional study design was adopted in this work. The sample was comprised of 303 staff members from the non-medical colleges in Iraq. An online questionnaire was distributed between the 29th of June to the 14t...",,Exclude,No relevant signals in title or abstract,,,,,[AUTO-R2] Title match - verify,MEDIUM,
REC-0582,PubMed,Hung P N; Phu H L; Huong V T M; Phuong T N; Tuong V L et al.,2023,"Evaluating attitudes, behaviors, and relevant factors in dispensing antibiotics without prescription by pharmacies: a cross-sectional study in Vietnam.",Ann Ig,10.7416/ai.2023.2562,"OBJECTIVES: To standardize a questionnaire about drug dispensers' attitudes and behaviors in dispensing antibiotics without prescription, and to evaluate drug dispensers' attitudes, behaviors, and relevant factors in dispensing antibiotics without prescription at community pharmacies in Can Tho City, Vietnam. METHODS: A descriptive cross-sectional study was conducted among community pharmacists in Can Tho City, Vietnam from June to December 2022. A self-administered questionnaire designed acc...",,Maybe,Possible relevance - verify study design,,,,,[AUTO-R2] Title match - verify,MEDIUM,
REC-0583,PubMed,Hutton-Nyameaye Araba Ata; Saah Farrukh Ishaque; Bedzina Israel; Somuah Samuel Owusu; Mensah Kofi Boamah et al.,2023,"Management of sexually transmitted infections: a qualitative assessment of community pharmacy practices in the Ho Municipality, Ghana.",J Pharm Policy Pract,10.1186/s40545-023-00650-0,"BACKGROUND: Effective management of sexually transmitted infections (STIs) is crucial in the control and spread of these infections in health systems. Community pharmacies are usually the first port of call in Ghana for most people who contract STIs for therapy. Delayed and inappropriate treatment contributes significantly to treatment failures, drug resistance and complications. However, the community pharmacies may not have diagnostic tools and trained personnel for prompt case detection an...",,Exclude,Review/qualitative/editorial (title),,,,,[AUTO-R2] Title match - verify,MEDIUM,
REC-0590,OpenAlex,Iqra Raees; Hafiz Muhammad Atif; Sabahat Aslam; Zia Ul Mustafa; Johanna C. Meyer et al.,2023,"Understanding of Final Year Medical, Pharmacy and Nursing Students in Pakistan towards Antibiotic Use, Antimicrobial Resistance and Stewardship: Findings and Implications",Antibiotics,10.3390/antibiotics12010135,"Antimicrobial resistance (AMR) is a leading public health threat, which is exacerbated by the high and inappropriate use of antibiotics. Consequently, there is a need to evaluate knowledge regarding antibiotic use, AMR and the readiness to implement antimicrobial stewardship programs (ASPs) among final year medical, pharmacy and nursing students in Pakistan. This reflects the high and increasing rates of AMR in the country, and students as future healthcare professionals (HCPs). A cross-secti...",,Exclude,No relevant signals in title or abstract,,,,,[AUTO-R2] Title match - verify,MEDIUM,
REC-0591,PubMed,Isah Abdulmuminu; Aina Azeez Babatunde; Ben-Umeh Kenechukwu C; Onyekwum Chinyere A; Egbuemike Cynthia C et al.,2023,Assessment of public knowledge and attitude toward antibiotics use and resistance: a community pharmacy-based survey.,J Pharm Policy Pract,10.1186/s40545-023-00619-z,"BACKGROUND: Antimicrobial resistance is a public health challenge affecting all aspects of healthcare systems. Policies to reduce antimicrobial resistance should be implemented and monitored in community pharmacies, because they are patients' first point of care. Public awareness of relevant knowledge and attitudes on antimicrobials is a feasible strategy to mitigate the spread of antimicrobial resistance by exploiting the relationship between pharmacists and patients in the community pharmac...",,Exclude,No relevant signals in title or abstract,,,,,[AUTO-R2] Title match - verify,MEDIUM,
REC-0603,OpenAlex,John Ibitoye Oluwasegun; Mathew Akpa Onoja; Asaolu Olugbenga; O. Alawode Gbadegesin; Adeniran Adeniyi et al.,2023,Perceived quality of healthcare provided by patent medicine vendors in rural and remote communities of low- and medium-Income countries (LMICs): A perspective from Nigeria,Journal of Public Health and Epidemiology,10.5897/jphe2023.1452,"Perceived quality of healthcare is a strong predictor of continuous utilization of healthcare. There is dearth of current evidence on the perception of the quality of the healthcare received from patent medicine vendors (PMVs) in low- and medium-income countries (LMICs). This study, therefore, through the lens of hard-to-reach communities in Nigeria seeks to assess the perception of the quality of healthcare provided by PMVs as well its determinants. It was a cross-sectional study of 339 resi...",,Exclude,Wrong outcome - not AB dispensing,,,,,[AUTO-R2] Title match - verify,MEDIUM,
REC-0624,PubMed,Li Jinxi; Zhou Pengfei; Wang Jing; Li Hui; Xu Hongbin et al.,2023,Worldwide dispensing of non-prescription antibiotics in community pharmacies and associated factors: a mixed-methods systematic review.,Lancet Infect Dis,10.1016/S1473-3099(23)00130-5,"This mixed-method systemic review estimated the pooled prevalence of non-prescription antibiotic dispensing in community pharmacies worldwide and identified associated factors influencing the practice. 162 studies covering 52 countries were included. The pooled prevalence of community pharmacy non-prescription antibiotic dispensing was 63·4% (95% CI 59·6-67·1). The prevalence was significantly higher in low-income countries than in high-income countries. Additionally, the situation of dispens...",,Exclude,Review/meta-analysis/editorial,,,,,[AUTO] Strong inclusion signal,HIGH,
REC-0636,OpenAlex,Mohammad M. AlAhmad; Syed Arman Rabbani; Remah Salih Al-Salman; Hiba Alameri; Yamama Al Namer et al.,2023,Antimicrobial Stewardship Practices of Community Pharmacists in United Arab Emirates,Antibiotics,10.3390/antibiotics12081238,"Background: The purpose of this paper is to assess the implementation of antimicrobial stewardship (AMS) activities in community pharmacies in the United Arab Emirates (UAE). Methods: A descriptive cross-sectional study in the Emirate of Abu Dhabi, UAE, was conducted using a validated questionnaire. The questionnaire consisted of four AMS outpatient core elements, namely, commitment, action, tracking and reporting, and education and expertise, with each element containing different associated...",,Exclude,No relevant signals in title or abstract,,,,,[AUTO-R2] Title match - verify,MEDIUM,
REC-0643,OpenAlex,Muhammad Dauda Mukhtar; Fatihu Ahmad Rufa’i; Abdurrahaman Umar Yola; Nafisa Ibrahim Babba; Daniel Baecker,2023,"Evaluating the Potency of Selected Antibiotic Medications Dispensed in Community Pharmacies in Gwale, Kano, Nigeria",Antibiotics,10.3390/antibiotics12111582,"The worsening of antibiotic resistance is a multifactorial process. One aspect of this is the counterfeiting of antibiotic medications. This is supposed to be particularly high in developing countries, including Nigeria. Therefore, the potency of some antibiotic drugs dispensed in community pharmacies in Gwale, Kano, Nigeria, was investigated in this case study. Three products, each from different manufacturers, with the active ingredients of ceftriaxone, gentamicin, ciprofloxacin, and metron...",,Exclude,No relevant signals in title or abstract,,,,,[AUTO-R2] Title match - verify,MEDIUM,
REC-0645,OpenAlex,Muneer Jan Bhat; Mohammed A. Alqahtani; Abdullah S Badawi; Ghufran B Asiri; Abdulaziz M Alhmare et al.,2023,"Awareness and Knowledge of Antibiotic Resistance and Risks of Self-Medication With Antibiotics Among the Aseer Region Population, Saudi Arabia, 2023",Cureus,10.7759/cureus.40762,"BACKGROUND: Antibiotics are a groundbreaking discovery that revolutionized the treatment of infectious diseases in both humans and animals during the 20th century. However, their overuse and misuse led to serious public health threats, causing widespread concern and significant social and economic consequences. Microorganisms have a natural ability to develop resistance to antibiotics over time through genetic mechanisms, which has further exacerbated the problem. Unfortunately, in the last t...",,Exclude,No relevant signals in title or abstract,,,,,[AUTO-R2] Title match - verify,MEDIUM,
REC-0649,PubMed,Nakakande Joan; Taremwa Ivan Mugisha; Nanyingi Miisa; Mugambe Samuel,2023,"The Utility of Internet-Enabled Antibiotic Self-Medication and Its Associated Factors Among Patients Attending Private Clinics in Kawempe Division in Kampala Capital City, Uganda: Community-Based Cross-Sectional Study.",Drug Healthc Patient Saf,10.2147/DHPS.S405072,"INTRODUCTION: The expanding practice of internet-based antibiotic self-medication raises public health concerns as it increases antibiotic resistance and introduces avoidable risks. This study aims to examine the utility of internet-enabled antibiotic self-medication and its associated factors among patients attending private clinics in Kawempe division in Kampala Capital City, Uganda. METHODS: This was an analytical cross-sectional study that enrolled participants attending private clinics i...",,Exclude,No relevant signals in title or abstract,,,,,[AUTO-R2] Title match - verify,MEDIUM,
REC-0653,OpenAlex,Nezha Nacer; Nadia Ouzennou; Samia Rkha,2023,Dealing with sexually transmitted infections in private pharmacies in Morocco,Journal of Pharmacy & Pharmacognosy Research,10.56499/jppres22.1537_11.3.489,Context: Sexually transmitted infections continue to be a health problem in many countries. The management of these infections requires the mobilization of all health actors. Aims: To evaluate the management of sexually transmitted infections at private pharmacies in a Moroccan city. Methods: The simulated patient technique was used. Thirty-six pharmacies were visited to determine how cases of vaginal discharge syndrome and genital ulceration were managed in practice. Results: Rural (18) and ...,,Exclude,No relevant signals in title or abstract,,,,,[AUTO-R3] Possible intervention study - verify design,MEDIUM,
REC-0655,PubMed,Ngyedu Eric Kofi; Acolatse Joseph; Akafity George; Incoom Robert; Rauf Audu et al.,2023,Selling antibiotics without prescriptions among community pharmacies and drug outlets: a simulated client study from Ghana.,Expert Rev Anti Infect Ther,10.1080/14787210.2023.2283037,"BACKGROUND: Selling antibiotics without prescriptions is mostly illegal worldwide, including in Ghana, and promotes antimicrobial resistance. We evaluated the prevalence and practice of selling antibiotics without prescriptions among community pharmacies (CPs) and drug outlets, for the first time, in Ghana to quantify and characterize this issue to inform future interventions. RESEARCH DESIGN AND METHODS: Two scenarios utilizing the Simulated Client Methodology were enacted: an upper respirat...",,Maybe,Possible relevance - verify study design,,,,,[AUTO] Strong inclusion signal,MEDIUM,
REC-0656,PubMed,Nyarko Eric; Akoto Francisca Mawulawoe; Doku-Amponsah Kwabena,2023,Perceived antimicrobial dispensing practices in medicine outlets in Ghana: A maximum difference experiment design.,PLoS One,10.1371/journal.pone.0288519,"INTRODUCTION: Antimicrobials are consumed among patients globally, but in developing and middle-income countries, these drugs can be obtained without a prescription from pharmacies and licensed drug stores due to inadequate regulation in the pharmaceutical sector. This study aimed to assess antimicrobial dispensing practices in medicine sales outlets (i.e., pharmacies and licensed drug stores) to provide quantitative evidence for policy discussions to enhance patient safety and care quality i...",,Exclude,No relevant signals in title or abstract,,,,,[AUTO-R2] Title match - verify,MEDIUM,
REC-0658,PubMed,Onwunduba Augustine; Ekwunife Obinna; Onyilogwu Ebuka,2023,Impact of point-of-care C-reactive protein testing intervention on non-prescription dispensing of antibiotics for respiratory tract infections in private community pharmacies in Nigeria: a cluster randomized controlled trial.,Int J Infect Dis,10.1016/j.ijid.2022.12.006,OBJECTIVES: To ascertain if access to C-reactive protein (CRP) test kits-and staff training on how to use them in respiratory tract infection (RTI) management-in private community pharmacies (PCPs) can reduce non-prescription antibiotic dispensing for RTI. METHODS: A parallel cluster randomized controlled trial was conducted in Nigeria. The clusters-which were equally the participating units-were PCPs with blood testing experience. Stratified block randomization was done. PCPs were stratified...,,Maybe,Intervention + AB outcome - verify community pharmacy setting,,,,,[AUTO] Strong inclusion signal,MEDIUM,
REC-0664,OpenAlex,Rajeev P. Nagassar; Amanda Carrington; Darren Dookeeram; Keston Daniel; Roma J. Bridgelal-Nagassar,2023,"Knowledge, Attitudes, and Practices in Antibiotic Dispensing amongst Pharmacists in Trinidad and Tobago: Exploring a Novel Dichotomy of Antibiotic Laws",Antibiotics,10.3390/antibiotics12071094,"The inappropriate consumption, use, and dispensing of antibiotics are problems faced globally, with a pattern of inappropriate consumption differing in higher-income countries due to the ease of accessibility of antibiotics. The main drivers of consumption and inappropriate use are the over-the-counter sales of antibiotics by pharmacies. Trinidad and Tobago (T&T), a twin island state in the Caribbean, has two Acts of Parliament that regulate antibiotics: the Antibiotics Act and the Food and D...",,Exclude,No relevant signals in title or abstract,,,,,[AUTO-R2] Title match - verify,MEDIUM,
REC-0665,OpenAlex,Rasha T. Kakati; Sanaa Nakad Borrego; Rana Zareef; Johnny Atallah; Souha Farhat et al.,2023,"Dispensing and Purchasing Antibiotics Without Prescription: A Cross-sectional Study Among Pharmacists and Patients in Beirut, Lebanon",INQUIRY The Journal of Health Care Organization Provision and Financing,10.1177/00469580231167712,"Antimicrobial resistance is a global public health issue, exacerbated by dispensing and purchasing antibiotics without a prescription, common in low- and middle-income countries, such as Lebanon. This study aimed to (1) describe behavioral patterns underpinning dispensing and purchasing antibiotics without a prescription among pharmacists and patients, (2) describe reasons for, and (3) attitudes toward these behaviors. A cross-sectional study targeted pharmacists and patients, respectively, i...",,Maybe,Possible relevance - verify study design,,,,,[AUTO-R2] Title match - verify,MEDIUM,
REC-0674,PubMed,Rousham Emily K; Nahar Papreen; Uddin Mohammad Rofi; Islam Mohammad Aminul; Nizame Fosiul Alam et al.,2023,Gender and urban-rural influences on antibiotic purchasing and prescription use in retail drug shops: a one health study.,BMC Public Health,10.1186/s12889-023-15155-3,"INTRODUCTION: Few studies have reported antibiotic purchases from retail drug shops in relation to gender in low and middle-income countries (LMICs). Using a One Health approach, we aimed to examine gender dimensions of antibiotic purchases for humans and animals and use of prescriptions in retail drug shops in Bangladesh. METHODS: We conducted customer observations in 20 drug shops in one rural and one urban area. Customer gender, antibiotic purchases, and prescription use were recorded duri...",,Exclude,No relevant signals in title or abstract,,,,,[AUTO-R3] Possible intervention study - verify design,MEDIUM,
REC-0683,OpenAlex,Sewunet Admasu Belachew,2023,The scale of non-prescription antibiotic provision at community drug retail outlets and multi-stakeholder views on the drivers and potential solutions: a mixed-methods analysis with a focus on non-urban areas in Ethiopian provinces,The University of Queensland,10.14264/cb06e72,,,Maybe,No abstract - cannot screen; retrieve full text,,,,,[AUTO-R2] Title match - verify,LOW,
REC-0690,OpenAlex,Steward Mudenda; Scott Kaba Matafwali; Moses Mukosha; Victor Daka; Billy Chabalenge et al.,2023,"Antifungal resistance and stewardship: a knowledge, attitudes and practices survey among pharmacy students at the University of Zambia; findings and implications",JAC-Antimicrobial Resistance,10.1093/jacamr/dlad141,"Introduction: Antifungal resistance (AFR) is a growing global public health concern. Little is currently known about knowledge, attitudes and practices regarding AFR and antifungal stewardship (AFS) in Zambia, and across the globe. To address this evidence gap, we conducted a study through a questionnaire design starting with pharmacy students as they include the next generation of healthcare professionals. Methods: A cross-sectional study among 412 pharmacy students from June 2023 to July 20...",,Exclude,No relevant signals in title or abstract,,,,,[AUTO-R2] Title match - verify,MEDIUM,
REC-0692,OpenAlex,Suhaib Muflih; Sayer Al‐Azzam; Reema Karasneh; Barry A Bleidt; Barbara R. Conway et al.,2023,"Public knowledge of antibiotics, self-medication, and household disposal practices in Jordan",Expert Review of Anti-infective Therapy,10.1080/14787210.2023.2182770,"BACKGROUND: This study aimed to assess public understanding of antibiotics, self-medication, and drug disposal practices. METHODS: A cross-sectional self-administered online survey was undertaken in Jordan. RESULTS: The study was completed by 1,105 participants. When asked about their knowledge of antibiotics, rational antibiotic use, and disposal practices, 16% percent believed they should discontinue antibiotics once they felt better, and 12% agreed to take the same antibiotics prescribed t...",,Exclude,No relevant signals in title or abstract,,,,,[AUTO-R2] Title match - verify,MEDIUM,
REC-0695,PubMed,Svadzian Anita; Daniels Benjamin; Sulis Giorgia; Das Jishnu; Daftary Amrita et al.,2023,"Use of standardised patients to assess tuberculosis case management by private pharmacies in Patna, India: A repeat cross-sectional study.",PLOS Glob Public Health,10.1371/journal.pgph.0001898,"As the first point of care for many healthcare seekers, private pharmacies play an important role in tuberculosis (TB) care. However, previous studies in India have showed that private pharmacies commonly dispense symptomatic treatments and broad-spectrum antibiotics over-the-counter (OTC), rather than referring patients for TB testing. Such inappropriate management by pharmacies can delaye TB diagnosis. We assessed medical advice and OTC drug dispensing practices of pharmacists for standardi...",,Exclude,No relevant signals in title or abstract,,,,,[AUTO-R2] Title match - verify,MEDIUM,
REC-0696,OpenAlex,Svetlana Rachina; Polina Zakharenkova; Roman S. Kozlov; Ivan Palagin; D.S. Mamchich et al.,2023,"The Antibiotic Knowledge, Attitudes, and Behaviors of Patients Purchasing Antibiotics without Prescription: Results of National Survey",Advances in Public Health,10.1155/2023/3306067,"Background. The inappropriate and overuse of antimicrobials is a problem worldwide. To target future interventions, a thorough understanding of current behavior reasons is needed. The aim of the study was to explore antibiotic knowledge, attitudes, and behaviors among patients residing in Russia. Methods. In total, 149 semistructured interviews were carried out with respondents using antibiotics without prescriptions. Interviews were used to assess participants’ practices to treat symptoms of...",,Maybe,Possible relevance - verify study design,,,,,[AUTO-R2] Title match - verify,MEDIUM,
REC-0701,OpenAlex,Tawseef Ahmad; Shujaat Ali Khan; Tauqeer Hussain Mallhi; Abdul Mannan; Asad Ur Rahman et al.,2023,Assessing antibiotic dispensing without prescription through simulated client methodology in developing countries: A comprehensive literature review from 2009 to 2021,Journal of Public Health,10.1007/s10389-023-02032-x,,,Exclude,Review/meta-analysis/editorial,,,,,[AUTO] Strong inclusion signal,HIGH,
REC-0702,PubMed,Tenzin Jigme; Tshomo Kinley Penjor; Wangda Sonam; Gyeltshen Wangdi; Tshering Gyem,2023,"Knowledge, attitude and practice on antimicrobial use and antimicrobial resistance among competent persons in the community pharmacies in Bhutan.",Front Public Health,10.3389/fpubh.2023.1113239,"INTRODUCTION: Since the discovery, antimicrobials have been used to treat variety of infections both in humans and animals caused by microbes. However, with the increasing use, microbes developed resistance to the antimicrobials and many of the antimicrobials became ineffective against certain microbes. Many factors are reported to contribute to the resistance of microbes to antimicrobials. One contributing factor is the misuse and overuse of antibiotics which mainly occur due to the lack of ...",,Exclude,No relevant signals in title or abstract,,,,,[AUTO-R2] Title match - verify,MEDIUM,
REC-0703,OpenAlex,Teressa Andrea Esteves; Gabriel Jay Atabay; Elizabeth Tan,2023,Determinants of dispensing antibiotics without prescription by community pharmacists in developing countries: A review,Journal of Applied Pharmaceutical Science,10.7324/japs.2023.52735,Developing countries are more vulnerable to antibiotic resistance and pose the greatest threat to public health globally than developed countries due to complex issues about the nature of their healthcare system as well as other patientrelated factors. Inappropriate antibiotic drug use and their unrestricted availability in community pharmacies and other retail establishments can contribute to this issue. The research provides a review of scholarly literature to identify what possible determi...,,Maybe,Possible relevance - verify study design,,,,,[AUTO-R2] Title match - verify,MEDIUM,
REC-0705,OpenAlex,Thuy Nguyen Thi Phuong; Nguyễn Thanh Bình; Thang Do Xuan; Trung Quang Vo; Trung Duc Nguyen et al.,2023,Practice skills and compliance of private pharmacies with regulations on the prescription drug: A multi-method study in Vietnam,BIO Web of Conferences,10.1051/bioconf/20237505013,Professional practice of pharmacists plays a crucial role in the reinforcement of drug retailers’ services to achieve optimal health care provision to customers. To evaluate the professional skills and compliance of retail pharmacy staff with selling prescription drugs by surveying patients’ knowledge of drugs and role-playing the customer buying antibiotics without a prescription. A cross-sectional study was conducted with two kinds of surveys at 480 drug retail establishments using the clus...,,Exclude,No relevant signals in title or abstract,,,,,[AUTO-R3] Possible intervention study - verify design,MEDIUM,
REC-0707,OpenAlex,Tiyani Milta Sono; Vanda Marković‐Peković; Brian Godman,2023,Effective Programmes to Reduce Inappropriate Dispensing of Antibiotics in Community Pharmacies Especially in Developing Countries,Advances in Human Biology,10.4103/aihb.aihb_128_23,"There are appreciable concerns with growing rates of antimicrobial resistance (AMR) across countries, increasing morbidity, mortality and costs.[1-4] As a result, AMR is increasingly seen as the next pandemic unless timely activities are instigated globally and within countries to reduce inappropriate prescribing and dispensing of antibiotics, thereby reducing AMR. Key activities within countries to reduce AMR include the instigation of the National Action Plans (NAPs); however, these are at ...",,Exclude,No relevant signals in title or abstract,,,,,[AUTO-R2] Title match - verify,MEDIUM,
REC-0713,OpenAlex,Wenjie Qu; Xinyu Wang; Yufei Liu; Jinfeng Mao; M Liu et al.,2023,"Self-Medication with Antibiotics Among Children in China: A Cross-Sectional Study of Parents’ Knowledge, Attitudes, and Practices",Infection and Drug Resistance,10.2147/idr.s431034,"Background: Self-medication with antibiotics (SMA) among children is a common practice in low-income and middle-income countries, which has accelerated antibacterial abuse. Objective: This study aimed to estimate the prevalence and associated factors of SMA among children in China, including parents' knowledge, attitudes, and practices towards antibiotic use. Methods: A cross-sectional study based on a structured questionnaire survey of parents was conducted in Nantong between July and Septem...",,Exclude,No relevant signals in title or abstract,,,,,[AUTO-R2] Title match - verify,MEDIUM,
REC-0714,OpenAlex,Wenxin Zhou; Jing Wang; Qinmin Chen; Zhen Huang; Naitong Zhou et al.,2023,"Assessment of the operation status of electronic prescription at community pharmacies in Chengdu, China: a simulated patient study",BMC Health Services Research,10.1186/s12913-023-09742-8,"Abstract Background Information and technologies relevant to eHealth have developed rapidly over the past two decades. Based on this, China piloted ""Internet + "" pattern and some regions piloted electronic prescription services to explore telepharmacy services. Objective To describe the processes and assess the operation status of electronic prescription services mode for community pharmacies in China. Methods The simulated patient methodology was used to conduct a cross-sectional study in 31...",,Maybe,Possible relevance - verify study design,,,,,[AUTO-R2] Title match - verify,MEDIUM,
REC-0717,OpenAlex,Wuraola Akande‐Sholabi; Eunice Oyesiji; Yusuff Adebayo Adebisi,2023,"Antimicrobial stewardship: community pharmacists’ antibiotic dispensing practices, knowledge, and perception regarding antibiotics and antibiotic resistance",Journal of Pharmaceutical Health Services Research,10.1093/jphsr/rmad040,"Abstract Objectives Antimicrobial resistance is a major global health threat, and the inappropriate use of antibiotics is a key driver of this phenomenon. Community pharmacists play a crucial role in the responsible use of antibiotics and in promoting antimicrobial stewardship. This study assessed the knowledge and perception of community pharmacists regarding antibiotics and antibiotic resistance as well as their antibiotic dispensing practices. Methods This was a cross-sectional survey cond...",,Exclude,No relevant signals in title or abstract,,,,,[AUTO-R2] Title match - verify,MEDIUM,
REC-0734,PubMed,Abdelrahman Hussain Mohamed; Osman Mohamed Ahmed; Sandel Abkar Alsara; Siddig Mohamed Fatima; Khider Elzubair Hana,2022,"Knowledge, Attitude and Practice of Community Pharmacists in Relation to Dispensing Antibiotics Without Prescription in Sudan: A Cross-sectional Study.",Integr Pharm Res Pract,10.2147/IPRP.S363079,"BACKGROUND: Dispensing antibiotics without prescription (DAwP) is a widespread practice, especially in developing countries, contributing to antibiotic resistance. Community pharmacists play a significant role in promoting rational use of antibiotics by refraining from DAwP, and providing drug information to patients. This study aimed to evaluate community pharmacists' knowledge, attitude and practice, and to assess the factors behind DAwP. METHODS: A cross-sectional study was conducted in 20...",,Maybe,Possible relevance - verify study design,,,,,[AUTO] Strong inclusion signal,MEDIUM,
REC-0737,OpenAlex,Adeel Aslam; Che Suraya Zin; Shazia Jamshed; Norny Syafinaz Ab Rahman; Syed Imran Ahmed et al.,2022,"Self-Medication with Antibiotics: Prevalence, Practices and Related Factors among the Pakistani Public",Antibiotics,10.3390/antibiotics11060795,"Self-medication with antibiotics (SMA) has become considerably common in developing countries, which is a critical factor for driving antibiotic resistance. Individuals involved in SMA generally do not have adequate knowledge regarding the appropriate use, indications and dosage of these drugs. The objective of the present study was to investigate population SMA practices, knowledge and sociodemographic factors associated with SMA in Islamabad, Pakistan. The study adopted a cross-sectional me...",,Exclude,No relevant signals in title or abstract,,,,,[AUTO-R2] Title match - verify,MEDIUM,
REC-0739,PubMed,Ahmad Tawseef; Khan Faiz Ullah; Ali Sayyad; Rahman Asad Ur; Ali Khan Shujaat,2022,"Assessment of without prescription antibiotic dispensing at community pharmacies in Hazara Division, Pakistan: A simulated client's study.",PLoS One,10.1371/journal.pone.0263756,"Antibiotics dispensing without a prescription is an irrational practice and can increase the risk of antibiotic resistance, which is a significant public health concern around the globe. This study was aimed to determine the extent to which antibiotics are supplied without prescription in the community pharmacies (CPs) at Hazara Division from November 2020 to February 2021. The simulated client method (SCM) was used, and the data were gathered, recorded, and analyzed through different statist...",,Maybe,Possible relevance - verify study design,,,,,[AUTO] Strong inclusion signal,MEDIUM,
REC-0744,OpenAlex,Ali Mohammed Abd Alridha; KARRAR MOHAMMED HASAN AL-GBURI; Sarah Kadhim Abbood; Alaa Yasir; Dhuha Hussam,2022,"Practices, knowledge, and attitude toward dispensing antibiotics without a prescription in Iraqi pharmacies",Journal of Public Health and Development,10.55131/jphd/2023/210102,"Dispensing antibiotics without a prescription (DAWRx) is a potential threat to global public health and can lead to antimicrobial abuse and resistance development. Further research is required to examine the characteristics of DAWRx practice in Iraq. This study aimed to investigate the practices of DAWRx in Iraqi community pharmacies. A semi-structured, validated, pilot-tested online questionnaire was used to conduct a descriptive cross-sectional study in March 2020 among the members of the I...",,Maybe,Possible relevance - verify study design,,,,,[AUTO-R2] Title match - verify,MEDIUM,
REC-0759,PubMed,Belachew Sewunet Admasu; Hall Lisa; Selvey Linda A,2022,Magnitude of non-prescribed antibiotic dispensing in Ethiopia: a multicentre simulated client study with a focus on non-urban towns.,J Antimicrob Chemother,10.1093/jac/dkac341,"OBJECTIVES: Non-prescription dispensing of antibiotics significantly contributes to widespread antibiotic misuse, which in turn hastens the occurrence of antibiotic resistance. It is believed to be common in Ethiopia despite prescription-only regulations. We aimed to quantify non-prescription dispensing of antibiotics in community drug retail outlets (CDROs) with a focus on non-urban towns in the Amhara region of Ethiopia. METHODS: A multicentre simulated client (SC) study was conducted to me...",,Maybe,Possible relevance - verify study design,,,,,[AUTO] Strong inclusion signal,MEDIUM,
REC-0760,PubMed,Belachew Sewunet Admasu; Hall Lisa; Selvey Linda A,2022,"Community drug retail outlet staff's knowledge, attitudes and practices towards non-prescription antibiotics use and antibiotic resistance in the Amhara region, Ethiopia with a focus on non-urban towns.",Antimicrob Resist Infect Control,10.1186/s13756-022-01102-1,"INTRODUCTION: Some evidence suggests that knowledge and attitudes towards rational antibiotic use influences dispensing practice in community drug retail outlets. However, there is limited evidence in resource limited countries, including Ethiopia. We aimed to assess the knowledge and attitudes surrounding antibiotic use or supply and antibiotic resistance, and the non-prescribed antibiotic dispensing practices in community drug retail outlets in non-urban Ethiopia. METHODS: We conducted a cr...",,Exclude,No relevant signals in title or abstract,,,,,[AUTO-R2] Title match - verify,MEDIUM,
REC-0767,OpenAlex,Chetna Sachdev; Ashish Anjankar; Jayesh Agrawal,2022,Self-Medication With Antibiotics: An Element Increasing Resistance,Cureus,10.7759/cureus.30844,"Self-medication refers to the consumption of drugs such as antibiotics by individuals based on their own experience and knowledge, without consulting a doctor either for diagnosis or prescription. The inappropriate use of antibiotics is the primary source of antibiotic resistance (AR) development in microorganisms. As a result, some specific types of microorganisms that are naturally resistant to antibiotics have become considerably more common. Self-medication poses a danger to the advantage...",,Exclude,No relevant signals in title or abstract,,,,,[AUTO-R2] Title match - verify,MEDIUM,
REC-0768,OpenAlex,Christian Vogelberg; Ludger Klimek; Bernd Brüggenjürgen; Marek Jutel,2022,Real‐world evidence for the long‐term effect of allergen immunotherapy: Current status on database‐derived European studies,Allergy,10.1111/all.15506,Randomized controlled trials (RCTs) are the gold-standard for benefit-risk assessments during drug approval processes. Real-word data (RWD) and the resulting real-world evidence (RWE) are becoming increasingly important for assessing the effectiveness of drug products after marketing authorization showing how RCT results are transferred into real life care. The effectiveness of allergen immunotherapy (AIT) has been assessed in several RWE studies based on large prescription databases. We perf...,,Exclude,No relevant signals in title or abstract,,,,,[AUTO-R3] Possible intervention study - verify design,MEDIUM,
REC-0772,PubMed,Czarniak Petra; Chalmers Leanne; Hughes Jeffery; Iacob Rebecca; Lee Ya Ping et al.,2022,Point-of-care C-reactive protein testing service for respiratory tract infections in community pharmacy: a qualitative study of service uptake and experience of pharmacists.,Int J Clin Pharm,10.1007/s11096-021-01368-2,"Background Targeted interventions in community pharmacies, such as point-of-care C-reactive protein testing, could reduce inappropriate antimicrobial consumption in patients presenting with symptoms of respiratory tract infections, although data regarding Australian pharmacists' perspectives on its provision are limited. Aim To explore pharmacists' experiences and perspectives of point-of-care C-reactive protein testing, including barriers and facilitators, influencing service provision and u...",,Exclude,HIC country,,,,,[AUTO] Strong inclusion signal,HIGH,
REC-0776,OpenAlex,Dewa Ayu Swastini; Made Krisna Adi Jaya,2022,Research study on patient’s desire to get oral antibiotics for self medication at community pharmacy in bali-indonesia,Journal of medical pharmaceutical and allied sciences,10.55522/jmpas.v11i2.3051,"Oral antibiotics are one of the drugs that must be used wisely. Irrational use can cause fatal problems, including resistance and increased mortality due to infection. Many people try to get oral antibiotics without a doctor's prescription. This behaviour is worrying because it can lead to irrational use of antibiotics. This study aimed to identify the factors that encourage people to get oral antibiotics without a doctor's prescription, especially in Bali-Indonesia. A cross-sectional study d...",,Exclude,No relevant signals in title or abstract,,,,,[AUTO-R2] Title match - verify,MEDIUM,
REC-0779,OpenAlex,Dominique L. Green; Katherine Keenan; Kathryn J. Fredricks; Sarah Huque; Martha F Mushi et al.,2022,"The role of multidimensional poverty in antibiotic misuse: a mixed-methods study of self-medication and non-adherence in Kenya, Tanzania, and Uganda",The Lancet Global Health,10.1016/s2214-109x(22)00423-5,"BACKGROUND: Poverty is a proposed driver of antimicrobial resistance, influencing inappropriate antibiotic use in low-income and middle-income countries (LMICs). However, at subnational levels, studies investigating multidimensional poverty and antibiotic misuse are sparse, and the results are inconsistent. We aimed to investigate the relationship between multidimensional poverty and antibiotic use in patient populations in Kenya, Tanzania, and Uganda. METHODS: In this mixed-methods study, th...",,Exclude,No relevant signals in title or abstract,,,,,[AUTO-R2] Title match - verify,MEDIUM,
REC-0782,OpenAlex,E. Onwuchuluba; Foluke Adenike Ayeni; Patricia Uche Ogbo; Oluwatobiloba D. Adegbite,2022,"Management of Sexually Transmitted Infections by Community Pharmacists in Lagos, Nigeria: a Cross-sectional Study",Nigerian Journal of Pharmacy,10.51412/psnnjp.2022.19,"Background: Sexually Transmitted Infections (STIs) are of public health importance in Nigeria. Timely interventions could alleviate STI-associated symptoms, and delay transmission. This study investigated how Community Pharmacists responded to complaints of STI-associated symptoms and explored factors that hinder these efffforts. Methods: A cross-sectional, descriptive study was carried out among 48 Community Pharmacists in Surulere Local Government Area of Lagos. Data were collected using a ...",,Exclude,No relevant signals in title or abstract,,,,,[AUTO-R2] Title match - verify,MEDIUM,
REC-0786,PubMed,Edessa Dumessa; Sisay Mekonnen; Hagos Bisrat; Amare Firehiwot,2022,Antimicrobial Use and Management of Childhood Diarrhea at Community Drug Retail Outlets in Eastern Ethiopia: A Matched Questionnaire-Based and Simulated Patient-Case Study.,Pediatric Health Med Ther,10.2147/PHMT.S348204,"INTRODUCTION: Antimicrobial agents have saved millions of lives worldwide. However, inappropriate use has become a global concern leading to the emergence and spread of antimicrobial resistance (AMR). In this regard, the dispensing practices of pharmacy professionals in the community drug retail outlets (CDROs) plays a central role. Therefore, this study was aimed to assess the knowledge and dispensing practices of pharmacy professionals in the management of childhood diarrhea in CDROs of Eas...",,Maybe,Possible relevance - verify study design,,,,,[AUTO-R2] Title match - verify,MEDIUM,
REC-0789,PubMed,Elmahi Osman Kamal Osman; Musa Reem Abdalla Elsiddig; Shareef Ahd Alaaeldin Hussain; Omer Mohammed Eltahier Abdalla; Elmahi Mugahid Awad Mohamed et al.,2022,Perception and practice of self-medication with antibiotics among medical students in Sudanese universities: A cross-sectional study.,PLoS One,10.1371/journal.pone.0263067,"INTRODUCTION: The benefits of antibiotics are under threat by self-medication, which culminated in economic burdening of developing countries, treatment failures, the emergence of antibiotic-resistant strains of bacteria and an increased probability of exposure and infection of the general population by antibiotic-resistant bacterial strains. OBJECTIVES: This study aimed to evaluate the knowledge and attitude of medical students in Sudan towards the use of antibiotics, the prevalence of self-...",,Exclude,No relevant signals in title or abstract,,,,,[AUTO-R2] Title match - verify,MEDIUM,
REC-0790,OpenAlex,Eman A. Hammad; Eman Elayeh; Deema Jaber; Ibrahim Abu mustafa; Sinaa Al-Aqeel,2022,Feasibility of using simulated patients for onsite structured practice feedback in Jordanian community pharmacy settings,Saudi Pharmaceutical Journal,10.1016/j.jsps.2022.01.004,Simulated patient (SP) visits followed with structured feedback is useful to outline training needs as well as preference for continuing professional education in community pharmacy settings. This study aimed to investigate community pharmacists' management of an over-the-counter (OTC) product request and feasibility of immediate SP feedback in Jordan. Four trained SP visited a sample of pharmacies in three main urban cities in Jordan requesting an antacid. Information request and professiona...,,Exclude,No relevant signals in title or abstract,,,,,[AUTO-R2] Title match - verify,MEDIUM,
REC-0791,OpenAlex,Eman A. Hammad; Sinaa Al-Aqeel; Eman Elayah; Deema Jaber,2022,Assessing content and factors influencing responses to information requests in community pharmacies in Jordan: A simulated patients study,PLoS ONE,10.1371/journal.pone.0264224,OBJECTIVES: To assess the management of requests for information about a prescription only medicine (simvastatin for treatment of dyslipidemia) by pharmacy staff in community settings and explore the factors influencing the information content. METHODS: A cross sectional study conducted using the stimulated patient (SP) method between November 2018 and May 2019. The SP conveyed the request at the beginning of the encounter in a standardized way based on predetermined plots and was instructed ...,,Exclude,No relevant signals in title or abstract,,,,,[AUTO-R2] Title match - verify,MEDIUM,
REC-0800,OpenAlex,Fitsum Demissie; Henok Buno; Getahun Paulos,2022,"Assessment of Pharmaceutical Service Quality Provided in Community Drug Retail Outlets in Selected Towns, South West Ethiopia",Integrated Pharmacy Research and Practice,10.2147/iprp.s375155,"Background: Inappropriate pharmaceutical services may result in unsafe, ineffective, and poor-quality treatment. This practice ultimately will lead to prolonged illness, suffering and damage to the patient and an increase in the cost of treatment. This study aims to assess the activities of pharmacy professionals and the pharmaceutical service quality given in community drug retail outlets of selected towns, Southern Ethiopia. Methods: A cross-sectional study was conducted on all drug retail ...",,Exclude,No relevant signals in title or abstract,,,,,[AUTO-R2] Title match - verify,MEDIUM,
REC-0801,OpenAlex,Fitsum Demissie; Kelil Ereso; Getahun Paulos,2022,"Self-Medication Practice with Antibiotics and Its Associated Factors Among Community of Bule-Hora Town, South West Ethiopia",Drug Healthcare and Patient Safety,10.2147/dhps.s325150,"BACKGROUND: Self-medication with antibiotics is being practiced worldwide with high prevalence, mostly in developing countries. Several factors induce the practice of self-medication, such as irrational and uncontrolled dispensing of medicinal substances, difficulty accessing health-care systems, and cost of diagnosis. Thus, this study assessed the prevalence of self-medication with antibiotics, and its associated factors among the community of Bule-Hora town, South West Ethiopia. METHODS: A ...",,Exclude,No relevant signals in title or abstract,,,,,[AUTO-R2] Title match - verify,MEDIUM,
REC-0815,PubMed,Haile Kaleab Taye; Yabeyu Abdella Birhan,2022,"Knowledge, Attitude and Practice of Pharmacy Professionals Against Dispensing Antibiotics Without Prescription in Ethiopia.",Integr Pharm Res Pract,10.2147/IPRP.S383709,"INTRODUCTION: Antibiotic resistance is a global public health threat that warrants immediate intervention. Dispensing of antibiotics without prescription (DAWP), is an inappropriate practice that contributes significantly to the emergence and spread of antibiotic resistance. The current study aimed to assess the knowledge, attitude and practice of community pharmacists and pharmacy assistants towards DAWP. METHODS: A cross-sectional study was conducted, and data was collected from community p...",,Maybe,Possible relevance - verify study design,,,,,[AUTO] Strong inclusion signal,MEDIUM,
REC-0828,OpenAlex,Joseph Nyombi,2022,Factors associated with Dispensing Practices in Retail Pharmacies in Kampala District. A Cross-Sectional Study.,Student s Journal of Health Research Africa,10.51168/sjhrafrica.v3i12.260,Background: There is a growing global problem of inappropriate dispensing practices in retail pharmacies for drugs including antibiotics and even controlled drugs. Therefore a study was carried out to assess the factors associated with dispensing practices of drugs in retail Pharmacies in Kampala district. Methodology: The study design was cross sectional analytical study and a sample of 385 respondents was selected using a simple random sampling technique and a questionnaire was used to coll...,,Exclude,No relevant signals in title or abstract,,,,,[AUTO-R2] Title match - verify,MEDIUM,
REC-0830,OpenAlex,K. V. Ramanath; M. S. Ashitha Gowda; Laasya Valleru; K. P. Parvathi; Satish Patel,2022,Assessment of Dispensing Practice of Antibiotics in the Selected Community Pharmacies: A Prospective Study,Journal of Advances in Medicine and Medical Research,10.9734/jammr/2022/v34i1931448,"Introduction: Dispensing is the provision of drugs as set out correctly on a lawful prescription by the pharmacist/Healthcare professional doctor. The over-the-counter sale of antibiotics is a global problem. Antibiotics are very commonly prescribed and dispensed for patients in pharmacies, and it is increasingly recognized as antibiotic misuse. This misuse may increase the treatment cost and the development of antimicrobial resistance. Therefore, an assessment of dispensing patterns of antib...",,Exclude,No relevant signals in title or abstract,,,,,[AUTO-R2] Title match - verify,MEDIUM,
REC-0831,PubMed,Karki Kshitij; Kumar Neupane Aashish; Raj Singh Devendra,2022,"Antibiotic dispensing knowledge and practice among dispensing staff working in pharmacies near teaching hospitals in Kathmandu Valley, Nepal.",Int J Pharm Pract,10.1093/ijpp/riab076,"OBJECTIVES: To assess antibiotic dispensing knowledge and practice among dispensing staff who may or may not have a formal pharmacy qualification working in pharmacies near teaching hospitals in Kathmandu Valley, Nepal. METHODS: A face-to-face cross-sectional study was conducted among 220 dispensing staff. The data were analysed using SPSS 20 to measure descriptive statistics and logistic regressions. KEY FINDINGS: Among 220 participants, half of them (50.0%) had inadequate knowledge and slig...",,Exclude,No relevant signals in title or abstract,,,,,[AUTO-R2] Title match - verify,MEDIUM,
REC-0832,OpenAlex,Katherine O’Neill; Glenda Fleming; Michael Scott; Gillian Plant; Sumanthra Varma,2022,C-reactive protein point of care testing in community pharmacy: Observational study of a Northern Ireland pilot,Pharmacy Practice,10.18549/pharmpract.2022.4.2711,Background: Whether or not to prescribe an antibiotic is a key issue for clinicians treating respiratory tract infection (RTI) in the community. Measurement of C-reactive protein (CRP) in community pharmacy may help to differentiate viral and self-limiting infections from more serious bacterial infections. Objective: To pilot POC CRP testing for suspected RTI within community pharmacy in Northern Ireland (NI). Methods: POC CRP testing was piloted in 17 community pharmacies linked to 9 general...,,Exclude,No relevant signals in title or abstract,,,,,[AUTO] Strong inclusion signal,MEDIUM,
REC-0839,PubMed,Khojah Hani M J,2022,Over-the-counter sale of antibiotics during COVID-19 outbreak by community pharmacies in Saudi Arabia: a simulated client study.,BMC Health Serv Res,10.1186/s12913-022-07553-x,"BACKGROUND: Recent studies have reflected increased global concern regarding the possible acceleration of bacterial resistance secondary to the reported overuse and misuse of antibiotics during the COVID-19 pandemic. Therefore, this study aimed to investigate the nonprescribed sale of antibiotics by community pharmacies in Saudi Arabia during the COVID-19 outbreak and the pharmacists' skills in triaging COVID-19 suspects. METHODS: Herein, 120 pharmacies were randomly selected and surveyed by ...",,Maybe,Possible relevance - verify study design,,,,,[AUTO] Strong inclusion signal,MEDIUM,
REC-0843,PubMed,Kumar K Sarath; Saranya S; Rani Nagasubramanian Vanitha,2022,"Community Pharmacists' Knowledge, Attitude, and Nonprescription Dispensing Practices of Antibiotics: An Explorative Study in a Selected City of South India.",J Res Pharm Pract,10.4103/jrpp.jrpp_48_21,"OBJECTIVE: This study aimed to assess the community pharmacists' knowledge of antibiotics, their attitude toward antibiotic usage and antibiotic resistance, and their nonprescription dispensing practices of antibiotics. METHODS: A cross sectional-questionnaire-based study was conducted among 75 community pharmacists practicing in a selected city of South India. Data on their age, years of experience, and educational qualifications were obtained. A modified, 33-items, prevalidated structured q...",,Exclude,No relevant signals in title or abstract,,,,,[AUTO-R2] Title match - verify,MEDIUM,
REC-0844,OpenAlex,Kunle Rotimi; Favour K. Edeh; Jimmy Aiden; Ademola Joshua Itiola; Kehinde Obamiro,2022,Factors that influence pharmacists' efforts in addressing substance use in Nigeria: An exploratory study,Exploratory Research in Clinical and Social Pharmacy,10.1016/j.rcsop.2022.100189,"Introduction: Substance use is a major global public health problem. Over the years, the burden of substance use has increased worldwide, with Nigeria having a prevalence that is substantially above the global average. Tackling this challenge requires a collaborative effort between different health professionals. Despite the critical roles pharmacists could play in substance use prevention and management, exploration of pharmacists' role in mitigating substance use in society has received lim...",,Exclude,No relevant signals in title or abstract,,,,,[AUTO-R2] Title match - verify,MEDIUM,
REC-0857,PubMed,Mabilika Richard James; Mpolya Emmanuel; Shirima Gabriel,2022,"Prevalence and predictors of self-medication with antibiotics in selected urban and rural districts of the Dodoma region, Central Tanzania: a cross-sectional study.",Antimicrob Resist Infect Control,10.1186/s13756-022-01124-9,"BACKGROUND: Antibiotic resistance is a global health threat driven partly by self-medication with antibiotics (SMA). This study aims to assess the prevalence and predictors of SMA in selected rural and urban communities of the Dodoma region, Central Tanzania. METHODS: This cross-sectional study was conducted in Chemba District Council (rural) and Dodoma City Council (urban) from August to November 2019 using multistage stratified random sampling. Data were collected through face-to-face inter...",,Exclude,No relevant signals in title or abstract,,,,,[AUTO-R2] Title match - verify,MEDIUM,
REC-0858,OpenAlex,Madeeha Malik; Azhar Hussain; Usman Aslam; Ayisha Hashmi; Mojtaba Vaismoradi et al.,2022,Effectiveness of Community Pharmacy Diabetes and Hypertension Care Program: An Unexplored Opportunity for Community Pharmacists in Pakistan,Frontiers in Pharmacology,10.3389/fphar.2022.710617,"Background: The effective management of patients diagnosed with both Diabetes as well as Hypertension is linked with administration of efficacious pharmacological therapy as well as improvement in adherence through counseling and other strategies. Being a part of primary healthcare team, community pharmacists can effectively provide patient care for chronic disease management. The objective of the study was to evaluate the impact of pharmacist counseling on blood pressure and blood glucose co...",,Exclude,Diabetes/Hypertension pharmacy program - wrong outcome,,,,,[AUTO-R2] Title match - verify,HIGH,
REC-0868,OpenAlex,Md Hadiuzzaman; Hamida Khanum; Sayada Nazila,2022,"""Practice of Self-Medication with Antibiotics Among the Adult Inhabitants in Dhaka City""",Biomedical Journal of Scientific & Technical Research,10.26717/bjstr.2022.41.006628,"The present study was done to assess the practice of self-medication with antibiotics among the adult's population in Dhaka city. It was a Cross-sectional descriptive study and locations were Azimpur, Lalbagh, Kamrangirchar belongs to Zone-5 of Dhaka South City Corporation. Purposively 140 adults were selected, among the respondents, 37.9% belong to the age group <=28 years, 33.6% 29-39 years, 20.7% 40-50 years, 5.7% were 51-61 years and 2.1% >=62 years old. Among the total participants, 56.4...",,Exclude,No relevant signals in title or abstract,,,,,[AUTO-R2] Title match - verify,MEDIUM,
REC-0869,OpenAlex,Md. Ariful Islam; Zubair Akhtar; Md Zakiul Hassan; Sukanta Chowdhury; Md. Mahbubur Rashid et al.,2022,"Pattern of Antibiotic Dispensing at Pharmacies According to the WHO Access, Watch, Reserve (AWaRe) Classification in Bangladesh",Antibiotics,10.3390/antibiotics11020247,"The WHO Essential Medicines List Access, Watch, and Reserve (AWaRe) classification could facilitate antibiotic stewardship and optimal use. In Bangladesh, data on antibiotic dispensing in pharmacies according to the AWaRe classification are scarce. We aimed to explore antibiotic dispensing pattern in pharmacies according to the WHO AWaRe classification to aid pharmacy-targeted national antibiotic stewardship program (ASP). From January to July 2021, we interviewed drug-sellers from randomly s...",,Exclude,No relevant signals in title or abstract,,,,,[AUTO-R2] Title match - verify,MEDIUM,
REC-0877,PubMed,Mokwele R Nelly; Schellack Natalie; Bronkhorst Elmien; Brink Adrian J; Schweickerdt Louise et al.,2022,Using mystery shoppers to determine practices pertaining to antibiotic dispensing without a prescription among community pharmacies in South Africa-a pilot survey.,JAC Antimicrob Resist,10.1093/jacamr/dlab196,"BACKGROUND: Inappropriate use of antimicrobials is a key factor increasing antimicrobial resistance, a major global public health problem including in South Africa. Key drivers include antibiotics being dispensed without a prescription. OBJECTIVES: To determine the accessibility of antibiotics without a prescription in community pharmacies in urban areas in South Africa and determine whether counselling was provided when antibiotics were dispensed. PATIENTS AND METHODS: Prospective, observati...",,Maybe,Possible relevance - verify study design,,,,,[AUTO-R2] Title match - verify,MEDIUM,
REC-0879,PubMed,Mudenda Steward; Mukosha Moses; Godman Brian; Fadare Joseph; Malama Sydney et al.,2022,"Knowledge, Attitudes, and Practices of Community Pharmacy Professionals on Poultry Antibiotic Dispensing, Use, and Bacterial Antimicrobial Resistance in Zambia: Implications on Antibiotic Stewardship and WHO AWaRe Classification of Antibiotics.",Antibiotics (Basel),10.3390/antibiotics11091210,"Globally, the inappropriate dispensing and use of antibiotics in animals has contributed to the development of bacterial antimicrobial resistance (AMR). In Zambia, there is insufficient information among community pharmacy professionals on antibiotic use (ABU) and AMR in food-producing animals. This study assessed community pharmacy professionals' knowledge, attitudes, and practices regarding poultry antibiotic dispensing, use, and bacterial AMR in the Lusaka district of Zambia. A cross-secti...",,Exclude,No relevant signals in title or abstract,,,,,[AUTO-R2] Title match - verify,MEDIUM,
REC-0882,PubMed,Myemba David T; Maganda Betty A; Kibwana Upendo O; Nkinda Lilian; Ndayishimiye Pacifique et al.,2022,Profiling of antimicrobial dispensing practices in accredited drug dispensing outlets in Tanzania: a mixed-method cross-sectional study focusing on pediatric patients.,BMC Health Serv Res,10.1186/s12913-022-08980-6,"BACKGROUND: The emergency of antimicrobial resistance due to irrational antimicrobial use has put public health under threat. Accredited Drug Dispensing Outlets (ADDOs) play an important role in enhancing availability and accessibility of antimicrobials, however, there is a scarcity of studies assessing antimicrobial dispensing practices in these outlets, focusing on children in Tanzania. OBJECTIVE: This study was conducted to assess the antimicrobial dispensing practices among ADDO dispenser...",,Exclude,No relevant signals in title or abstract,,,,,[AUTO-R2] Title match - verify,MEDIUM,
REC-0885,PubMed,Nabi Nusrat; Baluja Zenis; Mukherjee Shoma; Kohli Sunil,2022,Trends in Practices of Self-Medication with Antibiotics among Medical Undergraduates in India.,J Pharm Bioallied Sci,10.4103/jpbs.jpbs_17_21,BACKGROUND: Self-medication with antibiotics (SMA) without the consultation of a professional is a serious health concern and can lead to serious health hazard. This study was designed to evaluate the trends in SMA behavior and risk factors in medical undergraduates to further explore the association between SMA practices and adverse drug events (ADEs). MATERIALS AND METHODS: This cross-sectional questionnaire-based study was carried out among 360 volunteering medical undergraduates at a tert...,,Exclude,No relevant signals in title or abstract,,,,,[AUTO-R2] Title match - verify,MEDIUM,
REC-0888,PubMed,Naseef Hani; Joza' Dana; Awawdeh Ahlam; Hasan Alaa; Abukhalil Abdallah Damin et al.,2022,Evaluation of Self-Medication with Antibiotics in Primary Care Clinics in Palestine.,Patient Prefer Adherence,10.2147/PPA.S384671,"BACKGROUND: Antibiotics are highly effective medications and essential in curing infectious diseases; however, their inappropriate use, such as self-medication, is a significant factor in developing antimicrobial resistance. OBJECTIVE: This study aimed to evaluate the level of antibiotic self-medication among patients who visited primary care clinics in Palestine. METHODS: Data were collected via a self-administered questionnaire, either printed or electronically, using google forms (Google I...",,Exclude,No relevant signals in title or abstract,,,,,[AUTO-R2] Title match - verify,MEDIUM,
REC-0889,PubMed,Ndaki Pendo M; Mushi Martha F; Mwanga Joseph R; Konje Eveline T; Mugassa Stella et al.,2022,Non-prescribed antibiotic dispensing practices for symptoms of urinary tract infection in community pharmacies and accredited drug dispensing outlets in Tanzania: a simulated clients approach.,BMC Prim Care,10.1186/s12875-022-01905-6,"BACKGROUND: Antibiotic dispensing without prescription is a major determinant of the emergence of Antimicrobial Resistance (AMR) which has impact on population health and cost of healthcare delivery. This study used simulated clients describing UTI like symptoms to explore compliance with regulation, variations in dispensing practices and drug recommendation, and quality of seller-client interaction on the basis of the gender of the client and the type of drug outlets in three regions in Tanz...",,Exclude,No relevant signals in title or abstract,,,,,[AUTO-R2] Title match - verify,MEDIUM,
REC-0903,PubMed,Paul Gowranga Kumar; Swapon Md Shalauddin; Kaderi Kibria K M,2022,"Knowledge, awareness, and attitudes toward antibiotic resistance and practice of self-medication among university students in Bangladesh: A cross-sectional study.",J Educ Health Promot,10.4103/jehp.jehp_602_21,"BACKGROUND: The prevalence of self-medication is high in Bangladesh due to easy access and poor regulatory controls over these drugs. Our study aimed to assess the attitude of university students in Bangladesh toward antibiotic usage, especially their knowledge and awareness about antibiotics and their resistance. We also evaluated the determinants behind their attempts at drug intake without prescription. MATERIALS AND METHODS: A cross-sectional study was conducted in Mawlana Bhashani Scienc...",,Exclude,No relevant signals in title or abstract,,,,,[AUTO-R2] Title match - verify,MEDIUM,
REC-0906,OpenAlex,Phuc Hung Nguyen; Thi My Huong Vo; Thị Thanh Yến Lê; Thi Bich Nguyen; Huu Nhan Nguyen et al.,2022,"ASSESSMENT OF COMMUNITY PHARMACISTS’ COUNSELING SKILLS ON SELLING ANTIBIOTICS IN CAN THO CITY, VIETNAM: A SIMULATED PATIENT STUDY",Tạp chí Y Dược học Cần Thơ,10.58490/ctump.2022i4.475,"Background: The wide and prolonged use and abuse of antibiotics in livestock and poultry farming, aquaculture, and farming to treat and prevent animal diseases, as well as production purposes, made microorganisms adapt to drugs, facilitate the resistance of many types of antibiotics, and decrease the effectiveness of medicines. Objective: To assess the counseling skills of community pharmacists for antibiotics by using the simulated patient approach. Methods: A cross-sectional study was condu...",,Maybe,Possible relevance - verify study design,,,,,[AUTO-R2] Title match - verify,MEDIUM,
REC-0922,OpenAlex,Ranakishor Pelluri; Monikasurya Thummapudi; Harika Paritala; Thota Sai Kiran Kumar; Raziya Sulthana et al.,2022,"Assessment of Knowledge, Attitude and Practice towards Dispensing of Antibiotics and Over the Counter Drugs among Community Pharmacists in Guntur, Andhra Pradesh",Indian Journal of Pharmacy Practice,10.5530/ijopp.15.4.49,"Aim: To assess the knowledge, attitude, and practice (KAP) concerning dispensing pattern of antibiotics and OTC medication among the retail dispersers in community pharmacies. Materials and Methods: A cross-sectional study was performed from March 2021 to August 2021. Simulated patient (SP) based face-to-face interviews were conducted with validated structured questionnaires. Results: During our interview, we noticed only 60% of registered pharmacists (RPs) and 40% of non-RPs were working in ...",,Exclude,No relevant signals in title or abstract,,,,,[AUTO-R2] Title match - verify,MEDIUM,
REC-0929,PubMed,Roien Rohullah; Bhandari Divya; Hosseini Sayed Mohammad Reza; Mosawi Sayed Hussain; Ataie Mohammad Arif et al.,2022,Prevalence and determinants of self-medication with antibiotics among general population in Afghanistan.,Expert Rev Anti Infect Ther,10.1080/14787210.2021.1951229,"OBJECTIVE: Self-medication with antibiotics (SMA) is a common cause of antibiotic resistance, a major public health problem. This research aimed to identify the prevalence of SMA and explore reasons for practicing SMA among people living in Kabul, Afghanistan. METHODS: A community-based cross-sectional study was conducted from May to November 2017 in 12 community pharmacies operating across Kabul, Afghanistan. Multivariable logistic regression was conducted to identify the factors associated ...",,Exclude,No relevant signals in title or abstract,,,,,[AUTO-R2] Title match - verify,MEDIUM,
REC-0943,OpenAlex,Shaleesa Ledlie; Tara Gomes; Lisa Dolovich; Chantelle Bailey; Saira Lallani et al.,2022,Medication errors in community pharmacies: Evaluation of a standardized safety program,Exploratory Research in Clinical and Social Pharmacy,10.1016/j.rcsop.2022.100218,"Background: The mandated reporting of medication-related errors in community pharmacies including incidents resulting in inappropriate medication use and near misses intercepted before reaching the patient can be utilized as learning opportunities to aid in the prevention of future events. Objectives: To examine reporting uptake, trends, and initial learnings from medication errors reported by community pharmacists to the Assurance and Improvement in Medication Safety (AIMS) Program based in ...",,Exclude,No relevant signals in title or abstract,,,,,[AUTO-R2] Title match - verify,MEDIUM,
REC-0951,OpenAlex,Steward Mudenda; Mirriam Mukela; Scott Kaba Matafwali; Michelo Banda; Ronald Kampamba Mutati et al.,2022,"Knowledge, Attitudes, and Practices towards Antibiotic Use and Antimicrobial Resistance among Pharmacy Students at the University of Zambia: Implications for Antimicrobial Stewardship Programmes",Scholars Academic Journal of Pharmacy,10.36347/sajp.2022.v11i08.002,"Background: Antimicrobial resistance (AMR) is a global public health problem affecting healthcare systems. There is little information on undergraduate pharmacy students' knowledge, attitude, and practices regarding antibiotic use (AMU) and AMR in Zambia. This study assessed knowledge, attitude, and practices on AMU and AMR among undergraduate pharmacy students at the University of Zambia. Materials and Methods: This cross-sectional study was conducted among172 randomly selected participants ...",,Exclude,No relevant signals in title or abstract,,,,,[AUTO-R2] Title match - verify,MEDIUM,
REC-0957,OpenAlex,Tadesse Bekeshe Rundessa; Birhanu Jelkeba Negeri; Usmael Mohammed Hasan,2022,"Competency and Attitude of Pharmacists in the Management of Common Ailments Among Community Pharmacy in Adama Town, Adama, Ethiopia, 2021",International Journal of Pharmacy and Chemistry,10.11648/j.ijpc.20220801.13,"Community pharmacists are one of the most accessible of all health workers in the community, who are playing a key role in the delivering the primary health care services. Traditionally pharmacists' role is mostly confined to dispensing medication and provides public health services rarely. The current role of community pharmacists should include dispensing medicines with a prescription or without a prescription, advice patients during dispensing of prescription and non-prescription drugs, de...",,Exclude,No relevant signals in title or abstract,,,,,[AUTO-R2] Title match - verify,MEDIUM,
REC-0960,OpenAlex,Tessa J. Hastings; David Ha; Brent I. Fox; Jingjing Qian; Joni M. Lakin et al.,2022,Increasing use of immunization information systems for routine vaccinations in independent community pharmacies: A randomized controlled trial,Journal of the American Pharmacists Association,10.1016/j.japh.2022.02.010,,,Maybe,No abstract - cannot screen; retrieve full text,,,,,[AUTO-R3] Possible intervention study - verify design,LOW,
REC-0962,OpenAlex,Thein Hlaing; Tun W. Lat; Zaw M. Myint,2022,"Prevalence and possible causes of antibiotic self-medication among rural dwellers and volunteer health workers in Nattalin Township, Bago region, Myanmar",International Journal of Community Medicine and Public Health,10.18203/2394-6040.ijcmph20220826,"Background: In Myanmar, the emergence of antibiotic-resistant strains is increased, but its exact causes remain unrecognized. This cross-sectional study examined the prevalence and possible causes of antibiotic self-medication (ASM) among rural dwellers and volunteer health workers (VHWs).Methods: 445 adult rural dwellers from 24 villages and all the 133 registered VHWs within Nattalin Township were examined for illnesses, types and sources of antibiotics, knowledge, perception and possible c...",,Exclude,No relevant signals in title or abstract,,,,,[AUTO-R2] Title match - verify,MEDIUM,
REC-0963,OpenAlex,Thuy Nguyen Thi Phuong; Do Xuan Thang; Hoang Anh Nguyen; Cuc Thi Thu Nguyen; Johanna C. Meyer et al.,2022,A National Survey of Dispensing Practice and Customer Knowledge on Antibiotic Use in Vietnam and the Implications,Antibiotics,10.3390/antibiotics11081091,"Misconceptions and pressures have increased the sales of antibiotics without a prescription across countries. There are concerns with such practices in Vietnam given rising antimicrobial resistance rates. A national survey was conducted among 360 private drugstores located in nine provinces in Vietnam. Anonymous interviews were conducted with participants selected by convenience sampling. Subsequently, multivariable logistic regression analyses were undertaken evaluating the relationship betw...",,Exclude,No relevant signals in title or abstract,,,,,[AUTO-R3] Possible intervention study - verify design,MEDIUM,
REC-0967,OpenAlex,Wenjuan Cong; Jing Chai; Linhai Zhao; Christie Cabral; Lucy Yardley et al.,2022,Cluster randomised controlled trial to assess a tailored intervention to reduce antibiotic prescribing in rural China: study protocol,BMJ Open,10.1136/bmjopen-2020-048267,"INTRODUCTION: Up to 80% of patients with respiratory tract infections (RTI) attending healthcare facilities in rural areas of China are prescribed antibiotics, many of which are unnecessary. Since 2009, China has implemented several policies to try to reduce inappropriate antibiotic use; however, antibiotic prescribing remains high in rural health facilities. METHODS AND ANALYSIS: A cluster randomised controlled trial will be carried out to estimate the effectiveness and cost effectiveness of...",,Exclude,Review/meta-analysis/editorial,,,,,[AUTO] Strong inclusion signal,HIGH,
REC-0968,OpenAlex,William W. Fisher; Ruth Okediji; Padmashree Gehl Sampath,2022,Fostering Production of Pharmaceutical Products in Developing Countries,Michigan Journal of International Law,10.36642/mjil.43.1.fostering,"The residents of developing countries need pharmaceutical products at least as much as the residents of developed countries. Noncommunicable diseases (such as cancers, cardiovascular disease, and mental-health disorders), which typically are most effectively treated with drugs, are now nearly as common in developing countries as in developed countries. And communicable diseases (such as tuberculosis, HIV, and malaria), the prevention or treatment of which also typically require drugs, continu...",,Exclude,No relevant signals in title or abstract,,,,,[AUTO-R2] Title match - verify,MEDIUM,
REC-0970,OpenAlex,Wudneh Simegn; Getachew Moges,2022,"Antibiotics Self-Medication Practice and Associated Factors Among Residents in Dessie City, Northeast Ethiopia: Community-Based Cross-Sectional Study",Patient Preference and Adherence,10.2147/ppa.s370925,"Background: Taking antibiotics without prescription would result in the emergency of antibiotics resistance. The aim of this study was to assess antibiotics self-medication practice and associated factors among residents in Dessie City, Ethiopia. Methods: A community-based cross-sectional was employed from June to July 2021. A total of 407 participants have been selected from each Kebele by stratified and systematic random sampling techniques. The collected data were checked, translated and e...",,Exclude,No relevant signals in title or abstract,,,,,[AUTO-R2] Title match - verify,MEDIUM,
REC-0974,OpenAlex,Yanhuan Wang; Xinping Zhao; Yurong Li; Na Wang; Feng Jiang et al.,2022,Patterns and Determinants of Antibiotic Use Behaviors among Rural Community Residents in Eastern China,Antibiotics,10.3390/antibiotics11060823,"Inappropriate antibiotic use may lead to antibiotic resistance, which has become a serious global crisis. Addressing suboptimal antibiotic use in the general population can play a significant role in the fight against antimicrobial resistance. This study aims to describe antibiotic use and sources of acquisition, and to identify factors influencing antibiotic access among rural community residents in Eastern China. A cross-sectional survey was conducted from July to August 2020, and 1494 part...",,Exclude,No relevant signals in title or abstract,,,,,[AUTO-R2] Title match - verify,MEDIUM,
REC-0976,PubMed,Zarauz José María; Zafrilla Pilar; Ballester Pura; Cerda Begoña,2022,"Study of the Drivers of Inappropriate Use of Antibiotics in Community Pharmacy: Request for Antibiotics Without a Prescription, Degree of Adherence to Treatment and Correct Recycling of Leftover Treatment.",Infect Drug Resist,10.2147/IDR.S375125,"INTRODUCTION: The WHO considered antibiotic resistance as 1 of the 10 greatest threats to global health in 2019. The inappropriate and indiscriminate use of antibiotics, together with the lack of new therapeutic alternatives, may eradicate their effectiveness in the closest future. OBJECTIVE: The general objective is to analyze the different causes attributable to patients, providers and pharmacists that could be drivers of irrational use of antibiotics, and responsible for the appearance of ...",,Maybe,Possible relevance - verify study design,,,,,[AUTO-R2] Title match - verify,MEDIUM,
REC-0977,PubMed,Zawahir Shukry; Le Hien Thi Thu; Nguyen Thu-Anh; Beardsley Justin; Dang Anh Duc et al.,2022,Inappropriate supply of antibiotics for common viral infections by community pharmacies in Vietnam: A standardised patient survey.,Lancet Reg Health West Pac,10.1016/j.lanwpc.2022.100447,"BACKGROUND: This study aimed to evaluate the appropriateness of antibiotic dispensing of private pharmacies in Vietnam. METHODS: Standardised patient surveys were conducted in randomly selected community pharmacies across 40 districts in Vietnam. Four clinical scenarios were represented by patient actors: (a) an adult requesting treatment for a sibling with a viral upper respiratory tract infection (URTI), (b) a parent requesting treatment for a child with acute diarrhoea, (c) an adult making...",,Exclude,No relevant signals in title or abstract,,,,,[AUTO-R2] Title match - verify,MEDIUM,
REC-0978,PubMed,Zhang Tingting; Lambert Helen; Zhao Linhai; Liu Rong; Shen Xingrong et al.,2022,Antibiotic Stewardship in Retail Pharmacies and the Access-Excess Challenge in China: A Policy Review.,Antibiotics (Basel),10.3390/antibiotics11020141,"In China, efforts to restrict excessive antibiotic consumption may prevent sufficient access to these life-saving drugs among the most deprived in society because of the weak primary health care system. This makes antibiotic stewardship in the retail pharmacy sector a particular challenge. We conducted an analysis to examinate policies on antibiotic sales in retail pharmacies in China and how tensions between 'excess' and 'access' are managed. The analysis was guided by the Walt and Gilson he...",,Maybe,Possible relevance - verify study design,,,,,[AUTO-R2] Title match - verify,MEDIUM,
REC-0981,OpenAlex,Zia Ul Mustafa; Marriam Nazir; Hafiza Kiran Majeed; Muhammad Salman; Khezar Hayat et al.,2022,"Exploring Knowledge of Antibiotic Use, Resistance, and Stewardship Programs among Pharmacy Technicians Serving in Ambulatory Care Settings in Pakistan and the Implications",Antibiotics,10.3390/antibiotics11070921,"Antimicrobial resistance (AMR) is a leading global health threat, increasing morbidity, mortality, and costs, with excessive and irrational use of antimicrobials contributing to the development of AMR. Consequently, the aims of this study were to evaluate the understanding of antibiotic use, AMR, and antimicrobial stewardship programs (ASPs) among pharmacy technicians serving in ambulatory healthcare settings in Pakistan. A cross-sectional survey was conducted among pharmacy technicians servi...",,Exclude,No relevant signals in title or abstract,,,,,[AUTO-R2] Title match - verify,MEDIUM,
REC-0984,PubMed,de Souza Elindayane Vieira; Vieira Lara Joana Santos Caxico; Dos Santos Sylmara Nayara Pereira; Cerqueira-Santos Sabrina; Rocha Kérilin Stancine Santos et al.,2022,Evaluation of pharmacist's practices regarding the antimicrobials dispensing: a simulated patient study.,BMC Health Serv Res,10.1186/s12913-022-08853-y,"BACKGROUND: The indiscriminate use of antimicrobials is considered a major contributing factor to the increase in antimicrobial resistance. Community pharmacies are the main source of access to antimicrobials, and pharmacists are in a strategic position to promote rational use of these medicines. Therefore, it is important to know dispensing service quality. OBJECTIVE: To evaluate the behavior of pharmacists in dispensing antimicrobials in community pharmacies in northeast Brazil. METHODS: Th...",,Maybe,Possible relevance - verify study design,,,,,[AUTO-R2] Title match - verify,MEDIUM,
REC-0986,OpenAlex,Abolaji Azeez; Olubukola Yetunde Azeez; Matthew Ayegboyin,2021,"Breeding Drug Abusers: Patent Medicine Vendors Experiences in Semi-Urban Areas of Ibadan, Nigeria",,10.22624/aims/isteams-2021/v28n2p12,"Indiscriminate drug use consistently constitutes a public health threat in developing countries including Nigeria. Therefore, the study explored PMVs’ experiences to understand the socio-economic factors accountable for the demand and dispensation of multiple drugs to clients. The study was exploratory and qualitative. Through respondents determined survey (RDS), four patent medicine vendors and one pharmacist were recruited into the study for in-depth interviews. The PMVs had at least 7 year...",,Exclude,Wrong outcome - not AB dispensing,,,,,[AUTO-R2] Title match - verify,MEDIUM,
REC-0987,PubMed,Acharya Yubraj; Nepal Prajwol; Yang Di; Karki Kshitij; Bajracharya Deepak et al.,2021,Economic and social drivers of antibiotic dispensing practices among community pharmacies in Nepal.,Trop Med Int Health,10.1111/tmi.13555,OBJECTIVE: To assess economic and social drivers of dispensing antibiotics without prescription by community pharmacies in Nepal. METHOD: A survey was conducted among 111 pharmacy owners and managers in five districts. Information on demographic and economic characteristics of the pharmacies (e.g. revenue and profits from antibiotics) and their inclination to sell antibiotics without a physician's prescription under various scenarios (e.g. diarrhoea in a child) was collected. Univariate analy...,,Exclude,No relevant signals in title or abstract,,,,,[AUTO-R2] Title match - verify,MEDIUM,
REC-0988,OpenAlex,Adeel Aslam; Che Suraya Zin; Norny Syafinaz Ab Rahman; Márió Gajdács; Syed Imran Ahmed et al.,2021,Self-Medication Practices with Antibiotics and Associated Factors among the Public of Malaysia: A Cross-Sectional Study,Drug Healthcare and Patient Safety,10.2147/dhps.s331427,"BACKGROUND: Self-medication with antibiotics (SMA) is an important public health issue, which can result in the facilitated development of antibiotic resistance, and may increase the risk of inappropriate utilization of antibiotics. So, the objective of the present study was to estimate the prevalence rate of SMA and to also explore SMA practices among the lay population of Kuala Lumpur (Malaysia). METHODS: The current study was cross-sectional population-based and used a convenient sampling ...",,Exclude,No relevant signals in title or abstract,,,,,[AUTO-R2] Title match - verify,MEDIUM,
REC-0994,OpenAlex,Airong Zhang; Elizabeth V. Hobman; Paul De Barro; Asaesja Young; David J. Carter et al.,2021,"Self-Medication with Antibiotics for Protection against COVID-19: The Role of Psychological Distress, Knowledge of, and Experiences with Antibiotics",Antibiotics,10.3390/antibiotics10030232,"Self-medication with antibiotics is a major contributing factor to antimicrobial resistance. Prior research examining factors associated with antibiotic self-medication has focused on an individual's knowledge about antibiotics, antibiotic usage practices, accessibility to antibiotic medication, and demographic characteristics. The role of psychological distress associated with perceived health risks in explaining antibiotic self-medication is less understood. This study was designed to addre...",,Exclude,No relevant signals in title or abstract,,,,,[AUTO-R2] Title match - verify,MEDIUM,
REC-1001,PubMed,AlOtieschan Salman; Alsalim Abdulrahman; Albabtain Shahad; Almujahid Munthir; Obeid Dana et al.,2021,Public Perception Toward Ministry of Health Regulations for Antibiotic Dispensing and Its Impact on Pharmacy and Family Physician Visits.,Cureus,10.7759/cureus.14981,"Introduction Antibiotic dispensing regulations have been implemented in most countries worldwide. Saudi Arabia's Ministry of Health (MOH) recently implemented a policy for dispensing antibiotics, in which pharmacies in Saudi Arabia are strictly prohibited from dispensing antibiotics without a medical prescription. Failure to adhere to the regulations will result in a fine and may lead to the revoking of the pharmacy's license. The aim of this study was to investigate public perception among t...",,Exclude,No relevant signals in title or abstract,,,,,[AUTO-R2] Title match - verify,MEDIUM,
REC-1009,OpenAlex,András Szilvay; Orsolya Somogyi; Annamária Dobszay; Attiláné Meskó; Romána Zelkó et al.,2021,Analysis of interaction risks of patients with polypharmacy and the pharmacist interventions performed to solve them—A multicenter descriptive study according to medication reviews in Hungarian community pharmacies,PLoS ONE,10.1371/journal.pone.0253645,"OBJECTIVE: The study examined the Drug-Related Problems (DRPs) of patients with polypharmacy in 78 Hungarian community pharmacies, especially the interaction risks in terms of their clinical severity. Also, the objective was to analyze pharmacists' interventions to solve the identified interaction risks. METHODOLOGY: The research was carried out in the framework of the training of specialist pharmacists at Semmelweis University, with the participation of 78 graduated pharmacists with the coll...",,Exclude,No relevant signals in title or abstract,,,,,[AUTO-R3] Possible intervention study - verify design,MEDIUM,
REC-1018,PubMed,Bahta Merhawi; Weldemariam Dawit G; Tesfamariam Sirak; Tesfamariam Eyasu H; Russom Mulugeta,2021,Determinants of dispensing antibiotics without prescription in Eritrea: a mixed-method qualitative study on pharmacy professionals' perspective.,BMJ Open,10.1136/bmjopen-2021-049000,"OBJECTIVE: Antimicrobial resistance is a global public health challenge. Dispensing of antibiotics without prescription (DAWP), a major contributor to antibiotic resistance, is extensive in Eritrea. This study was, therefore, aimed at deeply understanding, qualitatively, the pharmacy professionals' perspective on the factors that trigger DAWP and how this practice could be mitigated. DESIGN: A qualitative exploratory study design was employed. SETTING: Drug retail outlets of Asmara, capital o...",,Exclude,Qualitative only,,,,,[AUTO] Strong inclusion signal,HIGH,
REC-1026,PubMed,Bianco Aida; Licata Francesca; Trovato Alessandro; Napolitano Francesco; Pavia Maria,2021,Antibiotic-Dispensing Practice in Community Pharmacies: Results of a Cross-Sectional Study in Italy.,Antimicrob Agents Chemother,10.1128/AAC.02729-20,"Inappropriate use of antibiotics in the community contributes to the development of antibiotic resistance (ABR), one of the most concerning issues in modern medicine. The objectives of the study were to investigate the knowledge and attitudes regarding ABR and dispensing antibiotics without prescription (DAwP) and to assess the extent of the practice of DAwP among Italian community pharmacists (CPs). A nationwide cross-sectional study using an anonymous, structured, validated, and pilot-teste...",,Exclude,HIC country,,,,,[AUTO] Strong inclusion signal,HIGH,
REC-1038,OpenAlex,Chigozie Jesse Uneke; I. Obeka; B. I. Uneke; A. Umeokonkwo; Chinwe Nweze et al.,2021,An assessment of nursing mothers’ and young people’s access to proprietary and patent medicine vendors’ services in rural communities of south-eastern Nigeria: implication for review of national drug policy,Journal of Pharmaceutical Policy and Practice,10.1186/s40545-021-00334-7,BACKGROUND: Patent and proprietary medicine vendors (PPMVs) form part of the informal healthcare system and are the first point of call for 75% of Nigerians who live in rural and underserved areas where there is limited access to healthcare services. This group of healthcare providers are located close to communities and are easily accessible to the people. This study seeks to determine how PPMVs influence access to medicines among nursing mothers and young people and how this progresses Sout...,,Exclude,Wrong outcome - not AB dispensing,,,,,[AUTO-R2] Title match - verify,MEDIUM,
REC-1046,OpenAlex,Danladi Chiroma Husaini; Yusuf Abubakar; Lydia Harris-Thurton; David Ditaba Mphuthi,2021,Over-The-Counter Sales of Antibiotics at Community Pharmacies in Belize: A Cross-Sectional Simulated Client Visit study,Integrative Journal of Medical Sciences,10.15342/ijms.2021.455,"Aim: In Belize, antibiotics are categorized as prescription-only drugs, and their sales over the counter without a prescription is prohibited. This study assessed the sales and dispensing of antibiotics in community pharmacies without a prescription. Methods: 36 community pharmacies in 4 districts of Belize were assessed for non-prescription sales of antibiotics using a simulated client method (SCM) approach from September to November 2019. Results: The majority (19; 52.8%) of the community p...",,Maybe,Possible relevance - verify study design,,,,,[AUTO] Strong inclusion signal,MEDIUM,
REC-1047,PubMed,Darwish Rula M; Baqain Ghaida N; Aladwan Hala; Salamah Lina M; Madi Rahaf et al.,2021,"Knowledge, attitudes, and practices regarding antibiotic use and resistance among community pharmacists: a cross sectional study in Jordan.",Int J Clin Pharm,10.1007/s11096-021-01234-1,"Background Antibiotic resistance is a global threat and burden on healthcare systems. One major factor contributing to this problem is inappropriate use of antibiotics, which comprises suboptimal use, misuse, abuse, and dispensing errors. Another important factor is dispensing antibiotics without medical prescription. Many studies considered pharmacists as healthcare providers accountable for this malpractice. Objectives To investigate community pharmacists' knowledge, attitudes, and practice...",,Exclude,No relevant signals in title or abstract,,,,,[AUTO-R2] Title match - verify,MEDIUM,
REC-1049,OpenAlex,Dawit Wondimsigegn; Berhanemeskel Woldegerima; Asefa Adimasu Taddese,2021,"History taking and response to an adult diarrheal case among community drug retail outlets in Gondar town, north-west Ethiopia: a simulated-client survey",Journal of Pharmaceutical Policy and Practice,10.1186/s40545-021-00310-1,"BACKGROUND: Self-care is one of the growing tasks of community pharmacy professionals. They are highly engaged in consultations in response to specific drug request (product-based presentation) or symptoms clients describe (symptom-based presentation). PURPOSE: This study was aimed at assessing the appropriateness of patient assessment and response to an adult diarrheal case among community drug retail outlets in Gondar town, north-west Ethiopia. METHODS: A descriptive cross-sectional study d...",,Maybe,Possible relevance - verify study design,,,,,[AUTO-R2] Title match - verify,MEDIUM,
REC-1050,OpenAlex,Diana Malaeb; Souheil Hallit; Hala Sacre; Clara Rahme; Bassem Malaeb et al.,2021,Preconception exposure to over-the-counter medications and antibiotics and the risk of childhood asthma in Lebanon: A cross-sectional study,Allergologia et Immunopathologia,10.15586/aei.v49i2.46,"OBJECTIVE: The aim of this study was to elucidate the relationship between the mother's use of over-the-counter (OTC) medications during pregnancy and asthma in Lebanese children. METHODS: A cross-sectional study was conducted on Lebanese students in both public and private schools, between January and September 2017, involving 1000 children aged between 4 and 17 years. RESULTS: The intake of any medication as an independent variable throughout pregnancy reveals that being in a public school ...",,Exclude,No relevant signals in title or abstract,,,,,[AUTO-R2] Title match - verify,MEDIUM,
REC-1054,OpenAlex,Doaa Saleh; Rana Abu Farha; Eman Alefishat,2021,Impact of Educational Intervention to Promote Jordanian Community Pharmacists’ Knowledge and Perception Towards Antimicrobial Stewardship: Pre-Post Interventional Study,Infection and Drug Resistance,10.2147/idr.s324865,"OBJECTIVE: The aim of this study was to assess the impact of an online educational workshop on improving the knowledge, and perception of community pharmacists in Jordan towards the antimicrobial stewardship (AMS) and enhancing their ability to appropriately select correct antibiotic therapy. METHODS: This is a pre-post study that was conducted in Jordan in December 2020. An electronic questionnaire was used to assess the awareness, perception of community pharmacists towards AMS, and their a...",,Include,Educational intervention → pharmacist knowledge and AB dispensing (Jordan = LMIC-adjacent; verify),,,,,[AUTO] Strong inclusion signal,HIGH,
REC-1055,OpenAlex,Doaa Saleh; Rana Abu Farha; Feras Darwish Elhajji,2021,Antimicrobial stewardship in community pharmacies in Jordan: assessing current status,Journal of Pharmaceutical Health Services Research,10.1093/jphsr/rmaa028,"Abstract Objectives The aim of this study was to assess knowledge and perceptions of the Jordanian community pharmacists towards antimicrobial resistance and antimicrobial stewardship programmes (ASPs). Methods A descriptive cross-sectional questionnaire-based study was conducted between August and September 2020. The validated questionnaire consisted of sections that measure participants’ demographics, knowledge and perceptions towards ASPs, and assess antibiotic prescribing practice. Questi...",,Exclude,No relevant signals in title or abstract,,,,,[AUTO-R2] Title match - verify,MEDIUM,
REC-1059,OpenAlex,Ebere Emilia Ayogu; Deborah Oyine Aluh; Nneka Uchenna Igboeli,2021,"Self-medication with antibiotics and anti-malarial drugs among rural dwellers in Enugu State, Nigeria",Nigerian Journal of Pharmacy,10.51412/psnnjp.2021.3,"Background: Responsible self-medication is useful in preventing and treating minor illnesses that may not require medical consultation. However, Self-medication has been reported to cause increased costs, increased antimicrobial resistance, prolonged suffffering and drug dependence. This study aimed to assess the practice of and associated risk factors for self-medication with antibiotics and antimalarial drugs among rural dwellers in South-Eastern Nigeria. Methods: The study was a cross sect...",,Exclude,No relevant signals in title or abstract,,,,,[AUTO-R2] Title match - verify,MEDIUM,
REC-1070,OpenAlex,Faiz Ullah Khan; Amjad Khan; Shahid Shah; Khezar Hayat; Usman Abubakar et al.,2021,"Exploring Undergraduate Pharmacy Students Perspectives Towards Antibiotics Use, Antibiotic Resistance, and Antibiotic Stewardship Programs Along With the Pharmacy Teachers’ Perspectives: A Mixed-Methods Study From Pakistan",Frontiers in Pharmacology,10.3389/fphar.2021.754000,"Background: Antibiotic resistance (ABR) is one of the major issues around the globe. Timely education and awareness of pharmacy students regarding the appropriate use of antibiotics, ABR, and antimicrobial stewardships are required. Methods: The present study was first conducted in 12 (public and private sector) universities among undergraduate pharmacy students (UGPS) ( n = 414) irrespective of their study year through a validated questionnaire, and the insights of pharmacy teachers were tak...",,Exclude,No relevant signals in title or abstract,,,,,[AUTO-R2] Title match - verify,MEDIUM,
REC-1072,PubMed,Feng Zhitong; Hayat Khezar; Huang Zhe; Shi Li; Li Pengchao et al.,2021,"Knowledge, attitude, and practices of community pharmacy staff toward antimicrobial stewardship programs: a cross-sectional study from Northeastern China.",Expert Rev Anti Infect Ther,10.1080/14787210.2021.1826307,"BACKGROUND: Antimicrobial resistance is one of the most significant challenges of the twenty-first century, and the illegal sale of antimicrobial drugs at community pharmacies is a driver of antimicrobial resistance. This study explores the knowledge, attitudes, and practices (KAP) of pharmacy staff toward antimicrobial stewardship programs (ASPs). METHODS: We conducted a descriptive cross-sectional study among community pharmacy staff in Northeastern China, from April 1 to 31 May 2019, using...",,Maybe,Possible relevance - verify study design,,,,,[AUTO-R2] Title match - verify,MEDIUM,
REC-1077,OpenAlex,Furqan Khurshid Hashmi; Sitaram Khadka; Mash’hood Mahmood Khan; Saif Ullah Khan; Hamid Saeed et al.,2021,"Antimicrobial Dispensing Sans Legitimate Prescription from Community Pharmacies in Lahore, Pakistan: Implications for Antimicrobial Resistance",Research Square,10.21203/rs.3.rs-152711/v1,Abstract Background: The use of antimicrobials and their acquisition from pharmacies without prescription is on the rise in low-and middle-income countries contributing towards the emergence of antimicrobial resistance (AMR). The study aims to determine factors influencing the non-prescription dispensing of antibiotics from community pharmacies and implications in AMR.Methods: A questionnaire-based cross-sectional survey was conducted from January 2019 to September 2019 in Lahore city of Paki...,,Exclude,No relevant signals in title or abstract,,,,,[AUTO-R2] Title match - verify,MEDIUM,
REC-1082,OpenAlex,Gerard Porter; Anita Kotwani; Lovleen Bhullar; Jyoti Joshi,2021,Over-the-counter sales of antibiotics for human use in India: The challenges and opportunities for regulation,Medical Law International,10.1177/09685332211020786,"This article assesses the regulatory framework relating to over-the-counter (OTC) sales of antibiotics for human use in India. The OTC sale of antibiotics is recognised as a pathway for the emergence of antimicrobial resistance (AMR); a serious public health challenge in need of urgent regulatory responses. Analytically, this article identifies opportunities within existing laws in India and highlights gaps that need to be filled by modifying existing laws or developing new ones. Conceptually...",,Exclude,No relevant signals in title or abstract,,,,,[AUTO-R2] Title match - verify,MEDIUM,
REC-1084,OpenAlex,Ghada L. Elkbuli,2021,Prevalence of self-medication phenomenon with antibiotics among university pharmacy students,Zenodo (CERN European Organization for Nuclear Research),10.5281/zenodo.5805961,Self-medication with antibiotics is becoming a trend that threats the health systems worldwide through developing bacterial resistance which is associated with high health care costs and increased rate of morbidity and mortality. The main objective of this study is to assess antibiotic self-medication practice among Libyan university pharmacy students. This is a cross-sectional study conducted among pharmacy students at Sabratha University in the western region of Libya. A validated questionn...,,Exclude,No relevant signals in title or abstract,,,,,[AUTO-R2] Title match - verify,MEDIUM,
REC-1085,PubMed,Gillani Ali Hassan; Chang Jie; Aslam Fahmida; Saeed Amna; Shukar Sundus et al.,2021,"Public knowledge, attitude, and practice regarding antibiotics use in Punjab, Pakistan: a cross-sectional study.",Expert Rev Anti Infect Ther,10.1080/14787210.2021.1823216,"OBJECTIVES: Public awareness about antibiotics use is critical in antimicrobial resistance. We evaluated knowledge, attitudes, and practices among the general population of Punjab, Pakistan in this cross-sectional study. METHODS: We used a 50-item questionnaire to collect information on participant demographics, knowledge, and attitudes about antibiotics use and to evaluate the practices of taking antibiotics without a doctor's prescription. RESULTS: Of the 2106 participants who completed sur...",,Exclude,No relevant signals in title or abstract,,,,,[AUTO-R3] Possible intervention study - verify design,MEDIUM,
REC-1089,OpenAlex,Haedar A. AL-Biati; Ahmed H. Abdulkareem; Mohamed K. Abood,2021,Clinical Pharmacist Intervention In Prescription of Ceftriaxone Use in Community Pharmacy,Indian Journal of Forensic Medicine & Toxicology,10.37506/ijfmt.v15i3.16191,"Background: Antibiotics are one of the most commonly prescribed drugs today. Rational use of antibioticsis extremely important as injudicious use can adversely affect the patient, cause emergence of antibioticresistance and increase the cost of health care; Antibiotics resistance is out of the scope of this study.Methods: This study was carried out on (600) patients with age range (34.4±16.9 years), of both sexes;to whom ceftriaxone was prescribed for different medical and surgical causes tha...",,Exclude,No relevant signals in title or abstract,,,,,[AUTO] Strong inclusion signal,MEDIUM,
REC-1096,OpenAlex,Irina Kazaryan; A Sevikyan; L Vardanyan; A Amirkhanyan; M Melikyan,2021,Dispensing antibiotics without prescription at pharmacies: barriers and strategies for improvement,European Journal of Public Health,10.1093/eurpub/ckab165.366,"Abstract Background Antimicrobial resistance (AMR) is a worldwide public health challenge, and non-prudent use of antibiotics is one of key drivers of AMR. In some countries antibiotics are often sold without a prescription at pharmacies. In Armenia this problem is also observed despite national regulation. The objective of this work was to identify perception of pharmacy staff on main barriers for dispensing antibiotics with a prescription at community pharmacies and perceived strategies for...",,Maybe,Possible relevance - verify study design,,,,,[AUTO-R2] Title match - verify,MEDIUM,
REC-1099,OpenAlex,James‐Paul Kretchy; Stephen Kwame Adase; Martha Gyansa‐Lutterodt,2021,"The prevalence and risks of antibiotic self-medication in residents of a rural community in Accra, Ghana",Scientific African,10.1016/j.sciaf.2021.e01006,"Antibiotic self-medication (ASM) is widespread, thus contributing to the increasing global burden of antimicrobial resistance. Even though there exists sufficient research on urban communities, knowledge on ASM among rural dwellers in Accra is limited. The aim of the study was to investigate the prevalence and risks of antibiotic self-medication among residents of the rural community of Abokobi sub-municipality of Greater Accra Region of Ghana. A community-based cross-sectional survey with mu...",,Exclude,No relevant signals in title or abstract,,,,,[AUTO-R2] Title match - verify,MEDIUM,
REC-1105,OpenAlex,Joseph Mumba Zulu; Doreen Sitali; Zubin Cyrus Shroff; Geetanjali Lamba; George Sichone et al.,2021,Barriers and facilitators for integration of guidelines on operating health shops: a case of family planning services,Journal of Pharmaceutical Policy and Practice,10.1186/s40545-021-00337-4,"BACKGROUND: The Zambia Medicines Regulatory Authority (ZAMRA) piloted the implementation of Guidelines on Operating Health Shops in Zambia in 2016, with a view to making basic medicines more accessible to communities. The guidelines aim to transform ordinary drug shops into health shops, which are dispensing facilities permitted to sell a ZAMRA-prescribed list of medicines over the counter. However, studies that explore the integration and uptake of guidelines into the health system are lacki...",,Exclude,No relevant signals in title or abstract,,,,,[AUTO-R3] Possible intervention study - verify design,MEDIUM,
REC-1112,OpenAlex,Kassem Kassak; Ayat R A Hijazi; Zeinab Jammoul; Sukaina Fares,2021,"Antibiotic Use: Knowledge, Attitude and Practices of a Southern Community in Lebanon",European Journal of Environment and Public Health,10.21601/ejeph/11111,"Background: The irrational use of antibiotics is one of the leading causes to antibiotic resistance affecting the public’s health. This study aimed at examining the public’s knowledge, attitude, and practice in a Southern village of Lebanon. Methods: A quantitative cross-sectional survey was conducted in Haddatha Village-Beint Jbeil in South Lebanon during the month of October 2017. The target population for the survey included Lebanese adults (21 years of age or older) that had been living i...",,Exclude,No relevant signals in title or abstract,,,,,[AUTO-R2] Title match - verify,MEDIUM,
REC-1113,OpenAlex,Kelechi Eguzo; C Onodugo; Usenime Akpanudo; P Egharevba; Nancy Onwueyi et al.,2021,"Knowledge, practices, and training outcomes regarding antimicrobial stewardship among Patent Medicine Vendors in Abia State-Nigeria",Ibom Medical Journal,10.61386/imj.v14i2.63,"Background: Patent medicine vendors (PMVs) have become a major source of medicines in Nigeria, especially for acute conditions. Although they are prohibited from selling antibiotics, PMVs stock, and dispense antibiotics in communities. They are often the closest source of these medications to the populace. A basic knowledge of proper antimicrobial use is required for safe practice with them.Objective: To explore the antimicrobial related knowledge and practices of patent medicine vendors in A...",,Exclude,Wrong outcome - not AB dispensing,,,,,[AUTO-R2] Title match - verify,MEDIUM,
REC-1134,PubMed,Malik Usman Rashid; Chang Jie; Hashmi Furqan; Atif Naveel; Basir Hareem et al.,2021,"A Simulated Client Exploration of Nonprescription Dispensing of Antibiotics at Drugstores for Pediatric Acute Diarrhea and Upper Respiratory Infection in Lahore, Pakistan.",Infect Drug Resist,10.2147/IDR.S301812,"INTRODUCTION: The excessive consumption of antibiotics is a significant contributor to antimicrobial resistance, especially in children. Children are often advised antibiotics for viral infections. In developing countries, drugstores are a prime source of easy access to nonprescription antibiotics. Moreover, in Pakistan, their irrational use is an ""everyday routine"". The study, therefore, aimed to evaluate the dispensing of nonprescription antibiotics to children. METHODS: Using pediatric acu...",,Maybe,Possible relevance - verify study design,,,,,[AUTO] Strong inclusion signal,MEDIUM,
REC-1140,OpenAlex,May Me Thet; Myat Noe Thiri Khaing; Su Su Zin; Sandar Oo; Ye Kyaw Aung et al.,2021,Role of small private drug shops in malaria and tuberculosis programs in Myanmar: a cross-sectional study,Journal of Pharmaceutical Policy and Practice,10.1186/s40545-021-00335-6,BACKGROUND: The role of community drug shops in providing primary care has been recognized as important in Myanmar as in other countries. The contribution by private community drug shops to National Tuberculosis case notifications and National Malaria testing and positive cases is significant. Population Services International Myanmar (PSI/Myanmar) has been successfully training and engaging community drug shops to screen presumptive Tuberculosis to make referrals to public health clinics and...,,Exclude,No relevant signals in title or abstract,,,,,[AUTO-R2] Title match - verify,MEDIUM,
REC-1142,OpenAlex,Meenakshi Gautham; Neil Spicer; Soumyadip Chatterjee; Catherine Goodman,2021,What are the challenges for antibiotic stewardship at the community level? An analysis of the drivers of antibiotic provision by informal healthcare providers in rural India,Social Science & Medicine,10.1016/j.socscimed.2021.113813,"In many low- and middle-income countries, providers without formal training are an important source of antibiotics, but may provide these inappropriately, contributing to the rising burden of drug resistant infections. Informal providers (IPs) who practise allopathic medicine are part of India's pluralistic health system legacy. They outnumber formal providers but operate in a policy environment of unclear legitimacy, creating unique challenges for antibiotic stewardship. Using a systems appr...",,Exclude,No relevant signals in title or abstract,,,,,[AUTO-R2] Title match - verify,MEDIUM,
REC-1164,OpenAlex,Nataly Isabel; Ahmet Efe; Oluwatobi Joshua,2021,"ACCESSIBILITY AND USE OF ANTIBIOTICS AMONG PATIENTS VISITING COMMUNITY PHARMACIES IN BENIN CITY, NIGERIA",African Journal of Health Safety and Environment,10.52417/ajhse.v2i2.170,"Antibiotic resistance is an increasing problem worldwide. Among contributory factors is increasing easy access to antibiotics which is a trend in developing countries. The objective of this study is to determine the accessibility and use of antibiotics. A descriptive cross-sectional study was conducted in eight community pharmacies in Benin City, Nigeria. A structured questionnaire was used for data collection. Administrative approval was obtained from the superintendent pharmacists, while in...",,Exclude,No relevant signals in title or abstract,,,,,[AUTO-R2] Title match - verify,MEDIUM,
REC-1166,PubMed,Ndaki Pendo M; Mushi Martha F; Mwanga Joseph R; Konje Eveline T; Ntinginya Nyanda E et al.,2021,Dispensing Antibiotics without Prescription at Community Pharmacies and Accredited Drug Dispensing Outlets in Tanzania: A Cross-Sectional Study.,Antibiotics (Basel),10.3390/antibiotics10081025,"Worldwide, antimicrobial resistance is increasing rapidly and is associated with misuse of antimicrobials. The HATUA study (a broader 3-country study) investigated the antibiotic dispensing practices of pharmaceutical providers to clients, particularly the propensity to dispense without prescription. A cross-sectional study using a 'mystery client' method was conducted in 1148 community pharmacies and accredited drugs dispensing outlets (ADDO) in Mwanza (",,Maybe,Intervention + AB outcome - verify community pharmacy setting,,,,,[AUTO-R2] Title match - verify,MEDIUM,
REC-1169,OpenAlex,Nim Bahadur Dangi; Sangam Subedi; Mahasagar Gyawali; Ashish Kumar Bhattarai; Tulsi Ram Bhandari,2021,"Medical abortion kit dispensing practices of community pharmacies in Pokhara Metropolitan, Nepal",PLoS ONE,10.1371/journal.pone.0244969,"BACKGROUND: Medical abortion (MA) refers to the use of medicines to terminate the pregnancy. There is an urgent need to spread safe abortion services in the community. This study assessed the MA kit dispensing practices of community pharmacies in Pokhara Valley, Nepal. METHODS: A cross-sectional descriptive study was conducted in Pokhara Valley, Nepal from December 2017 to November 2018. Among the community pharmacies of Pokhara Valley, 115 community pharmacies were selected using a consecuti...",,Exclude,No relevant signals in title or abstract,,,,,[AUTO-R2] Title match - verify,MEDIUM,
REC-1170,PubMed,Nizame Fosiul Alam; Shoaib Dewan Muhammad; Rousham Emily K; Akter Salma; Islam Mohammad Aminul et al.,2021,Barriers and facilitators to adherence to national drug policies on antibiotic prescribing and dispensing in Bangladesh.,J Pharm Policy Pract,10.1186/s40545-021-00342-7,"BACKGROUND: The National Drug Policy in Bangladesh prohibits the sale and distribution of antibiotics without prescription from a registered physician. Compliance with this policy is poor; prescribing antibiotics by unqualified practitioners is common and over-the-counter dispensing widespread. In Bangladesh, unqualified practitioners such as drug shop operators are a major source of healthcare for the poor and disadvantaged. This paper reports on policy awareness among drug shop operators an...",,Maybe,Community pharmacy + LMIC + AB dispensing - verify study design for intervention arm,,,,,[AUTO-R3] Possible intervention study - verify design,MEDIUM,
REC-1172,PubMed,Onah Cosmas Kenan; Azuogu Benedict Ndubueze; Ossai Edmund Ndudi; Agu Adaoha Pearl; Ogbonnaya Lawrence Ulu et al.,2021,Practices toward presumptive tuberculosis clients among patent medicine vendors in Ebonyi State Nigeria.,Int J Mycobacteriol,10.4103/ijmy.ijmy_2_21,"BACKGROUND: Tuberculosis (TB) is a major cause of ill-health and death globally but a serious challenge to its control is low case notification. In low- and middle-income countries, most patients with symptoms of the disease first seek care from patent medicine vendors (PMVs) who are not formerly trained to manage TB. The practices of PMVs toward presumptive TB are pivotal to control of TB. AIM: The aim of this study was to describe the pattern of practices toward presumptive TB and assess th...",,Exclude,Wrong outcome - not AB dispensing,,,,,[AUTO-R2] Title match - verify,MEDIUM,
REC-1179,PubMed,Poudel Ramesh Sharma; Shrestha Shakti; Adhikari Shital,2021,Dispensing of antibiotics without a prescription by community pharmacies in Nepal: A call for action.,Public Health Pract (Oxf),10.1016/j.puhip.2021.100117,,,Maybe,No abstract - cannot screen; retrieve full text,,,,,[AUTO-R2] Title match - verify,LOW,
REC-1184,OpenAlex,R. K. A. B. Nayanathara; B. G. V. A. N. S. Jayasinghe,2021,"Counselling Patterns of Community Pharmacies when Dispensing Antibiotics in Galle DS Division, Sri Lanka",International journal of KIU,10.37966/ijkiu2021021013,"Antibiotic resistance has been identified as a significant health issueacross the world. Inappropriate antibiotics prescribing by physicians, dispensing antibiotics without prescription and counseling by pharmacists, and the misuse of antibiotics by patients make them chief parties responsible for this global problem. Community pharmacists have a major responsibility to counsel the patients before dispensing antibiotics. The objectives of this study was to investigate the counselling patterns...",,Exclude,No relevant signals in title or abstract,,,,,[AUTO-R3] Possible intervention study - verify design,MEDIUM,
REC-1191,OpenAlex,Rozhan Arif Muhammed; Ahmed H. Al-Ani; Ali Omar Yassen,2021,Self-Medication with Antibiotic among Public Population in Erbil City,Journal of Pharmaceutical Research International,10.9734/jpri/2021/v33i44b32649,"Self-medication is the administration of medications without a medical prescription to manage self-diagnosed health problems or symptoms. Self-medication with antibiotics is a global phenomenon, and it is more common in developing countries due to poor regulatory controls. The aim of this study was to evaluate the prevalence of self-medication with antibiotics in Erbil city, Iraq. This was an observational cross-sectional study involving a total of 100 people from the public population in Erb...",,Exclude,No relevant signals in title or abstract,,,,,[AUTO-R2] Title match - verify,MEDIUM,
REC-1192,PubMed,Rusic Doris; Bozic Josko; Bukic Josipa; Vilovic Marino; Tomicic Marion et al.,2021,Antimicrobial Resistance: Physicians' and Pharmacists' Perspective.,Microb Drug Resist,10.1089/mdr.2020.0272,,,Maybe,No abstract - cannot screen; retrieve full text,,,,,[AUTO-R2] Title match - verify,LOW,
REC-1202,OpenAlex,Sayeda Nazrina; M. S. Rahman; Rubiat Naznin,2021,Antibiotic Dispensing Practice by Medicine Sellers in Dhaka City-A Cross-Sectional Study,Community Based Medical Journal,10.3329/cbmj.v9i1.56766,"Dispensing antibiotics without prescription is a potential source of inappropriate use. Improvement of antibiotic use is very important in developing countries like Bangladesh. This cross-sectional observational study was conducted in Dhaka city, Bangladesh among 100 purposively selected medicine shops to observe antibiotic dispensing practices of medicine sellers on request for the treatment of nonspecific Upper Respiratory Tract Infection (URTI). Actual practice was assessed with simulated ...",,Exclude,No relevant signals in title or abstract,,,,,[AUTO-R3] Possible intervention study - verify design,MEDIUM,
REC-1203,OpenAlex,Shannon McKinn; Duy Hoang Trinh; Dorothy Drabarek; Thao Thu Trieu; Phuong Nguyen et al.,2021,Drivers of antibiotic use in Vietnam: implications for designing community interventions,BMJ Global Health,10.1136/bmjgh-2021-005875,"INTRODUCTION: Antimicrobial resistance is a global challenge that threatens our ability to prevent and treat common infectious diseases. Vietnam is affected by high rates of antimicrobial resistant infections, driven by the overuse of antibiotics and the Vietnamese government has recognised antimicrobial resistance as a health security priority. This study aimed to understand how people in Vietnam use antibiotics in community settings, and the factors that impact their practices and decision-...",,Exclude,No relevant signals in title or abstract,,,,,[AUTO-R2] Title match - verify,MEDIUM,
REC-1206,OpenAlex,Shukry Zawahir; Hien Thi Thu Le; Thu Anh Nguyen; Justin Beardsley; Anh Dang Duc et al.,2021,Standardised patient study to assess tuberculosis case detection within the private pharmacy sector in Vietnam,BMJ Global Health,10.1136/bmjgh-2021-006475,"BACKGROUND: Of the estimated 10 million people affected by (TB) each year, one-third are never diagnosed. Delayed case detection within the private healthcare sector has been identified as a particular problem in some settings, leading to considerable morbidity, mortality and community transmission. Using unannounced standardised patient (SP) visits to the pharmacies, we aimed to evaluate the performance of private pharmacies in the detection and treatment of TB. METHODS: A cross-sectional st...",,Exclude,No relevant signals in title or abstract,,,,,[AUTO-R2] Title match - verify,MEDIUM,
REC-1207,PubMed,Siltrakool Budh; Berrou Ilhem; Griffiths David; Alghamdi Saleh,2021,"Antibiotics' Use in Thailand: Community Pharmacists' Knowledge, Attitudes and Practices.",Antibiotics (Basel),10.3390/antibiotics10020137,"Thailand spends $203 million on antibiotics every year, and patients can still access antimicrobials over the counter without a prescription. Community pharmacy plays a pivotal role in improving access and ensuring the appropriate use of antimicrobials. However, little is known about current practices in this setting. This study aims to assess Thai community pharmacists' knowledge, attitudes and practices (KAP) regarding antimicrobials' use and resistance. A cross-sectional study was conducte...",,Exclude,No relevant signals in title or abstract,,,,,[AUTO-R2] Title match - verify,MEDIUM,
REC-1208,PubMed,Sim Tin Fei; Chalmers Leanne; Czarniak Petra; Hughes Jeffery; Iacob Rebecca et al.,2021,Point-of-care C-reactive protein testing to support the management of respiratory tract infections in community pharmacy: A feasibility study.,Res Social Adm Pharm,10.1016/j.sapharm.2021.01.004,"BACKGROUND: Point-of-care (POC) C-reactive protein (CRP) testing is employed in European primary care settings to differentiate viral from bacterial respiratory tract infections (RTIs) the latter, requiring referral for antibiotics. This service has yet to be trialled in Australian community pharmacy to support over-the-counter RTI management. OBJECTIVES: To evaluate the feasibility, based on clinical and operational outcomes, of POC CRP testing to support Western Australian community pharmac...",,Exclude,HIC country,,,,,[AUTO] Strong inclusion signal,HIGH,
REC-1227,PubMed,Wulandari Luh Putu Lila; Khan Mishal; Liverani Marco; Ferdiana Astri; Mashuri Yusuf Ari et al.,2021,Prevalence and determinants of inappropriate antibiotic dispensing at private drug retail outlets in urban and rural areas of Indonesia: a mixed methods study.,BMJ Glob Health,10.1136/bmjgh-2021-004993,INTRODUCTION: The aim of this mixed-method study was to determine the extent and determinants of inappropriate dispensing of antibiotics by licensed private drug retail outlets in Indonesia. METHODS: Standardised patients (SPs) made a total of 495 visits to 166 drug outlets (community pharmacies and drug stores) between July and August 2019. The SPs presented three clinical cases to drug outlet staff: parent of a child at home with diarrhoea; an adult with presumptive tuberculosis (TB); and a...,,Exclude,Wrong outcome - not AB dispensing,,,,,[AUTO-R2] Title match - verify,MEDIUM,
REC-1229,OpenAlex,Xiaoxv Yin; Ketao Mu; Heping Yang; Jing Wang; Zhenyuan Chen et al.,2021,Prevalence of self-medication with antibiotics and its related factors among Chinese residents: a cross-sectional study,Antimicrobial Resistance and Infection Control,10.1186/s13756-021-00954-3,"BACKGROUND: Self-medication is one of the most common forms of inappropriate use of antibiotics. This study aimed to assess the prevalence of self-medication with antibiotics (SMA) in China and evaluate the related factors. METHODS: A cross-sectional survey was conducted in Wuhan, Hubei, China from July 1, 2019 to July 31, 2019. Participants were recruited in public places to answer a structured questionnaire. The information of participants' social demographic characteristics, antibiotic kno...",,Exclude,No relevant signals in title or abstract,,,,,[AUTO-R2] Title match - verify,MEDIUM,
REC-1232,OpenAlex,Yan Luo; Xuewen Tang; Linling Ding; Zhujun Shao; Jianxing Yu et al.,2021,Non-prescriptionxx antibiotic use for people aged 15 years or older for cough in China: a community-based survey,Antimicrobial Resistance and Infection Control,10.1186/s13756-021-00998-5,"BACKGROUND: Non-prescription antibiotic use at community is a main driver of antimicrobial resistance. Cough is a common condition and prevalent in all townships, including China. This study aims to investigate the non-prescription antibiotic use for cough in China and explore to which extent antibiotic use knowledge was correctly instructed in communities. METHODS: A probability-proportionate-to-size sampling method was adopted to survey from all 14 townships in Yiwu city, China. All partici...",,Exclude,No relevant signals in title or abstract,,,,,[AUTO-R2] Title match - verify,MEDIUM,
REC-1235,OpenAlex,Zaheer‐Ud‐Din Babar,2021,Ten recommendations to improve pharmacy practice in low and middle-income countries (LMICs),Journal of Pharmaceutical Policy and Practice,10.1186/s40545-020-00288-2,"Medicines are important health interventions and their appropriate use could improve health outcomes. Throughout the globe, pharmacists play a very important role to improve the use of medicines. Though high-income countries are debating on futuristic approaches, independent prescribing of pharmacists, clinical skills, and to expand pharmacy services; a large majority of low and middle-income countries still lag behind to strengthen pharmacy practice. This paper presents a key set of recommen...",,Exclude,No relevant signals in title or abstract,,,,,[AUTO-R2] Title match - verify,MEDIUM,
REC-1237,OpenAlex,Zhongliang Zhou; Dantong Zhao; Huarui Zhang; Chi Shen; Dan Cao et al.,2021,Understanding parental self-medication with antibiotics among parents of different nationalities: a cross-sectional study,Global Health Research and Policy,10.1186/s41256-021-00226-y,"BACKGROUND: There is an increasing trend on the practices of parental self-medication with antibiotics (PSMA) around world, accelerating the antibiotic abuse. This study aims to examine the nationality differences in the practices of PSMA and knowledge, attitudes and practices (KAP) toward antibiotic use, and understand the practices of PSMA among parents of various nationalities in China. METHODS: A cross-sectional study based on a structured questionnaire survey was conducted in Xi'an, Shaa...",,Exclude,No relevant signals in title or abstract,,,,,[AUTO-R2] Title match - verify,MEDIUM,
REC-1238,PubMed,Zhu Yao; Tang Xuewen; Yan Rui; Shao Zhujun; Zhou Yang et al.,2021,Non-prescription antibiotic use for cough among Chinese children under 5 years of age: a community-based cross-sectional study.,BMJ Open,10.1136/bmjopen-2021-051372,OBJECTIVE: This study aimed to investigate the non-prescription use of antibiotics for cough among children under 5 years in China. DESIGN: A community-based cross-sectional survey. SETTING: A face-to-face interview based on a standard questionnaire in the community from October to December 2019. PARTICIPANTS: A total of 3102 children under 5 years of age were enrolled with probability proportionate to size sampling method. The children's caregivers provided the responses as their agents. OUT...,,Maybe,Possible relevance - verify study design,,,,,[AUTO-R2] Title match - verify,MEDIUM,
REC-1245,PubMed,Abubakar Usman; Tangiisuran Balamurugan,2020,Knowledge and practices of community pharmacists towards non-prescription dispensing of antibiotics in Northern Nigeria.,Int J Clin Pharm,10.1007/s11096-020-01019-y,"Background Non-prescription dispensing of antibiotics is common in Nigeria and this could contribute to the emergence of microbial resistance. Objectives To evaluate knowledge, perception and practices of community pharmacists towards dispensing antibiotics without prescription. Setting Community pharmacies in two cities in Northern Nigeria. Methods A prospective cross-sectional study was conducted among community pharmacists in two cities in Northern Nigeria, using a validated and pilot-test...",,Exclude,No relevant signals in title or abstract,,,,,[AUTO-R2] Title match - verify,MEDIUM,
REC-1253,OpenAlex,Aimerance Bahati Ntizala; Tresor Yoshua Mulume; Bernard Lukundja Runyeruka; Antoine Sadiki Kishabongo,2020,Antibiotic Dispensing Practices in Community Pharmacies: A Major Health Concern in the Eastern Democratic Republic of Congo,Journal of Pharmaceutical Research International,10.9734/jpri/2020/v32i1430603,"Aims: The practice of antibiotic dispensing in community pharmacies may contribute to irrational use of antibiotics. The aim of this study was to evaluate the antibiotic dispensing patterns in community pharmacies of the Eastern DRCongo. Methods: It is a cross-sectional study carried out at Bukavu city. The study included 1504 subjects attending community pharmacies. Thus, a total number of 40 pharmacies were selected. The sociodemographic profiles of patients and dispensers were also recorde...",,Exclude,No relevant signals in title or abstract,,,,,[AUTO-R2] Title match - verify,MEDIUM,
REC-1255,PubMed,Al-Tannir Mohamad; Altannir Youssef; Altannir Mustafa; AlFayyad Isamme,2020,"Community pharmacy sales of non-prescribed antibiotics in Riyadh, Saudi Arabia: a simulated patient study.",Int J Clin Pharm,10.1007/s11096-020-01033-0,"Background The increased dispensing of non-prescribed antibiotics increases the public health problem of antimicrobial resistance. In April 2018, the Saudi Ministry of Health reinforced the disciplinary regulations of banning pharmacies from selling antibiotics without a medical prescription. Objective To assess the rate of non-prescribed antibiotic sales by community pharmacies and compare it with the findings from our 2011 study. Setting Community pharmacies, Riyadh City, Saudi Arabia. Meth...",,Maybe,Possible relevance - verify study design,,,,,[AUTO-R2] Title match - verify,MEDIUM,
REC-1256,PubMed,AlRukban Mohammed; AlRuthia Yazed; Almasaoud Majed; Al-Owairdhi Mohammad; Alsouan Anwar et al.,2020,Community Pharmacists' Views of the Enforced Antibiotics Dispensing Law and Its Impact on Oral Antibiotics Sales in Saudi Arabia.,Risk Manag Healthc Policy,10.2147/RMHP.S278404,"OBJECTIVES: The aim of this study was to explore community pharmacists' views toward the antibiotics dispensing law that was enforced in May 2018 and bans the sale of antibiotics without a prescription in community pharmacy settings in Saudi Arabia. Moreover, the potential impact of the law enforcement on the sales of oral antibiotics in Saudi Arabia was also explored. METHODS: A questionnaire-based cross-sectional study was conducted between September 2019 and March 2020 in Riyadh, Saudi Ara...",,Exclude,No relevant signals in title or abstract,,,,,[AUTO-R2] Title match - verify,MEDIUM,
REC-1264,PubMed,Allison Rosalie; Chapman Sarah; Howard Philip; Thornley Tracey; Ashiru-Oredope Diane et al.,2020,Feasibility of a community pharmacy antimicrobial stewardship intervention (PAMSI): an innovative approach to improve patients' understanding of their antibiotics.,JAC Antimicrob Resist,10.1093/jacamr/dlaa089,"BACKGROUND: Community pharmacy staff have an opportunity to play a pivotal role in antimicrobial stewardship (AMS) due to their expertise in medicines and accessibility to patients. OBJECTIVES: To develop and test the feasibility of a pharmacy AMS intervention (PAMSI) to increase community pharmacy staff's capability, opportunity and motivation to check antibiotic appropriateness and provide self-care and adherence advice when dispensing antibiotics. METHODS: The PAMSI was centred around an A...",,Maybe,Possible relevance - verify study design,,,,,[AUTO] Strong inclusion signal,MEDIUM,
REC-1265,PubMed,Alrasheedy Alian A; Alsalloum Muath A; Almuqbil Feras A; Almuzaini Muaath A; Aba Alkhayl Bandar S et al.,2020,The impact of law enforcement on dispensing antibiotics without prescription: a multi-methods study from Saudi Arabia.,Expert Rev Anti Infect Ther,10.1080/14787210.2020.1705156,,,Maybe,No abstract - cannot screen; retrieve full text,,,,,[AUTO-R2] Title match - verify,LOW,
REC-1268,OpenAlex,Amom Tor-Anyiin; Aondoasee Gwa; Rose Okonkwo; I Tor-Anyiin; Akogwu Abuh,2020,"Prevalence and Perception of Pharmacists on Dispensing Prescription Only Medication without Prescription in Makurdi, Benue State, Nigeria",European Journal of Medical and Health Sciences,10.24018/ejmed.2020.2.3.323,"Background: Currently in Nigeria, prescription only medicines are supposed to be dispensed only with a prescription. The study aimed to reveal the prevalence of prescription only medicine without a prescription and the perception of community pharmacist in Makurdi, Benue State Nigeria towards the phenomenon. Method: The study was carried out between February–April 2019 using simulated patient approach and administration of questionnaire on the pharmacists. Result: Forty pharmacies were survey...",,Exclude,No relevant signals in title or abstract,,,,,[AUTO-R3] Possible intervention study - verify design,MEDIUM,
REC-1275,OpenAlex,Andi Hermansyah; Luh Putu Lila Wulandari; Susi Ari Kristina; Sherly Meilianti,2020,Primary health care policy and vision for community pharmacy and pharmacists in Indonesia,Pharmacy Practice,10.18549/pharmpract.2020.3.2085,"The practice of community pharmacy in low and middle-income countries, including in Indonesia, is often described as in the state of infancy with several intractable barriers that have been substantially and continuously hampering the practice. Such description might be valid in highlighting how pharmacy is practiced and the conditions within and beyond community pharmacy organizations. Therefore, it is not surprising that the concept of integrating community pharmacy into the primary care sy...",,Exclude,No relevant signals in title or abstract,,,,,[AUTO-R2] Title match - verify,MEDIUM,
REC-1276,OpenAlex,Anna Sallis; Paulina Bondaronek; Jet G. Sanders; Ly‐Mee Yu; Victoria Harris et al.,2020,Prescriber Commitment Posters to Increase Prudent Antibiotic Prescribing in English General Practice: A Cluster Randomized Controlled Trial,Antibiotics,10.3390/antibiotics9080490,Unnecessary antibiotic prescribing contributes to Antimicrobial Resistance posing a major public health risk. Estimates suggest as many as half of antibiotics prescribed for respiratory infections may be unnecessary. We conducted a three-armed unblinded cluster randomized controlled trial (ISRCTN trial registry 83322985). Interventions were a commitment poster (CP) advocating safe antibiotic prescribing or a CP plus an antimicrobial stewardship message (AM) on telephone appointment booking li...,,Exclude,Prescriber commitment → GP prescribing - not community pharmacy dispensing,,,,,[AUTO] Strong inclusion signal,HIGH,
REC-1280,PubMed,Asghar Saima; Atif Muhammad; Mushtaq Irem; Malik Iram; Hayat Khezar et al.,2020,Factors associated with inappropriate dispensing of antibiotics among non-pharmacist pharmacy workers.,Res Social Adm Pharm,10.1016/j.sapharm.2019.09.003,"BACKGROUND: Pharmacies are a primary source of healthcare services in low and middle income countries, especially where patient to physician ratio is low. Due to the wide variability in the training of pharmacy workers, inappropriate antibiotic dispensing is common, which increases the risk of poor therapeutic outcomes and antibiotic resistance. OBJECTIVES: This study aims to understand the factors that drive the inappropriate dispensing of antibiotics among pharmacy workers in Bahawalpur, Pa...",,Exclude,No relevant signals in title or abstract,,,,,[AUTO] Strong inclusion signal,MEDIUM,
REC-1281,PubMed,Ashiru-Oredope Diane; Doble Anne; Thornley Tracey; Saei Ayoub; Gold Natalie et al.,2020,Improving Management of Respiratory Tract Infections in Community Pharmacies and Promoting Antimicrobial Stewardship: A Cluster Randomised Control Trial with a Self-Report Behavioural Questionnaire and Process Evaluation.,Pharmacy (Basel),10.3390/pharmacy8010044,"In England, 81% of all antibiotic prescriptions originate in primary care/community settings, of which up to 20% are thought to be inappropriate. Community pharmacies are often the first point of community contact for patients with suspected infections; providing an opportunity for community pharmacy teams to promote antimicrobial stewardship (AMS). The objective of the study was to improve the management of infections and antimicrobial stewardship in community pharmacies. The study methodolo...",,Exclude,HIC country,,,,,[AUTO] Strong inclusion signal,HIGH,
REC-1286,PubMed,Bahta Merhawi; Tesfamariam Sirak; Weldemariam Dawit G; Yemane Hermella; Tesfamariam Eyasu H et al.,2020,Dispensing of antibiotics without prescription and associated factors in drug retail outlets of Eritrea: A simulated client method.,PLoS One,10.1371/journal.pone.0228013,"Dispensing antibiotics without prescription is irrational and can hasten the emergence and spread of antibiotic resistance. This study aims at determining the extent of this practice and its determinants in all drug retail outlets of Eritrea. A cross-sectional simulated client method was used to conduct the study. Data was collected between July and August 2019, entered and analyzed using Statistical Package for Social Science version 22. Descriptive analysis was performed using mean (standar...",,Maybe,Possible relevance - verify study design,,,,,[AUTO] Strong inclusion signal,MEDIUM,
REC-1292,PubMed,Bekoe Samuel Oppong; Ahiabu Mary-Anne; Orman Emmanuel; Tersbøl Britt Pinkowski; Adosraku Reimmel Kwame et al.,2020,Exposure of consumers to substandard antibiotics from selected authorised and unauthorised medicine sales outlets in Ghana.,Trop Med Int Health,10.1111/tmi.13442,"OBJECTIVE: To assess the quality of antibiotics sampled from authorised sales outlets (ATs) (i.e. hospitals/health centres, pharmacies and licensed chemical shops) and unauthorised sales outlets (UATs) (mainly street vendors) in Ghana and to explore the health-seeking behaviour of medicine consumers. METHODS: The contents of 14 active pharmaceutical ingredients (APIs) in 348 sampled products were determined using a validated liquid chromatography-tandem mass spectrometry (LC-MS/MS) method. Da...",,Exclude,No relevant signals in title or abstract,,,,,[AUTO-R2] Title match - verify,MEDIUM,
REC-1298,OpenAlex,Carla F. Rodrigues,2020,"Self-medication with antibiotics in Maputo, Mozambique: practices, rationales and relationships",Humanities and Social Sciences Communications,10.1057/s41599-019-0385-8,"Abstract Self-medication, as a form of self-care, is a common practice worldwide, and often involves the use of both over-the-counter and prescription-only medicines, including antibiotics, anti-malarials and others. Increasing concerns over the global emergence and spread of antimicrobial resistance point to the need to reduce and optimise the use of antimicrobial medicines, both in human and animal health. Over the past few decades, numerous studies on self-medication with antibiotics have ...",,Exclude,No relevant signals in title or abstract,,,,,[AUTO-R2] Title match - verify,MEDIUM,
REC-1299,PubMed,Chadalavada Vineela; Babu S Manohar; Balamurugan K,2020,Nonprescription sale of schedule H1 antibiotics in a city of South India.,Indian J Pharmacol,10.4103/ijp.IJP_244_19,"CONTEXT: The acquisition of antibiotic without a prescription by the general population is a typical practice found in community pharmacies across India, which is a notable contributor of antimicrobial resistance. According to the present regulation in India, sale of certain antimicrobials included in schedule H1 without prescription is unlawful. In this contest, a program was organized by the Drug Control Administration, Government of Andhra Pradesh, to educate pharmacists regarding schedule...",,Exclude,No relevant signals in title or abstract,,,,,[AUTO-R2] Title match - verify,MEDIUM,
REC-1322,OpenAlex,Esraa Gogazeh,2020,Dispensing errors and self-medication practice observed by community pharmacists in Jordan,Saudi Pharmaceutical Journal,10.1016/j.jsps.2020.01.001,"BACKGROUND: Drug dispensing is the major function of community pharmacists, the pharmacists should have the ability to counsel the patients and be aware of dispensing errors. Self- medication is a universal phenomenon that is widely practiced in developing countries and it may lead to irrational usage of drugs. OBJECTIVES: The objectives of this study were identifying the factors that associated with dispensing errors and how to minimize them and identifying patients' reasons for self-medicat...",,Exclude,No relevant signals in title or abstract,,,,,[AUTO-R2] Title match - verify,MEDIUM,
REC-1323,OpenAlex,Folorunso; Oluwatoyin Bukola; Joda; Arinola Eniola; Osahon et al.,2020,Current pattern of antibiotic use in community pharmacies in Lagos state Nigeria,The Pharma Innovation,10.22271/tpi.2020.v9.i10c.5226,Background: Antibiotic resistance has become a global pandemic. The rapid emergence of resistant bacteria worldwide endangers the efficacy of antibiotics. The antibiotic crisis has been attributed to the misuse of medications among other factors.Objectives: The objective of the study was to document the current pattern of antibiotic use in community pharmacies in Lagos state. Methods: An observational cross-sectional prospective study was employed using a detailed indicator encounter form in ...,,Exclude,No relevant signals in title or abstract,,,,,[AUTO-R2] Title match - verify,MEDIUM,
REC-1324,OpenAlex,Friday Attah; Caleb Ndako Angulu; Godiya Peter Mamman; Esther Udensi; Emmanuel Ogbole Anyebe et al.,2020,RISING CASES OF ANTIBIOTICS SELF-MEDICATION AND ITS ASSOCIATED PREDICAMENT,FUDMA Journal of Sciences,10.33003/fjs-2020-0403-429,"Antibiotics are medical products designed to cure or avoid bacterial infections that should be administered to patients based on a licensed health care professional's directive. Self-medication is defined as the usage of medication, whether orthodox or traditional, for self-cure. The practice of antibiotics self-treatment is a global phenomenal. Indulgence of antibiotics self-medication had crippled the lives of many people with increase antibiotics resistance bacterial and disruption of gut ...",,Exclude,No relevant signals in title or abstract,,,,,[AUTO-R2] Title match - verify,MEDIUM,
REC-1330,PubMed,Gong Yanhong; Jiang Nan; Chen Zhenyuan; Wang Jing; Zhang Jia et al.,2020,"Over-the-counter antibiotic sales in community and online pharmacies, China.",Bull World Health Organ,10.2471/BLT.19.242370,OBJECTIVE: To determine the prevalence of and factors associated with dispensing antibiotics without a prescription in online and community pharmacies in China. METHODS: We conducted a nationwide cross-sectional study of online and community pharmacies in 27 cities and counties in nine provinces in China (selected by multistage sampling) from July 2017 to December 2018. We assessed sale of antibiotics without a prescription and quality of pharmacy services through simulated clients who asked ...,,Maybe,Possible relevance - verify study design,,,,,[AUTO-R2] Title match - verify,MEDIUM,
REC-1331,PubMed,Goswami Nikita; Dahal Prasanna; Shrestha Shakti; Kc Bhuvan; Mallik Shyam Kumar,2020,Community Pharmacy Personnel Understanding of Antibiotic Dispensing in Eastern Nepal.,Risk Manag Healthc Policy,10.2147/RMHP.S264192,"BACKGROUND: Community pharmacies are easily accessible outlets providing medicines to the general public in Nepal, but it is known that irrational dispensing of antibiotics from such outlets contributes to antimicrobial resistance. OBJECTIVE: To assess the understanding of community pharmacy personnel around antibiotic-dispensing in Eastern Nepal and the relationship between this understanding and their personal characteristics. METHODS: A cross-sectional survey was conducted on 312 pharmacy ...",,Exclude,No relevant signals in title or abstract,,,,,[AUTO-R2] Title match - verify,MEDIUM,
REC-1334,PubMed,Hallit Souheil; Zahreddine Lama; Saleh Nadine; Shakaroun Shadia; Lahoud Nathalie,2020,Practice of parents and pharmacists regarding antibiotics use in pediatrics: A 2017 cross-sectional study in Lebanese community pharmacies.,J Eval Clin Pract,10.1111/jep.13165,"OBJECTIVES: To assess practices of community pharmacists towards prescribing or dispensing antibiotics without prescription to children, determine obstacles that stand in the way of best practices, and determine whether parents misuse antibiotics when administering them to their children. METHODS: A cross-sectional study, conducted between June 2017 and August 2017 on a random sample of community pharmacies, enrolled 202 community pharmacists and 204 parents. RESULTS: A total of 84.6% of phar...",,Exclude,No relevant signals in title or abstract,,,,,[AUTO-R3] Possible intervention study - verify design,MEDIUM,
REC-1339,OpenAlex,Hassan Al Qarni; Tahani Alrahbini; Ayidh M AlQarni; Abdullah M Alqarni,2020,"Community pharmacist counselling practices in the Bisha health directorate, Saudi Arabia –simulated patient visits",BMC Health Services Research,10.1186/s12913-020-05554-2,"BACKGROUND: Many organizations have suggested a minimum standard regarding pharmaceutical counselling for patients, which includes information about the name of the drug, the description the drug, the indication for use, how to use it, the method of treatment, precautions, adverse reactions, and any contraindications. Correspondingly, the World Health Organization (WHO) has recommended that pharmacists spend at least 3 min with each patient to provide counselling. This study aimed to evaluate...",,Maybe,Possible relevance - verify study design,,,,,[AUTO-R2] Title match - verify,MEDIUM,
REC-1354,OpenAlex,Jiayao Xu; Xiaomin Wang; Kai Sing Sun; Leesa Lin; Xudong Zhou,2020,Parental self-medication with antibiotics for children promotes antibiotic over-prescribing in clinical settings in China,Antimicrobial Resistance and Infection Control,10.1186/s13756-020-00811-9,"BACKGROUND: Self-medication with antibiotics (SMA) is one of the most dangerous inappropriate antibiotic use behaviors. This study aims to investigate the impact of parental SMA for children before a consultation on their doctor's subsequent antibiotic prescribing behavior, including intravenous (IV) antibiotic use in the clinical setting of China. METHODS: A cross-sectional survey was conducted between June 2017 and April 2018 in three provinces of China. A total of 9526 parents with childre...",,Exclude,No relevant signals in title or abstract,,,,,[AUTO-R2] Title match - verify,MEDIUM,
REC-1371,PubMed,Kuang Lishan; Liu Yizhuo; Wei Wei; Song Xueqing; Li Xiaoqian et al.,2020,"Non-prescription sale of antibiotics and service quality in community pharmacies in Guangzhou, China: A simulated client method.",PLoS One,10.1371/journal.pone.0243555,"OBJECTIVE: To measure the situation of the non-prescription sale of antibiotics and the service quality of community pharmacies in Guangzhou, China. METHODS: A simulated client method was conducted to estimate the non-prescription sale of antibiotics and service quality based on scenarios about adult acute upper respiratory tract infection in 2019. A total of 595 community pharmacies from 11 districts were investigated in Guangzhou, China. We used binary logistic regression to evaluate the fa...",,Maybe,Possible relevance - verify study design,,,,,[AUTO] Strong inclusion signal,MEDIUM,
REC-1383,PubMed,Liu Jinxin,2020,Tackling the global non-prescription use of antibiotics.,Lancet Infect Dis,10.1016/S1473-3099(19)30744-3,,,Maybe,No abstract - cannot screen; retrieve full text,,,,,[AUTO-R2] Title match - verify,LOW,
REC-1388,PubMed,Mandal Namita Kumari; Rauniyar Gajendra Prasad; Rai Dilli Sher; Panday Dipesh Raj; Kushwaha Ramayan et al.,2020,Self-medication Practice of Antibiotics among Medical and Dental Undergraduate Students in a Medical College in Eastern Nepal: A Descriptive Cross-sectional Study.,JNMA J Nepal Med Assoc,10.31729/jnma.4914,"INTRODUCTION: Self-medication plays significant role in the development of adverse drug reactions, antibiotic resistance, and masking of underlying diseases. Medical students have some knowledge about the use of antibiotics and have a higher chance of irrational and injudicious use. This study aims to find the prevalence of self-medication practice of antibiotics among medical and dental undergraduate students. METHODS: A descriptive cross-sectional study was done among medical and dental und...",,Exclude,No relevant signals in title or abstract,,,,,[AUTO-R2] Title match - verify,MEDIUM,
REC-1398,OpenAlex,Meseret Wube Temechewu,2020,Factors Affecting Consumers’ Purchase Decision of Over-The-Counter (OTC) Medicines: Empirical Evidences from Community Pharmacies in Ethiopia,"Journal of Medicine, Physiology and Biophysics",10.7176/jmpb/65-02,Purpose: the aim of this study was to examine factors affecting consumers’ purchase decision of over-the-counter (OTC) medicines from community pharmacies in Ethiopia. Design/methodology/approach: A quantitative research design was used to test the effect of various factors on consumer purchase decision of OTC medicines. Descriptive and explanatory research approaches were used to describe and investigate the relationship between dependent and independent variables. Both primary and secondary...,,Exclude,No relevant signals in title or abstract,,,,,[AUTO-R2] Title match - verify,MEDIUM,
REC-1405,OpenAlex,Mohammad B. Nusair; Sayer Al‐Azzam; Hamza Alhamad; Mohammad Q.M. Momani,2020,The prevalence and patterns of self‐medication with antibiotics in Jordan: A community‐based study,International Journal of Clinical Practice,10.1111/ijcp.13665,"BACKGROUND: Self-medication with antibiotics is one of the leading causes of antibiotic resistance and drug therapy problems, making antibiotic self-medication practices a global concern. Despite global efforts to limit these practices, self-medication with antibiotics remains prevalent in developing countries. This study aimed to investigate the prevalence and patterns of self-medication with antibiotics in Jordan and to compare the findings of self-medication practices with antibiotics with...",,Exclude,No relevant signals in title or abstract,,,,,[AUTO-R2] Title match - verify,MEDIUM,
REC-1407,PubMed,Molinero A; Carbajal de Lara J A; Cantalapiedra Fernández F; Eguilleor Villena A; Gutiérrez Ríos P et al.,2020,[Oral antibiotic request without prescription in community pharmacies. Description of pharmacists' intervention].,Semergen,10.1016/j.semerg.2020.06.025,"OBJECTIVES: To quantify the proportion of oral antibiotics requests without prescription in Community Pharmacy (CP) and to analyse it causes. METHOD: Cross-sectional multicentre study carried out in Spanish community pharmacies during 4 weeks, one in each season of the year. Oral J01 antibiotics (Anatomical Therapeutic Chemical classification, ATC) requested for self-medication were analysed. RESULTS: 247 pharmacies and 365 pharmacists participated in the study, 1172 antibiotic requests were ...",,Exclude,HIC country,,,,,[AUTO] Strong inclusion signal,HIGH,
REC-1415,OpenAlex,Narmeen Mallah; Danielle A. Badro; Adolfo Figueiras; Bahi Takkouche,2020,Association of knowledge and beliefs with the misuse of antibiotics in parents: A study in Beirut (Lebanon),PLoS ONE,10.1371/journal.pone.0232464,"BACKGROUND: Antibiotic resistance is a major public health concern. It has been associated with factors such as uncontrolled consumption, lack of knowledge, beliefs, and sociodemographic characteristics. Lebanon is characterized by high levels of antibiotic misuse, as almost half of the population self-medicates with antibiotics and over 30% of the antibiotics are dispensed without prescription. To-date, no studies determined adequately the association between knowledge, beliefs and antibioti...",,Exclude,No relevant signals in title or abstract,,,,,[AUTO-R3] Possible intervention study - verify design,MEDIUM,
REC-1418,OpenAlex,Nesreen Mohamed Kamal Elden; Hebatallah A. Nasser; Aliaa Alli; Nayra Mahmoud; Mai Ahmed Shawky et al.,2020,"Risk Factors of Antibiotics Self-medication Practices among University Students in Cairo, Egypt",Open Access Macedonian Journal of Medical Sciences,10.3889/oamjms.2020.3323,"BACKGROUND: Self-medication is a practice with major global implications, especially with antibiotics intake. Self-medication among future health-care professionals could affect their way in prescribing medication in the future. AIM: This study was conducted to estimate the magnitude and the determinants of antibiotics self-medication practices and to describe the pattern of antibiotics abuse among undergraduate university students. METHODS: A cross-section study was conducted among 563 medic...",,Exclude,No relevant signals in title or abstract,,,,,[AUTO-R2] Title match - verify,MEDIUM,
REC-1425,OpenAlex,Nisha Jha; Sunil Shrestha; P Ravi Shankar; Anil Khadka; Mukhtar Ansari et al.,2020,Antibiotic Dispensing Practices at Community Pharmacies in Kathmandu and Lalitpur Districts of Nepal,Indian Journal of Pharmacy Practice,10.5530/ijopp.13.4.57,,,Maybe,No abstract - cannot screen; retrieve full text,,,,,[AUTO-R2] Title match - verify,LOW,
REC-1429,PubMed,Nye Caroline; Watson Tamlin; Kubasiewicz Laura; Raw Zoe; Burden Faith,2020,"No Prescription, No Problem! A Mixed-Methods Study of Antimicrobial Stewardship Relating to Working Equines in Drug Retail Outlets of Northern India.",Antibiotics (Basel),10.3390/antibiotics9060295,"Multidrug resistance (MDR) is already occurring among some equids in India. Donkeys and mules are a mobile species moving between regions and international borders, often populating areas of India where private community pharmacies, or medical stores, are the primary healthcare provider for both humans and animals. This article highlights how the capacities of drug retail outlet workers might affect their antibiotic dispensing practices, particularly in relation to donkeys and mules, in order...",,Maybe,Possible relevance - verify study design,,,,,[AUTO-R2] Title match - verify,MEDIUM,
REC-1432,PubMed,Oliveira de Sousa Francisco Fábio; Monteiro Mirian,2020,"[Perception of self-medication with antibiotics in pharmacies of Fortaleza, Brazil].",Aten Primaria,10.1016/j.aprim.2019.06.006,,,Maybe,No abstract - cannot screen; retrieve full text,,,,,[AUTO-R2] Title match - verify,LOW,
REC-1433,OpenAlex,Osman Kamal Osman Elmahi; Siham Ahmed Balla; Hiba Ahmed Khalil,2020,"Self-Medication with Antibiotics and Its Predictors among the Population in Khartoum Locality, Khartoum State, Sudan in 2018",International Journal of TROPICAL DISEASE & Health,10.9734/ijtdh/2020/v41i430267,"Background: Self-medication is a personal self-initiated behaviour of diagnosis of a disease and self-treatment of its symptoms and signs. Objective: To identify the prevalence of self-medication with antibiotics and the diseases commonly treated with antibiotics, the most commonly used antibiotics, the sources of obtaining it and the predictors of self-medication with antibiotics. Study Design: This was a cross-sectional, descriptive study. Place and Duration of Study: This study was conduct...",,Exclude,No relevant signals in title or abstract,,,,,[AUTO-R2] Title match - verify,MEDIUM,
REC-1435,OpenAlex,Pakoyo Fadhiru Kamba; John Mulangwa; Bruhan Kaggwa; Freddy Eric Kitutu; Nelson K. Sewankambo et al.,2020,Compliance of private pharmacies in Uganda with controlled prescription drugs regulations: a mixed-methods study,Substance Abuse Treatment Prevention and Policy,10.1186/s13011-020-00261-x,"BACKGROUND: Controlled prescription drug use disorders are a growing global health challenge in Sub-Saharan Africa. Effective supply chain regulations on dispensing and stock control are important for controlling this epidemic. Since compliance with these regulations in resource-limited countries is poor, there is need to understand its predictors in order to reduce the risk of prescription drug use disorders. METHODS: A mixed-methods study utilizing a structured questionnaire and a simulated...",,Exclude,No relevant signals in title or abstract,,,,,[AUTO-R2] Title match - verify,MEDIUM,
REC-1441,OpenAlex,Radhwan Nidal Al-Zidan; Ahmed S. Saadallah; Ghayth Abdulrazzaq,2020,The public health dilemma of Self-Medication with Antibiotics: The undergraduate students of the College of Pharmacy in Mosul as an example,International Journal of Research in Pharmaceutical Sciences,10.26452/ijrps.v11i3.2542,"To evaluate the behaviour of Pharmacy College students as a representative sample of undergraduate students in terms of the use of antibiotics in Mosul city, Iraq. A questionnaire was adopted from previous studies with minor modifications to suit the current study sample and distributed to undergraduate students from all stages of the College of Pharmacy at the University of Mosul, in Nineveh province, north of Iraq. The study sample included 429 students. The results were statistically analy...",,Exclude,No relevant signals in title or abstract,,,,,[AUTO-R2] Title match - verify,MEDIUM,
REC-1442,PubMed,Rathish Devarajan; Wickramasinghe Nuwan Darshana,2020,"Prevalence, associated factors and reasons for antibiotic self-medication among dwellers in Anuradhapura: a community-based study.",Int J Clin Pharm,10.1007/s11096-020-01065-6,"Background Antimicrobial resistance is cited as one of the leading causes for the increased morbidity and mortality in infectious diseases globally. Antibiotic misuse can accelerate the advent and spread of resistant antimicrobial strains and antibiotic self-medication is one of the main practices of antibiotic misuse. Even though plethora of evidence is available on antibiotic self-medication among health care providers, evidence derived from community-based studies are scarce. Objective We ...",,Exclude,No relevant signals in title or abstract,,,,,[AUTO-R2] Title match - verify,MEDIUM,
REC-1446,OpenAlex,Rosalind Miller; Catherine Goodman,2020,Cheaper Medicines for the Better Off? A Comparison of Medicine Prices and Client Socioeconomic Status Between Chain and Independent Retail Pharmacies in Urban India,International Journal of Health Policy and Management,10.34172/ijhpm.2020.214,"Background: The growth of chain pharmacies in India, and other low- and middle-income countries (LMICs), is challenging the status quo of pharmacy retail markets which have historically been dominated by independent pharmacies. This raises the question of whether such organisations will have a positive impact on affordability and access to medicines. Methods: This paper draws on a standardised patient (SP) survey to measure the prices of medicines and expenditure on consultations for two trac...",,Exclude,No relevant signals in title or abstract,,,,,[AUTO-R2] Title match - verify,MEDIUM,
REC-1458,PubMed,Shi Li; Chang Jie; Liu Xiaoxi; Zhai Panpan; Hu Shuchen et al.,2020,"Dispensing Antibiotics without a Prescription for Acute Cough Associated with Common Cold at Community Pharmacies in Shenyang, Northeastern China: A Cross-Sectional Study.",Antibiotics (Basel),10.3390/antibiotics9040163,,,Maybe,No abstract - cannot screen; retrieve full text,,,,,[AUTO-R2] Title match - verify,LOW,
REC-1460,PubMed,Soltani Delaram; Ebrahimpour Sholeh; Hajimiri Seyed Hossein; Jafarzadeh Kohneloo Aarefeh; Jahangard-Rafsanjani Zahra,2020,"Assessment of Antibiotic Dispensing Practice in Community Pharmacies of Tehran, for 2 Common Infectious Symptoms, Using Simulated Patient Method.",Iran J Pharm Res,10.22037/ijpr.2020.112096.13529,"Resistance to antibiotics is a worldwide concern and community pharmacies can play a strategic role in controlling this issue through rationalizing antibiotic consumption. Considering that dispensing any type of antibiotics without a prescription is prohibited according to Iran's regulations, this study was conducted to quantify the rate of antibiotic dispensing without a prescription by pharmacists in Tehran, Iran. A descriptive cross-sectional study was conducted from September 2016 through...",,Maybe,Possible relevance - verify study design,,,,,[AUTO-R2] Title match - verify,MEDIUM,
REC-1474,PubMed,Tobin E A; Atulomah N O,2020,Antibiotic Self-Medication among Adult Out-patient Clinic Attendees in Nigeria.,West Afr J Med,,"BACKGROUND AND OBJECTIVES: The study was conducted to determine the prevalence and pattern of antibiotic selfmedication and associated risk factors among out-patients clinic attendees in Edo state, Nigeria. METHODS: A cross-sectional study was conducted among 800 consenting adult attendees at the general out -patient department of five secondary and one tertiary health facilities. Data were analyzed using Statistical Package for Social Sciences. Chi-square test was used for bivariate analysis...",,Exclude,No relevant signals in title or abstract,,,,,[AUTO-R2] Title match - verify,MEDIUM,
REC-1475,PubMed,Torres Neusa F; Solomon Vernon P; Middleton Lyn E,2020,Pharmacists' practices for non-prescribed antibiotic dispensing in Mozambique.,Pharm Pract (Granada),10.18549/PharmPract.2020.3.1965,"BACKGROUND: Antibiotics are the most frequently used medicines worldwide with most of the countries defining these as prescription-only medicines. Though, dispensing non-prescribed antibiotics represent one of the chief causal factors to the irrational use of antibiotics that paves the way to the development of antimicrobial resistance. OBJECTIVE: We aimed at describing the practices and the enablers for non-prescribed antibiotic dispensing in Maputo city, Mozambique. METHODS: A qualitative s...",,Exclude,No relevant signals in title or abstract,,,,,[AUTO-R2] Title match - verify,MEDIUM,
REC-1477,OpenAlex,Usman Abubakar,2020,PRACTICES AND PERCEPTION OF NIGERIAN COMMUNITY PHARMACISTS TOWARDS ANTIMICROBIAL STEWARDSHIP PROGRAM,International Journal of Pharmacy and Pharmaceutical Sciences,10.22159/ijpps.2020v12i4.36505,"Objective: Community pharmacists have an important role in promoting the appropriate use of antibiotics. There is a paucity of data describing the contributions of community pharmacists in antimicrobial stewardship program (ASP) in Nigeria. This study evaluated the practices and perceptions of community pharmacists towards ASP. Methods: This was a cross-sectional study conducted among community pharmacists in two cities in Northern Nigeria: Minna and Kaduna, using a 30-item validated and pre-...",,Maybe,Possible relevance - verify study design,,,,,[AUTO-R2] Title match - verify,MEDIUM,
REC-1478,OpenAlex,Vanessa Muirhead; Donatella D’Antoni; Vivian Auyeung,2020,"Community pharmacy staff oral health training, training needs and professional self-efficacy related to managing children’s dental problems",International Journal of Pharmacy Practice,10.1111/ijpp.12626,"OBJECTIVES: Few studies have explored the oral health training needs and professional self-efficacy (PSE) in both pharmacy support staff and pharmacists related to managing children's dental problems. This study assessed community pharmacy staff perceptions of their (i) training experiences and interests; (ii) PSE; and (iii) whether this was influenced by the pharmacy being part of a minor ailment scheme (MAS), where staff could directly offer advice and issue prescription medications without...",,Exclude,No relevant signals in title or abstract,,,,,[AUTO-R2] Title match - verify,MEDIUM,
REC-1483,PubMed,Wang Xiaomin; Xuan Ziming; Storella Théo H; Zhou Xudong,2020,Determinants of non-prescription antibiotic dispensing in Chinese community pharmacies from socio-ecological and health system perspectives.,Soc Sci Med,10.1016/j.socscimed.2020.113035,"Although non-prescription antibiotic dispensing (NPAD) has been officially forbidden by the Chinese government since 2004, it is still a common practice throughout the country. In this study, we use China as an example to explore the determinants of NPAD within the framework of its health system from a socio-ecological perspective. A mixed-method combining the simulated client method (SCM) and key informant interviews conducted in Zhejiang, Hubei, and Sichuan provinces was adopted. 73.3% of t...",,Maybe,Possible relevance - verify study design,,,,,[AUTO] Strong inclusion signal,MEDIUM,
REC-1484,OpenAlex,Waseem Ullah; Hadi A. Almansour; Razia Fatima; Bandana Saini; Gul Majid Khan,2020,Engaging Community Pharmacies in Early Detection of Missing Tuberculosis Patients through Public–Private Mix Intervention in Pakistan,American Journal of Tropical Medicine and Hygiene,10.4269/ajtmh.19-0939,"Globally, Pakistan ranks fifth in terms of missing tuberculosis (TB) patients' burden. Missed TB cases are either undiagnosed or diagnosed but not notified to the national TB database. Public-private mix interventions are contributing significantly to the case detection, diagnosis, and treatment of TB in Pakistan. However, it is estimated that many cases of infected TB patients go undetected. It is likely that these ""undiagnosed"" active TB cases seek treatment from community pharmacies, among...",,Exclude,No relevant signals in title or abstract,,,,,[AUTO-R2] Title match - verify,MEDIUM,
REC-1485,OpenAlex,Weiwei Zhang; Austin Williams; Nicole Griffith; Jessica Gaskins; P. Brandon Bookstaver,2020,Online availability of fish antibiotics and documented intent for self-medication,PLoS ONE,10.1371/journal.pone.0238538,"Self-medication and antibiotic utilization without healthcare oversight may lead to delayed appropriate treatment, transmission of communicable infections, untoward adverse events, and contribute to antimicrobial resistance. Previous data suggest people obtain over-the-counter (OTC) animal antibiotics for their personal use. This study examined the availability of OTC fish antibiotics online and the documented intent for self-medication. The authors conducted a web-based cross-sectional study...",,Exclude,No relevant signals in title or abstract,,,,,[AUTO-R2] Title match - verify,MEDIUM,
REC-1490,OpenAlex,Yusuf Abdu Misau; Alkali Mohammed; Yusuf Bara Jibrin; Sabiu Abdu Gwalabe; Sunusi Usman Usman et al.,2020,"Antibiotics self-medication among medical students in a new medical college at Abubakar Tafawa Balewa University Bauchi, Nigeria",Pyramid Journal of Medicine,10.4081/pjm.2019.25,"Life as a medical student is often full of stress which could be physical, social, emotional and economical, especially in developing countries. Of recent, there has been an increased effort to combat self-medication which has remained a global public health burden since antiquity. Trainee health workers are particularly vulnerable to engage in self-medication practice which has remain a great panacea mitigating the efforts to combat resistance to common antibiotics in communities. This study...",,Exclude,No relevant signals in title or abstract,,,,,[AUTO-R2] Title match - verify,MEDIUM,
REC-1493,OpenAlex,Zikria Saleem; Mohamed Azmi Hassali; Brian Godman; Munazzah Fatima; Zeenia Ahmad et al.,2020,Sale of WHO AWaRe groups antibiotics without a prescription in Pakistan: a simulated client study,Journal of Pharmaceutical Policy and Practice,10.1186/s40545-020-00233-3,"INTRODUCTION: Resistant strains of bacteria are rapidly emerging with increasing inappropriate use of antibiotics rendering them less efficacious. Self-purchasing of antibiotics particularly for viral infections is a key driver of inappropriate use, especially in lower- and middle-income countries. There is a particular issue in countries such as Pakistan. Consequently, there is a need to assess current rates of self-purchasing especially for reserve antibiotics to guide future policies. AIMS...",,Maybe,Possible relevance - verify study design,,,,,[AUTO] Strong inclusion signal,MEDIUM,
REC-1497,PubMed,Abdelaziz Abdullah I; Tawfik Abdelrahman G; Rabie Khaled A; Omran Mohamad; Hussein Mustafa et al.,2019,Quality of Community Pharmacy Practice in Antibiotic Self-Medication Encounters: A Simulated Patient Study in Upper Egypt.,Antibiotics (Basel),10.3390/antibiotics8020035,"Antibiotic misuse, either by patients or healthcare professionals, is one of the major contributing factors to antimicrobial resistance. In many Middle Eastern countries including Egypt, there are no strict regulations regarding antibiotic dispensing by community pharmacies. In this study, we examined antibiotic dispensing patterns in Egyptian community pharmacies. About 150 community pharmacies were randomly chosen using convenience sampling from the five most populous urban districts of Min...",,Maybe,Intervention + AB outcome - verify community pharmacy setting,,,,,[AUTO-R2] Title match - verify,MEDIUM,
REC-1498,PubMed,Abduelkarem Abduelmula R; Othman Amna M; Abuelkhair Zakieh M; Ghazal Mariam M; Alzouobi Sawsan B et al.,2019,Prevalence Of Self-Medication With Antibiotics Among Residents In United Arab Emirates.,Infect Drug Resist,10.2147/IDR.S224720,BACKGROUND: Self-Medication with antibiotics is a human practice and attitude in which an individual uses antibiotics to treat self-diagnosed symptoms. The self-medication with antibiotics is a common practice among residents in the UAE. PURPOSE: The present study aimed to determine the prevalence of self-medication of antibiotics among residents in the UAE population to determine its associated risk factors and to increase awareness regarding the abuse of antibiotics. PATIENTS AND METHODS: T...,,Exclude,No relevant signals in title or abstract,,,,,[AUTO-R2] Title match - verify,MEDIUM,
REC-1502,OpenAlex,Alian A. Alrasheedy; Muath A. Alsalloum; Feras A. Almuqbil; Muaath A. Almuzaini; Bandar S. Aba Alkhayl et al.,2019,The impact of law enforcement on the dispensing antibiotics without prescription in Saudi Arabia : findings and implications,Strathprints: The University of Strathclyde institutional repository (University of Strathclyde),,"Background: Dispensing of antibiotics without a prescription (DAwP) has been widely practised in Saudi Arabia despite being illegal. This is a concern increasing AMR. In May 2018, the law and regulations were enforced including fines up to 100,000 SR (equivalent to US$26,666) and cancellation of licences. Consequently, we wanted to evaluate the impact. Methods: Mixed method study among 116 community pharmacies in two phases. Pre-law enforcement phase between December 2017 and March 2018 and p...",,Maybe,Possible relevance - verify study design,,,,,[AUTO] Strong inclusion signal,MEDIUM,
REC-1507,OpenAlex,Amrita Daftary; Srinath Satyanarayana; Nita Jha; Mugdha Singh; Shinjini Mondal et al.,2019,Can community pharmacists improve tuberculosis case finding? A mixed methods intervention study in India,BMJ Global Health,10.1136/bmjgh-2019-001417,"INTRODUCTION: India has the world's highest burden of tuberculosis (TB). Private retail pharmacies are the preferred provider for 40% of patients with TB symptoms and up to 25% of diagnosed patients. Engaging pharmacies in TB screening services could improve case detection. METHODS: A novel TB screening and referral intervention was piloted over 18 months, under the pragmatic staggered recruitment of 105 pharmacies in Patna, India. The intervention was integrated into an ongoing public-privat...",,Exclude,TB case finding by pharmacists - wrong outcome,,,,,[AUTO-R2] Title match - verify,HIGH,
REC-1510,PubMed,Ateshim Yonatan; Bereket Batseba; Major Feruz; Emun Youel; Woldai Biruck et al.,2019,"Prevalence of self-medication with antibiotics and associated factors in the community of Asmara, Eritrea: a descriptive cross sectional survey.",BMC Public Health,10.1186/s12889-019-7020-x,"BACKGROUND: Development of drug resistance caused by self-medication with antibiotics, can be seen as one of the growing global threats. Self-medication is defined as the selection and use of medicines by individuals to treat self-recognized illnesses or symptoms. The purpose of this study is to assess the practice of self-medication with antibiotics and associated factors among the community of Asmara, Eritrea. METHODS: This was a community based descriptive cross-sectional study conducted i...",,Exclude,No relevant signals in title or abstract,,,,,[AUTO-R2] Title match - verify,MEDIUM,
REC-1512,OpenAlex,Aubrey Chichonyi Kalungia; Haabingozi Mwambula; Derick Munkombwe; Sarah Marshall; Natalie Schellack et al.,2019,Antimicrobial stewardship knowledge and perception among physicians and pharmacists at leading tertiary teaching hospitals in Zambia: implications for future policy and practice,Journal of Chemotherapy,10.1080/1120009x.2019.1622293,"Antimicrobial stewardship (AMS) is a key strategy promoting rational antimicrobial use. In Zambia, information on health professionals' knowledge, attitude, and practice of AMS is limited. This study was undertaken to address this at Zambia's leading specialized teaching hospitals. Descriptive, cross-sectional study involved 137 physicians and 61 pharmacists. AMS knowledge was relatively low among physicians (51%) and pharmacists (39%). Few physicians (9%) and pharmacists (20%) demonstrated s...",,Exclude,Hospital/inpatient setting (title),,,,,[AUTO-R2] Title match - verify,MEDIUM,
REC-1515,OpenAlex,Baraka P. Poyongo; Raphael Zozimus Sangeda,2019,Pharmacists’ knowledge attitude and practice regarding the dispensing of antibiotics without prescription in Tanzania: an explorative cross-sectional study,Research Square,10.21203/rs.2.17343/v1,,,Maybe,No abstract - cannot screen; retrieve full text,,,,,[AUTO-R2] Title match - verify,LOW,
REC-1526,PubMed,Chai Jing; Coope Caroline; Cheng Jing; Oliver Isabel; Kessel Anthony et al.,2019,"Cross-sectional study of the use of antimicrobials following common infections by rural residents in Anhui, China.",BMJ Open,10.1136/bmjopen-2018-024856,"OBJECTIVE: To describe help seeking behaviour from a medical doctor and antimicrobial use for common infections among rural residents of Anhui province, China. DESIGN: A cross-sectional retrospective household survey. SETTING: 12 administrative villages from rural Anhui, China. PARTICIPANTS: 2760 rural residents selected through cluster-randomised sampling using an interviewer administered questionnaire. METHOD: Logistic regression models were used to estimate associations between exposures (...",,Exclude,No relevant signals in title or abstract,,,,,[AUTO] Strong inclusion signal,MEDIUM,
REC-1528,PubMed,Chang Jie; Xu Sen; Zhu Shan; Li Zongjie; Yu Jiale et al.,2019,Assessment of non-prescription antibiotic dispensing at community pharmacies in China with simulated clients: a mixed cross-sectional and longitudinal study.,Lancet Infect Dis,10.1016/S1473-3099(19)30324-X,"BACKGROUND: Non-prescription dispensing of antibiotics at community pharmacies is a major driver of antimicrobial resistance. China has regarded curbing non-prescription sales of antibiotics at community pharmacies as an important task for tackling antibiotics resistance and planned to eliminate this practice nationwide before 2020. We aimed to quantify non-prescription dispensing of antibiotics cross-sectionally at community pharmacies in China in 2017, and longitudinally (2011-17) in a sing...",,Maybe,Possible relevance - verify study design,,,,,[AUTO] Strong inclusion signal,MEDIUM,
REC-1530,OpenAlex,Chenhui Sun; Yanhong Hu; Xiaomin Wang; Jingjing Lu; Leesa Lin et al.,2019,Influence of leftover antibiotics on self-medication with antibiotics for children: a cross-sectional study from three Chinese provinces,BMJ Open,10.1136/bmjopen-2019-033679,"OBJECTIVES: To investigate leftover antibiotics and their influence on self-medication with antibiotics (SMA) for Chinese children, and further explore the different influences of leftovers from two main sources: previous prescriptions and pharmaceutical purchases. DESIGN: A cross-sectional questionnaire study. SETTING: The participants were approached through kindergartens and primary schools as well as in vaccination clinics. PARTICIPANTS: A total of 9526 parents from three Chinese province...",,Exclude,No relevant signals in title or abstract,,,,,[AUTO-R2] Title match - verify,MEDIUM,
REC-1532,PubMed,Damisie Getahun; Hambisa Solomon; Yimam Mohammed,2019,"Over the Counter Sale of Antibiotics at Drug Stores Found in Mizan-Aman Town, Southwest Ethiopia: A Cross-Sectional Simulated Client Visit Study.",J Pharm (Cairo),10.1155/2019/3510659,"BACKGROUND: Antibiotics are crucial drugs, particularly in the developing world, where infectious diseases are a common cause of death. Misuse and overuse of antibiotics have driven the emergency of antibiotic-resistant bacteria, which in turn leads to a loss of efficacy of these drugs. This study aimed to assess the professional practice on OTC sale of antibiotics at community drug retail outlets found in Mizan-Aman town. METHODS: A cross-sectional simulated client visit study was conducted ...",,Maybe,Possible relevance - verify study design,,,,,[AUTO] Strong inclusion signal,MEDIUM,
REC-1537,PubMed,Elong Ekambi Grace-Ange; Okalla Ebongue Cécile; Penda Ida Calixte; Nnanga Nga Emmanuel; Mpondo Mpondo Emmanuel et al.,2019,"Knowledge, practices and attitudes on antibiotics use in Cameroon: Self-medication and prescription survey among children, adolescents and adults in private pharmacies.",PLoS One,10.1371/journal.pone.0212875,"Benefits of antibiotics are threatened by the self-medication, people's lack of knowledge and inappropriate use of antibiotics, especially in developing countries. This study was designed to determine knowledge; attitudes and practices toward antibiotics use in an urban community, and evaluate the factors that are associated with antibiotic use. Between January and March 2015, a cross sectional and prospective study was conducted in all pharmacies within the Douala IV health district, Cameroo...",,Exclude,No relevant signals in title or abstract,,,,,[AUTO-R2] Title match - verify,MEDIUM,
REC-1539,OpenAlex,Eman Elayeh; Eman A. Hammad; Razan Tubeileh; Iman A. Basheti,2019,Use of secret simulated patient followed by workshop based education to assess and improve inhaler counseling in community pharmacy in Jordan,Pharmacy Practice,10.18549/pharmpract.2019.4.1661,"OBJECTIVES: To assess inhaler technique demonstration skills of community pharmacists located in Amman, Jordan via incorporating the trained secret simulated patient (SSP) approach. Secondly, to evaluate the effectiveness of a 2-hour educational workshop focused on SSP feedback. METHODS: This cross-sectional study involved community pharmacies located in Amman, Jordan. Initially, a trained SSP was involved to enact baseline visits requesting advice on how to use Ventolin® (a pressurized meter...",,Maybe,Possible relevance - verify study design,,,,,[AUTO-R2] Title match - verify,MEDIUM,
REC-1549,OpenAlex,Garba M. Khalid; Abubakar Ibrahim Jatau; Umar Ibrahim; Fatima Mustapha Dungus; Zayyanu Shitu et al.,2019,Antibiotics self-medication among undergraduate pharmacy students in Northern Nigeria,Medicine Access Point of Care,10.1177/2399202619846847,"Introduction: The burden of antibiotic self-medication (ASM) is increasing and becoming a global health threat due to antibiotics resistance. However, little is known about ASM among undergraduate pharmacy students who are the future custodians of medicines including antibiotics. Therefore, this study aims to develop, validate and utilize an online survey tool to investigate the prevalence of ASM among undergraduate pharmacy students in Northern Nigeria. Methods: A cross-sectional online surv...",,Exclude,No relevant signals in title or abstract,,,,,[AUTO-R2] Title match - verify,MEDIUM,
REC-1556,PubMed,Haddadin Randa N; Alsous Mervat; Wazaify Mayyada; Tahaineh Linda,2019,Evaluation of antibiotic dispensing practice in community pharmacies in Jordan: A cross sectional study.,PLoS One,10.1371/journal.pone.0216115,It is well known that the emergence of antibiotic resistance is linked to the misuse and overuse of antibiotics. Misuse includes self-medication and the inappropriate use of antibiotics because of improper dosage or improper duration than recommended. This study investigated three patterns of dispensing antibiotics in a sample of community pharmacies in Jordan. This included dispensing antibiotics by prescription or over-the-counter either by direct request or upon a pharmacist's recommendati...,,Exclude,No relevant signals in title or abstract,,,,,[AUTO-R2] Title match - verify,MEDIUM,
REC-1561,PubMed,Haque Mainul; Rahman Nor Azlina A; McKimm Judy; Kibria Golam Mohammad; Azim Majumder Md Anwarul et al.,2019,Self-medication of antibiotics: investigating practice among university students at the Malaysian National Defence University.,Infect Drug Resist,10.2147/IDR.S203364,,,Maybe,No abstract - cannot screen; retrieve full text,,,,,[AUTO-R2] Title match - verify,LOW,
REC-1562,OpenAlex,Hassan Waseem; Jafar Ali; Fiza Sarwar; Aroosa Khan; Hamza Saleem ur Rehman et al.,2019,"Assessment of knowledge and attitude trends towards antimicrobial resistance (AMR) among the community members, pharmacists/pharmacy owners and physicians in district Sialkot, Pakistan",Antimicrobial Resistance and Infection Control,10.1186/s13756-019-0517-3,"Background Antimicrobial resistance (AMR) is an emerging threat to public health worldwide. A significant evidence has suggested that the knowledge and attitude trends among the community, pharmacists and physicians can play a critical role in managing the ever increasing threat of AMR. Methods A cross-sectional survey was performed using three specific self-administered questionnaires for community members, pharmacists/pharmacy owners and physicians on a randomly selected sample population o...",,Exclude,No relevant signals in title or abstract,,,,,[AUTO-R2] Title match - verify,MEDIUM,
REC-1569,OpenAlex,Iweh Michael; B Ogbonna; Sunday Odunke Nduka; Maureen Anetoh; Okonta Matthew,2019,Assessment of disposal practices of expired and unused medications among community pharmacies in Anambra State southeast Nigeria: a mixed study design,Journal of Pharmaceutical Policy and Practice,10.1186/s40545-019-0174-1,"BACKGROUND: Expired or unused medicines are potentially toxic substances that should be managed effectively to avoid accumulation of potentially toxic pharmaceuticals in the environment. In Nigeria, there is currently limited literature on the methods and protocols used by community pharmacists in the disposal of expired drugs. This study assessed disposal practices of expired and unused medications by pharmacists in Anambra State and compared them to the National Agency for Food and Drug Adm...",,Exclude,No relevant signals in title or abstract,,,,,[AUTO-R2] Title match - verify,MEDIUM,
REC-1580,PubMed,Kalungia Aubrey; Godman Brian,2019,Implications of non-prescription antibiotic sales in China.,Lancet Infect Dis,10.1016/S1473-3099(19)30408-6,,,Maybe,No abstract - cannot screen; retrieve full text,,,,,[AUTO-R2] Title match - verify,LOW,
REC-1586,PubMed,Khan Mehwish; Rehman Hina; Naveed Safila; Zaidi Syed Faisal; Ayaz Sultan et al.,2019,Chewable cough tablets with improved palatability: A comparative phase II clinical trial.,Pak J Pharm Sci,,Cough is the common disease condition which affects patients of every age. Numerous OTC medications available in community pharmacies however no antiviral treatment and even antibiotics has been shown to be effective without pre-existing lung infection. The treatment approach of medicinal herbs has been recognized for many decades and even longer for the treatment and prevention of cough. The aim of this study was to evaluate the safety and efficacy of Mukalbion poly herbal chewable tablets f...,,Exclude,No relevant signals in title or abstract,,,,,[AUTO-R3] Possible intervention study - verify design,MEDIUM,
REC-1589,PubMed,Koji Eyosait Mekonnen; Gebretekle Gebremedhin Beedemariam; Tekle Tinsae Alemayehu,2019,"Practice of over-the-counter dispensary of antibiotics for childhood illnesses in Addis Ababa, Ethiopia: a simulated patient encounter study.",Antimicrob Resist Infect Control,10.1186/s13756-019-0571-x,"BACKGROUND: Dispensary and use of antibiotics without prescriptions from qualified providers is a common practice in countries with poor pharmaceutical regulations and where due focus is not given to rational use. This practice is a main factor for the spread of antimicrobial resistance due to its non-reliance on pre-treatment microbiologic work-up, improper indications and dosing errors. This study was conducted to determine the rate of over-the-counter dispensary of antibiotics for common c...",,Maybe,Possible relevance - verify study design,,,,,[AUTO-R2] Title match - verify,MEDIUM,
REC-1592,OpenAlex,Liza Seubert; Kerry Whitelaw; Laetitia Hattingh; Margaret Watson; Rhonda Clifford,2019,A Theory Based Intervention to Enhance Information Exchange during Over-The-Counter Consultations in Community Pharmacy: A Feasibility Study,Pharmacy,10.3390/pharmacy7020073,"Background: Management of minor ailments through self-care and self-medication brings both benefits and risks that can be mitigated if consumers and pharmacy personnel engage in information exchange during over-the-counter (OTC) consultations. Objective: Explore the feasibility of interventions using situational cues to promote information exchange between pharmacy personnel and consumers, during OTC consultations. Methods: Intervention tools were developed prior to conducting the study, in t...",,Exclude,No relevant signals in title or abstract,,,,,[AUTO] Strong inclusion signal,MEDIUM,
REC-1598,OpenAlex,M. Rifqi Rokhman; Satibi Satibi,2019,The Depiction of Antibiotic Use without Presciption and Community Attitudes Towards Drugstores that Refused to Sell Antibiotic without Prescription,JURNAL MANAJEMEN DAN PELAYANAN FARMASI (Journal of Management and Pharmacy Practice),10.22146/jmpf.44661,Antibiotic resistance causes reduced therapeutic effectiveness. Understanding of people's behavior plays an important role in countering antibiotic resistance especially by preventing irrational use of antibiotics. The purpose of the study was to depict the experience of respondents in using antibiotics without prescription and the relationship of characteristics of respondents with unwillingness to remain a customer at a pharmacy that had refused to provide antibiotics without a prescription...,,Maybe,Possible relevance - verify study design,,,,,[AUTO-R2] Title match - verify,MEDIUM,
REC-1599,OpenAlex,M.H.F. Sakeena; Alexandra Bennett; Andrew J. McLachlan,2019,The Need to Strengthen the Role of the Pharmacist in Sri Lanka: Perspectives,Pharmacy,10.3390/pharmacy7020054,"The role of the pharmacist in healthcare has evolved greatly over the last half-century, from dispensing to providing direct patient-oriented activities not associated with dispensing. However, pharmacist-led healthcare services in Sri Lanka must undergo reform to fully take advantage of their expertise and training in medicine management and related outcomes in Sri Lankan patients. As befits a profession's role development and value, professional and educational standards for pharmacists nee...",,Exclude,No relevant signals in title or abstract,,,,,[AUTO-R2] Title match - verify,MEDIUM,
REC-1600,OpenAlex,M.H.F. Sakeena; Alexandra Bennett; Stephen J. Carter; Andrew J. McLachlan,2019,A comparative study regarding antibiotic consumption and knowledge of antimicrobial resistance among pharmacy students in Australia and Sri Lanka,PLoS ONE,10.1371/journal.pone.0213520,INTRODUCTION: Antimicrobial resistance (AMR) is a major global health challenge. Pharmacists play a key role in the health care setting to support the quality use of medicines. The education and training of pharmacy students have the potential to impact on patterns of antibiotic use in community and hospital settings. The aim of this study was to investigate and compare antibiotic use and knowledge of antibiotics and AMR among undergraduate pharmacy students in Australian and Sri Lankan unive...,,Exclude,HIC country,,,,,[AUTO] Strong inclusion signal,HIGH,
REC-1607,OpenAlex,Mayyada Wazaify; Eman Elayeh; Razan Tubeileh; Eman A. Hammad,2019,Assessing insomnia management in community pharmacy setting in Jordan: A simulated patient approach,PLoS ONE,10.1371/journal.pone.0226076,"Insomnia is one of the most common minor ailments to which patients seek advice in a community pharmacy setting. Due to the availability of a wide variety of over-the-counter (OTC) products, community pharmacists are in the front line to safe-guard patients looking for self-medication or advice for treatment of insomnia. The purpose of this study was to assess the content of community pharmacists' interactions with patients seeking advice for insomnia in Jordan. A cross-sectional study using ...",,Maybe,Possible relevance - verify study design,,,,,[AUTO-R2] Title match - verify,MEDIUM,
REC-1614,OpenAlex,Mohammed Alshakka; Wafa F. S. Badulla; Awsan Bahattab; Nazeh Al-Abd; Mansour Adam Mahmoud et al.,2019,Perception and practices of antimicrobial stewardship by communitypharmacists in Aden-Yemen,Biomedical Research-tokyo,10.35841/biomedicalresearch.30-19-348,"Introduction: Antimicrobials are among the most widely used and misused medicines worldwide. Resistance to antimicrobials is an emerging global issue, mainly in developing countries. Antimicrobial stewardship (AMS) programs are therefore important, but their implementation in Yemen warrants investigation. Objective: The study aimed to determine the perception and self-reported practices of AMS by community pharmacists in Aden, Yemen. Methods: A descriptive, cross-sectional survey was conducte...",,Exclude,No relevant signals in title or abstract,,,,,[AUTO-R2] Title match - verify,MEDIUM,
REC-1623,PubMed,Nepal Anant; Hendrie Delia; Robinson Suzanne; Selvey Linda A,2019,Survey of the pattern of antibiotic dispensing in private pharmacies in Nepal.,BMJ Open,10.1136/bmjopen-2019-032422,"OBJECTIVES: Private pharmacies are widely established in most low/middle-income countries (LMICs) including Nepal, and are often considered as a patient's first point of contact for seeking healthcare. The aim of this study was to investigate the pattern of antibiotic dispensing in private pharmacies through exit interviews with patients to review their medication information. DESIGN AND SETTING: Cross-sectional study. Data collection was carried out in 60 days at 33 randomly selected private...",,Exclude,No relevant signals in title or abstract,,,,,[AUTO-R2] Title match - verify,MEDIUM,
REC-1648,OpenAlex,Sawsan Kurdi; Abrar Faran; Eman Eareeni; Noor Alhalal; Royes Joseph et al.,2019,Assessment of knowledge and attitude toward the new antibiotic dispensing law and its effect on antibiotic use in Saudi Arabia,Saudi Pharmaceutical Journal,10.1016/j.jsps.2019.11.005,"BACKGROUND: Antibiotics resistance is a serious problem around the world, which has been increasing in the last century due to misuse of antibiotics. Recently, Saudi Arabia enforced the Executive Regulations of Health Practice Law that prohibits dispensing antibiotics without prescription. AIM: (1) To assess the association between the knowledge and attitude toward the recent enforcement of the antibiotic restriction Law and the antibiotic use among Saudi population.(2) To assess the pattern ...",,Exclude,No relevant signals in title or abstract,,,,,[AUTO-R3] Possible intervention study - verify design,MEDIUM,
REC-1658,OpenAlex,Sunita Patil; Saket Agarwal,2019,Awareness of over the counter antibiotics to combat antimicrobial resistance,International Journal of Basic & Clinical Pharmacology,10.18203/2319-2003.ijbcp20195281,Background: In India there is wide use of over the counter (OTC) antibiotics and unawareness of its harmful effects. In India dispensing antibiotics without prescription is a major contribution factor in development of antimicrobial resistance (AMR). The objectives of the present study were to evaluate awareness and proper use of OTC antibiotics in the community.Methods: Responses to a questionnaire covering various aspects on awareness and usage of OTC antibiotics were obtained from 100 fami...,,Exclude,No relevant signals in title or abstract,,,,,[AUTO-R2] Title match - verify,MEDIUM,
REC-1660,OpenAlex,Tarek Benameur; Hassan Al-Bohassan; Abdullah M Alaithan; Abdullah Albeladi; Hassan Ayesh Alali et al.,2019,"Knowledge, attitude, behaviour of the future healthcare professionals towards the self-medication practice with antibiotics",The Journal of Infection in Developing Countries,10.3855/jidc.10574,"INTRODUCTION: Self-medication with antibiotics (SMA) is a major health problem in the developing world including the kingdom of Saudi Arabia (KSA). This practice remains an emerging challenge for the healthcare providers. A few previous studies have estimated the prevalence of SMA among the general population of KSA, but there had been no such studies on healthcare students. We aimed to estimate the prevalence of SMA among medical, non-medical students and to evaluate its determinants. METHOD...",,Exclude,No relevant signals in title or abstract,,,,,[AUTO-R2] Title match - verify,MEDIUM,
REC-1669,PubMed,Tuyishimire Jacques; Okoya Funmbi; Adebayo Adebisi Yusuff; Humura Fabrice; Lucero-Prisno Iii Don Eliseo,2019,Assessment of self-medication practices with antibiotics among undergraduate university students in Rwanda.,Pan Afr Med J,10.11604/pamj.2019.33.307.18139,INTRODUCTION: Antimicrobial resistance (AR) is on a rise as one of the major global public health threats. It is therefore important to assess contributory factors to the rise in the cases of resistance reported. The main objective of this study was to assess the self-medication practices with antibiotics among the University of Rwanda students in Huye Campus. METHODS: A sample of 570 students from all levels and colleges of the University of Rwanda in Huye Campus were selected using a simple...,,Exclude,No relevant signals in title or abstract,,,,,[AUTO-R2] Title match - verify,MEDIUM,
REC-1671,OpenAlex,Vaidehi Nafade,2019,Over-the-counter antibiotic dispensing in South India: a standardised patient study,McGill-DEV,10.82308/39188,"Background. Antimicrobial resistance is a global health emergency, and one of the contributing factors is overuse and misuse of antibiotics. India is one of the world's largest consumers of antibiotics, and inappropriate use is potentially widespread, particularly in private pharmacies. This study aimed to use standardised patients (SPs) to measure over-the-counter antibiotic dispensing in one region.Methods. Three adults from the local community in Udupi, India, were recruited and trained as...",,Maybe,Possible relevance - verify study design,,,,,[AUTO-R2] Title match - verify,MEDIUM,
REC-1672,OpenAlex,Vaidehi Nafade; Sophie Huddart; Giorgia Sulis; Amrita Daftary; Sonal Sekhar Miraj et al.,2019,"Over-the-counter antibiotic dispensing by pharmacies: a standardised patient study in Udupi district, India",BMJ Global Health,10.1136/bmjgh-2019-001869,"BACKGROUND: Antimicrobial resistance is a global health emergency, and one of the contributing factors is overuse and misuse of antibiotics. India is one of the world's largest consumers of antibiotics, and inappropriate use is potentially widespread. This study aimed to use standardised patients (SPs) to measure over-the-counter antibiotic dispensing in one region. METHODS: Three adults from the local community in Udupi, India, were recruited and trained as SPs. Three conditions, in both adu...",,Maybe,Possible relevance - verify study design,,,,,[AUTO-R2] Title match - verify,MEDIUM,
REC-1675,OpenAlex,Victory Olutuase,2019,"Assessment of antibiotic dispensing practices of community pharmacists in Jos, Plateau State, Nigeria",University of the Western Cape Electronic Theses and Dissertations Repository (University of the Western Cape),,"BackgroundThe irrational use of medicines is a global public health challenge, particularly in developing countries like Nigeria.One of the consequences of irrational medicine use is rising antimicrobial resistance, which continues to contribute to the increase in morbidity, mortality, and high cost of care, despite breakthroughs in medicine and new treatment options.Community pharmacists have been identified as contributors to antimicrobial resistance through their antibiotic dispensing prac...",,Exclude,No relevant signals in title or abstract,,,,,[AUTO-R2] Title match - verify,MEDIUM,
REC-1678,OpenAlex,Xiaolin Wei; Zhitong Zhang; Joseph Paul Hicks; John Walley; Rebecca King et al.,2019,Long-term outcomes of an educational intervention to reduce antibiotic prescribing for childhood upper respiratory tract infections in rural China: Follow-up of a cluster-randomised controlled trial,PLoS Medicine,10.1371/journal.pmed.1002733,"BACKGROUND: Inappropriate antibiotic prescribing causes widespread serious health problems. To reduce prescribing of antibiotics in Chinese primary care to children with upper respiratory tract infections (URTIs), we developed an intervention comprising clinical guidelines, monthly prescribing review meetings, doctor-patient communication skills training, and education materials for caregivers. We previously evaluated our intervention using an unblinded cluster-randomised controlled trial (cR...",,Include,Educational intervention → antibiotic prescribing children - verify if pharmacy-based,,,,,[AUTO] Strong inclusion signal,HIGH,
REC-1680,OpenAlex,Yanhong Gong; Nan Jiang; Zhenyuan Chen; Jing Wang; Jianxiong Wu et al.,2019,Illegal Antibiotic Dispensing by Online and Community Pharmacies in China: A National Cross-Sectional Study,SSRN Electronic Journal,10.2139/ssrn.3369792,,,Maybe,No abstract - cannot screen; retrieve full text,,,,,[AUTO-R2] Title match - verify,LOW,
REC-1685,PubMed,Zakaa El-Din Mohamed; Samy Fatma; Mohamed Alaa; Hamdy Fatma; Yasser Salwa et al.,2019,Egyptian community pharmacists' attitudes and practices towards antibiotic dispensing and antibiotic resistance; a cross-sectional survey in Greater Cairo.,Curr Med Res Opin,10.1080/03007995.2018.1544119,"BACKGROUND: Antibiotic resistance is an increasing worldwide crisis. In Egypt, it is prohibited by law to dispense antibiotics with no prescription; however, there are no active and enforced governmental policies and laws to regulate such a process. This has led to increased antibiotic dispensing and consumption. AIMS: To assess some basic knowledge and attitudes towards antibiotic resistance and the practice of antibiotic dispensing among Egyptian community pharmacists in Greater Cairo. METH...",,Maybe,Possible relevance - verify study design,,,,,[AUTO-R2] Title match - verify,MEDIUM,
REC-1687,PubMed,Zawahir Shukry; Lekamwasam Sarath; Aslani Parisa,2019,A cross-sectional national survey of community pharmacy staff: Knowledge and antibiotic provision.,PLoS One,10.1371/journal.pone.0215484,"BACKGROUND: Pharmacists' knowledge about the clinical and legal aspects of antibiotic supply has an impact on appropriate dispensing practice. There are limited studies evaluating community pharmacists' knowledge of antibiotic dispensing in low and middle-income countries, including Sri Lanka. We aimed (i) to evaluate community pharmacy staff's self-reported knowledge about antibiotics and dispensing behaviour of antibiotics without a prescription, and (ii) to identify possible factors impact...",,Exclude,No relevant signals in title or abstract,,,,,[AUTO-R3] Possible intervention study - verify design,MEDIUM,
REC-1689,PubMed,Zawahir Shukry; Lekamwasam Sarath; Aslani Parisa,2019,Antibiotic dispensing practice in community pharmacies: A simulated client study.,Res Social Adm Pharm,10.1016/j.sapharm.2018.07.019,"BACKGROUND: Dispensing antibiotics without a prescription, although forbidden by Sri Lankan law since 1986, is a common practice throughout the country. This study attempted to quantify this practice for the first time. OBJECTIVES: To evaluate the response of community pharmacy staff to an antibiotic product request without a prescription and to explore possible factors influencing such practice. METHODS: A cross-sectional simulated client study was conducted from Jan to Sept 2017. A total of...",,Maybe,Possible relevance - verify study design,,,,,[AUTO] Strong inclusion signal,MEDIUM,
REC-1693,OpenAlex,ALemnesh Jifar; Yohanes Ayele,2018,"Assessment of Knowledge, Attitude, and Practice toward Antibiotic Use among Harar City and Its Surrounding Community, Eastern Ethiopia",Interdisciplinary Perspectives on Infectious Diseases,10.1155/2018/8492740,"PURPOSE: Community plays significant role in the process of emergence and spread of antibiotic resistance. The aim of this study is to assess knowledge, attitude, and practice toward antibiotic use among Harar city and its surrounding community, Eastern Ethiopia. PATIENT AND METHODS: A cross-sectional study was conducted among 384 subjects from February 1 to May 1, 2017, through interview using pretested structured questionnaires. The data was entered into EpiData 3.1 and analyzed using Stati...",,Exclude,No relevant signals in title or abstract,,,,,[AUTO-R2] Title match - verify,MEDIUM,
REC-1696,OpenAlex,Adeladlew Kassie Netere; Daniel Erku; Ashenafi Kibret Sendekie; Eyob Alemayehu Gebreyohannes; Niguse Yigzaw Muluneh et al.,2018,Assessment of community pharmacy professionals’ knowledge and counseling skills achievement towards headache management: a cross-sectional and simulated-client based mixed study,The Journal of Headache and Pain,10.1186/s10194-018-0930-7,"BACKGROUND: Headache is one of the most common disabling medical condition affecting over 40% of adults globally. Many patients with headache prefer to alleviate their symptom with a range of over-the-counter analgesics that are available in community medicine retail outlets (CMROs). However, data regarding how community pharmacists respond to headache presentation and their analgesic dispensing behaviors in Ethiopia is scarce. The present study aimed to assess the self-reported and actual pr...",,Maybe,Possible relevance - verify study design,,,,,[AUTO-R2] Title match - verify,MEDIUM,
REC-1699,OpenAlex,Ahmed Atia,2018,Monitoring the Level of antibiotic purchase without a prescription among Libyan young adults,Indian Journal of Pharmacy Practice,10.5530/ijopp.11.4.43,"Antibiotics are typically prescription only medicines. A high percentage of world's antibiotics are sold without prescription by health-care specialists. The study assessed use of antibiotics without prescription among young adults in Libya. A pre-tested questionnaire was designed to evaluate reported name and utilization of antibiotics without prescription. Of 610 participants approached, 582 decided to contribute in this study, giving a response rate of 95.4%. 56.19% respondents conveyed ac...",,Maybe,Possible relevance - verify study design,,,,,[AUTO-R2] Title match - verify,MEDIUM,
REC-1715,OpenAlex,Assefa Mulu Baye; Oumer Sada,2018,"Self-Medication Practice in Community Pharmacies: The Case of Dessie Town, Northeast Ethiopia",Advances in Pharmacoepidemiology & Drug Safety,10.4172/2167-1052.1000221,"Background: Self-medication is widely practiced for a wide range of illness or symptoms for both over the counter and prescription only drugs. It is the selection and use of medicines by individuals to treat self-illness. Inappropriate self-medication practice results economical wastages, impairment due to the adverse drug reactions, contraindication, prolong suffering and damaging of vital organs due to over dose. Misuse of antibiotics by the public results not only harm to the patients but ...",,Exclude,No relevant signals in title or abstract,,,,,[AUTO-R2] Title match - verify,MEDIUM,
REC-1716,PubMed,Avent Minyon L; Fejzic Jasmina; van Driel Mieke L,2018,An underutilised resource for Antimicrobial Stewardship: a 'snapshot' of the community pharmacists' role in delayed or 'wait and see' antibiotic prescribing.,Int J Pharm Pract,10.1111/ijpp.12431,"OBJECTIVES: Various strategies have been implemented in primary care to address the inappropriate use of antibiotics, with varying degrees of success. One such intervention is delayed or 'wait and see' prescribing, where the prescriber indicates to wait a few days before dispensing the antibiotic. The aim of this study was to explore community pharmacists' perceptions and practice experiences with delayed antibiotic prescribing. METHODS: An online survey was advertised in two professional pha...",,Exclude,No relevant signals in title or abstract,,,,,[AUTO-R2] Title match - verify,MEDIUM,
REC-1717,PubMed,Awosan K J; Ibitoye P K; Abubakar A K,2018,"Knowledge, risk perception and practices related to antibiotic resistance among patent medicine vendors in Sokoto metropolis, Nigeria.",Niger J Clin Pract,10.4103/njcp.njcp_69_18,"BACKGROUND: Resistance to antibiotics is now a serious threat to global health, and inappropriate use of drugs has been identified as a major contributing factor in the developing countries. OBJECTIVES: The aim of this study is to assess the knowledge, risk perception, and practices related to antibiotic resistance among patent medicine vendors (PMVs) in Sokoto metropolis, Nigeria. MATERIALS AND METHODS: A cross-sectional study was conducted among 200 PMVs selected by multi-stage sampling tec...",,Exclude,Wrong outcome - not AB dispensing,,,,,[AUTO-R2] Title match - verify,MEDIUM,
REC-1720,OpenAlex,Brian Godman; MwasiMary Ann Mukokinya; Sylvia Opanga; Margaret Oluka,2018,Dispensing of antimicrobials in Kenya: A cross-sectional pilot study and its implications,Journal of Research in Pharmacy Practice,10.4103/jrpp.jrpp_17_88,"OBJECTIVE: The objective of this study was to evaluate the extent of self-medication of antibiotics and dispensing practices in Kenya. METHODS: A cross-sectional study was carried out at three selected pharmacies in Nairobi (Kenya), between January and March 2017, targeting principally antibiotic prescriptions for systemic use issued and dispensed as well as antibiotics sold over-the-counter without a prescription. The quality of antibiotics prescribed and dispensed was assessed against key W...",,Exclude,No relevant signals in title or abstract,,,,,[AUTO-R3] Possible intervention study - verify design,MEDIUM,
REC-1723,OpenAlex,Catherine E. Oldenburg; Ali Sié; Boubacar Coulibaly; Lucienne Ouèrmi; Clarisse Dah et al.,2018,Effect of Commonly Used Pediatric Antibiotics on Gut Microbial Diversity in Preschool Children in Burkina Faso: A Randomized Clinical Trial,Open Forum Infectious Diseases,10.1093/ofid/ofy289,"Abstract Background Exposure to antibiotics may result in alterations to the composition of intestinal microbiota. However, few trials have been conducted, and observational studies are subject to confounding by indication. We conducted a randomized controlled trial to determine the effect of 3 commonly used pediatric antibiotics on the intestinal microbiome in healthy preschool children. Methods Children aged 6–59 months were randomized (1:1:1:1) to a 5-day course of 1 of 3 antibiotics, incl...",,Exclude,Gut microbial diversity study - not pharmacy dispensing,,,,,[AUTO-R3] Possible intervention study - verify design,HIGH,
REC-1724,PubMed,Chang Jie; Lv Bing; Zhu Shan; Yu Jiale; Zhang Yu et al.,2018,"Non-prescription use of antibiotics among children in urban China: a cross-sectional survey of knowledge, attitudes, and practices.",Expert Rev Anti Infect Ther,10.1080/14787210.2018.1425616,"BACKGROUND: Non-prescription use of antibiotics in children is an important public health problem. We aimed to investigate primary caregivers' knowledge, attitudes, and practices of antibiotics use among children in urban China. METHODS: Knowledge, attitudes, and practices regarding antibiotics use in children were assessed through a cross-sectional questionnaire survey of 4200 caregivers of children under-7 years from three cities in China. Data were analyzed using descriptive statistics and...",,Exclude,No relevant signals in title or abstract,,,,,[AUTO-R2] Title match - verify,MEDIUM,
REC-1727,PubMed,Chowdhury Fahmida; Sturm-Ramirez Katharine; Mamun Abdullah Al; Iuliano A Danielle; Chisti Mohammod Jobayer et al.,2018,"Effectiveness of an educational intervention to improve antibiotic dispensing practices for acute respiratory illness among drug sellers in pharmacies, a pilot study in Bangladesh.",BMC Health Serv Res,10.1186/s12913-018-3486-y,"BACKGROUND: Inappropriate dispensing of antibiotics for acute respiratory illness (ARI) is common among drug sellers in Bangladesh. In this study, we evaluated the impact of an educational intervention to promote guidelines for better ARI management among drug sellers. METHODS: From June 2012 to December 2013, we conducted baseline and post-intervention surveys on dispensing practices in 100 pharmacies within Dhaka city. In these surveys, drug sellers participated in 6 standardized role-playi...",,Include,Educational intervention → antibiotic dispensing practices - community pharmacy,,,,,[AUTO-R2] Title match - verify,HIGH,
REC-1728,OpenAlex,Chrispus Mayora; Freddy Eric Kitutu; Ngianga‐Bakwin Kandala; Elizabeth Ekirapa Kiracho; Stefan Peterson et al.,2018,"Private retail drug shops: what they are, how they operate, and implications for health care delivery in rural Uganda",BMC Health Services Research,10.1186/s12913-018-3343-z,"BACKGROUND: Retail drug shops play a significant role in managing pediatric fevers in rural areas in Uganda. Targeted interventions to improve drug seller practices require understanding of the retail drug shop market and motivations that influence practices. This study aimed at describing the operational environment in relation to the Uganda National Drug Authority guidelines for setup of drug shops; characteristics, and dispensing practices of private retail drug shops in managing febrile c...",,Exclude,Wrong outcome - not AB dispensing,,,,,[AUTO-R3] Possible intervention study - verify design,MEDIUM,
REC-1747,PubMed,Erku Daniel Asfaw; Aberra Sisay Yifru,2018,Non-prescribed sale of antibiotics for acute childhood diarrhea and upper respiratory tract infection in community pharmacies: a 2 phase mixed-methods study.,Antimicrob Resist Infect Control,10.1186/s13756-018-0389-y,"BACKGROUND: Although prohibited by law and legal regulatory frameworks, non-prescribed sale of antibiotics in community medicine retail outlets (CMROs) remains a serious problem in Ethiopia. The aim of this study was to document the extent of and motivations behind non-prescribed sale of antibiotics among CMROs in Gondar town, Ethiopia. METHODS: A 2 phase mixed-methods study (a simulated patient visit followed by an in-depth interview) was conducted among CMROs in Gondar town, Ethiopia. Two c...",,Exclude,Qualitative only,,,,,[AUTO-R3] Possible intervention study - verify design,HIGH,
REC-1748,OpenAlex,Fakhir Thamir Alotaibi; Attiah Abdullrhman Khobrani; Mesfer Safar Almalki,2018,"Community Pharmacists' Knowledge, Attitude and Practices towards Dispensing Antibiotics without Prescription (DAwP)",The Egyptian Journal of Hospital Medicine,10.12816/0044556,"Background: As a result of the wide antibiotic abuse in many communities all over, bacterial resistance against different antibiotic formulas has aroused. It is an actual matter of importance because it touches up the most crucial principles of pharmacy and devoted work for medicine field in general.  Objectives: We have come to the aim of assessing the knowledge, attitude, and practice of pharmacists concerning dispensing antibiotics without prescription. We are discussing the ethical and le...",,Maybe,Possible relevance - verify study design,,,,,[AUTO] Strong inclusion signal,MEDIUM,
REC-1750,OpenAlex,Faten Alhomoud; Zainab Aljamea; Lama Basalelah,2018,“Antibiotics kill things very quickly” - consumers’ perspectives on non-prescribed antibiotic use in Saudi Arabia,BMC Public Health,10.1186/s12889-018-6088-z,"BACKGROUND: In recent decades, the Kingdom of Saudi Arabia has seen an exponentially growing antibiotic resistance, which is exacerbated by the use of antibiotics without a prescription and other various factors. However, no published data are available on factors influencing non-prescription use of antibiotics among the general public in Saudi Arabia using an in-depth interview technique. METHODS: Semi-structured interviews were carried out with 40 Saudi participants from the Eastern Provinc...",,Exclude,Qualitative only,,,,,[AUTO-R3] Possible intervention study - verify design,HIGH,
REC-1758,PubMed,Horumpende Pius G; Sonda Tolbert B; van Zwetselaar Marco; Antony Magreth L; Tenu Filemon F et al.,2018,"Prescription and non-prescription antibiotic dispensing practices in part I and part II pharmacies in Moshi Municipality, Kilimanjaro Region in Tanzania: A simulated clients approach.",PLoS One,10.1371/journal.pone.0207465,"Antibiotic dispensing without a prescription poses a threat to public health as it leads to excessive antibiotic consumption. Inappropriate antibiotic availability to the community has been documented to be amongst drivers of antimicrobial resistance emergence. Community pharmacies are a source of antibiotics in low and middle-income countries (LMICs). We aimed at assessing antibiotic dispensing practices by community pharmacy retailers in Moshi urban, Kilimanjaro, Tanzania and recommend inte...",,Maybe,Possible relevance - verify study design,,,,,[AUTO] Strong inclusion signal,MEDIUM,
REC-1759,PubMed,Hoxha Iris; Malaj Admir; Kraja Besmira; Bino Silvia; Oluka Margaret et al.,2018,Are pharmacists' good knowledge and awareness on antibiotics taken for granted? The situation in Albania and future implications across countries.,J Glob Antimicrob Resist,10.1016/j.jgar.2018.01.019,"OBJECTIVES: Irrational use of antibiotics is a major driver of antimicrobial resistance (AMR), exacerbated by dispensing of antibiotics without a prescription especially for typically viral infections. Such dispensing is common despite legislation. Pharmacists play a key role in advising on medicines, especially in countries where most patients seek pharmacist help as they cannot afford both physician fees and medicines. Consequently, our objective was to ascertain pharmacists' skills and kno...",,Exclude,No relevant signals in title or abstract,,,,,[AUTO-R3] Possible intervention study - verify design,MEDIUM,
REC-1760,PubMed,Ibrahim Inas R; Palaian Subish; Ibrahim Mohamed I,2018,"Assessment of diarrhea treatment and counseling in community pharmacies in Baghdad, Iraq: A simulated patient study.",Pharm Pract (Granada),10.18549/PharmPract.2018.04.1313,"BACKGROUND: Because community pharmacists are the most accessible healthcare professionals, they are often involved in managing minor ailments within the community setting. OBJECTIVE: This study evaluated the community pharmacists' history taking practice, medicine dispensing and advice in response to acute diarrhea. METHODS: Authors conducted a simulated-patient study in 75 community pharmacies in Baghdad, Iraq from February to May 2015. The female simulated-patient complained of acute diarr...",,Maybe,Possible relevance - verify study design,,,,,[AUTO-R2] Title match - verify,MEDIUM,
REC-1761,OpenAlex,Inayat Ur Rehman; Malik Muhammad Asad; Allah Bukhsh; Zahid Ali; Humera Ata et al.,2018,Knowledge and Practice of Pharmacists toward Antimicrobial Stewardship in Pakistan,Pharmacy,10.3390/pharmacy6040116,"Background: The irrational use, “over the counter supply”, and unregulated supply chains of antimicrobials are contributing toward antimicrobial resistance. Antimicrobial stewardship programs regulate antimicrobials usage to prevent resistance and reduce health care burden. Objective: To assess the knowledge and practice of pharmacists’ working in various healthcare settings toward antimicrobial stewardship in Pakistan. Method: A cross-sectional study was conducted among pharmacists working i...",,Exclude,No relevant signals in title or abstract,,,,,[AUTO-R2] Title match - verify,MEDIUM,
REC-1762,OpenAlex,J S Bulario; Ismael Cruz; Mariecel Pilapil; Marcos Manuel Marin Gutiérrez,2018,Factors Associated with Parental Self-medication of Antibiotics in Health Centers of Manila,KnE Social Sciences,10.18502/kss.v3i6.2427,.,,Maybe,No abstract - cannot screen; retrieve full text,,,,,[AUTO-R2] Title match - verify,LOW,
REC-1769,OpenAlex,Julie Parle; Rebecca Hodes; Thembisa Waetjen,2018,"Pharmaceuticals and modern statecraft in South Africa: the cases of opium, thalidomide and contraception.",Medical Humanities,10.1136/medhum-2018-011478,"This article provides a history of three pharmaceuticals in the making of modern South Africa. Borrowing and adapting Arthur Daemmrich's term 'pharmacopolitics', we examine how forms of pharmaceutical governance became integral to the creation and institutional practices of this state. Through case studies of three medicaments: opium (late 19th to early 20th century), thalidomide (late 1950s to early 1960s) and contraception (1970s to 2010s), we explore the intertwining of pharmaceutical regu...",,Exclude,No relevant signals in title or abstract,,,,,[AUTO-R2] Title match - verify,MEDIUM,
REC-1774,OpenAlex,Kasper Iversen; Nikolaj Ihlemann; Sabine Gill; Trine Madsen; Hanne Elming et al.,2018,Partial Oral versus Intravenous Antibiotic Treatment of Endocarditis,New England Journal of Medicine,10.1056/nejmoa1808312,"BACKGROUND: Patients with infective endocarditis on the left side of the heart are typically treated with intravenous antibiotic agents for up to 6 weeks. Whether a shift from intravenous to oral antibiotics once the patient is in stable condition would result in efficacy and safety similar to those with continued intravenous treatment is unknown. METHODS: In a randomized, noninferiority, multicenter trial, we assigned 400 adults in stable condition who had endocarditis on the left side of th...",,Exclude,No relevant signals in title or abstract,,,,,[AUTO-R3] Possible intervention study - verify design,MEDIUM,
REC-1787,OpenAlex,Luh Putu Lila Wulandari; Virginia Wiseman,2018,Engaging the private sector to improve antimicrobial use in the community,Public Health and Preventive Medicine Archive,10.53638/phpma.2018.v6.i2.p01,"The private sector has been an overlooked but major source of AMR in many LMICs, including Indonesia. Private drug sellers such as community pharmacies and drug stores therefore have a major part to play in educating patients, rationalising antibiotic use, and stopping antibiotic sales without a prescription. Drafting new laws and regulations to govern the private sector is, however, unlikely to provide a comprehensive solution to the problem of AMR. AMR research must be broadened to include ...",,Exclude,No relevant signals in title or abstract,,,,,[AUTO-R3] Possible intervention study - verify design,MEDIUM,
REC-1790,OpenAlex,M.H.F. Sakeena; Alexandra Bennett; Shazia Jamshed; Fahim Mohamed; Dilanthi R. Herath et al.,2018,Investigating knowledge regarding antibiotics and antimicrobial resistance among pharmacy students in Sri Lankan universities,BMC Infectious Diseases,10.1186/s12879-018-3107-8,"BACKGROUND: Antimicrobial resistance (AMR) is a major challenge for global health care. Pharmacists play a key role in the health care setting to help support the quality use of medicines. The education, training, and experiences of pharmacy students have the potential to impact on patterns of antibiotic use in community and hospital settings. The aim of this study was to investigate antibiotic use, knowledge of antibiotics and AMR among undergraduate pharmacy students at Sri Lankan universit...",,Exclude,No relevant signals in title or abstract,,,,,[AUTO] Strong inclusion signal,MEDIUM,
REC-1796,OpenAlex,Maryam Kotb; Marwan ElBagoury,2018,"Sale of Antibiotics without Prescriptions in Alexandria, Egypt",Journal of Pure and Applied Microbiology,10.22207/jpam.12.1.34,"Over the counter sale of antibiotics represents a worldwide threat and is progressively recognized as a basis of antibiotic misuse. In addition, it upsurges treatment costs, adverse effects of treatment, and development of resistance. The excessive practice of over the counter sale of antibiotics in Egypt rings a bell for the bad need to explore why such dispensing is taking place. The current study targets exploring the full picture of over the counter sale of antibiotics in the community ph...",,Exclude,No relevant signals in title or abstract,,,,,[AUTO-R2] Title match - verify,MEDIUM,
REC-1797,OpenAlex,Mary‐Anne Ahiabu; Pascal Magnussen; Ib Christian Bygbjerg; Britt Pinkowski Tersbøl,2018,Treatment practices of households and antibiotic dispensing in medicine outlets in developing countries: The case of Ghana,Research in Social and Administrative Pharmacy,10.1016/j.sapharm.2018.01.013,,,Maybe,No abstract - cannot screen; retrieve full text,,,,,[AUTO-R2] Title match - verify,LOW,
REC-1800,OpenAlex,Md. Jakaria; Atiqur Rahman; Mohammad Rasib Uddin Rahat; Mukimul Islam; Chayan Dhar Clinton et al.,2018,The irrational offering of benzodiazepines by medicine shops in Bangladesh: Recommends implementation of retail pharmacy as soon as possible,Bangladesh Journal of Medical Science,10.3329/bjms.v17i1.35303,"As controlled drugs, benzodiazepines are one of the most familiar prescription drugs. This present study was designed to determine the proportion of medicine shops that irrationally offered benzodiazepines without prescription in the Chittagong division of Bangladesh. A crosssectional study on the sample of 563 medicine shops was conducted from July 2015 to August 2015. A simulated client methodology was used to complete this survey. Among the total 539 medicine shops, 237(43.97%) medicine sh...",,Exclude,No relevant signals in title or abstract,,,,,[AUTO] Strong inclusion signal,MEDIUM,
REC-1815,PubMed,Oyetunde Olubukola; Williams Veronika,2018,Community pharmacists' views of the use of oral rehydration salt in Nigeria.,Int J Clin Pharm,10.1007/s11096-018-0616-x,"Background Oral rehydration salt (ORS) is an affordable and effective intervention for the management of acute watery diarrhoea (AWD), especially in children under 5 years. A knowledge/practice gap exists among community pharmacists (CPs) in Lagos, Nigeria, and in many low to middle income countries. This gap results in underutilization of ORS for diarrhoea management. Objective The objective was to explore CPs' views of the barriers and facilitators to the use of ORS in practice. Setting Com...",,Exclude,No relevant signals in title or abstract,,,,,[AUTO-R3] Possible intervention study - verify design,MEDIUM,
REC-1816,OpenAlex,PrasannaR Deshpande; AkshayV Mule; MayurChampalal Sharma; Akhila Raghunath,2018,A survey of antibiotics dispensing pattern in a community pharmacy of Pune city,Journal of the Scientific Society,10.4103/jss.jss_23_18,"Background: A community pharmacist is generally involved in the activities such as dispensing of drugs and medication aids, billing, patient counseling, and provision of pharmaceutical care. Even though there is huge scope to conduct research about all these aspects in India, community pharmacy-based research is found very rarely in literature. Aim: This study aims to assess dispensing pattern and economic aspects of antibiotics in a community pharmacy on an outpatient basis. Materials and Me...",,Exclude,Wrong outcome - not AB dispensing,,,,,[AUTO-R2] Title match - verify,MEDIUM,
REC-1818,OpenAlex,Rajeev Shrestha; Anish Ghale,2018,"Study of good pharmacy practice in community pharmacy of three districts of Kathmandu valley, Nepal",International Journal of Scientific Reports,10.18203/issn.2454-2156.intjscirep20184191,"Background: Medicines are an essential component of health-care services. The community pharmacies have great value in terms of providing medicinal services in developing countries. Good Pharmacy Practice (GPP) assesses whether the medicines are safe, effective, available, and accessible and are used correctly. The objective of the study is to assess the good pharmacy practice among community pharmacy of Kathmandu, Bhaktapur and Lalitpur districts. Methods: This was a cross-sectional prospect...",,Exclude,No relevant signals in title or abstract,,,,,[AUTO-R2] Title match - verify,MEDIUM,
REC-1837,OpenAlex,Sultan Alghadeer; Khalid Ayidh Aljuaydi; Salmeen D. Babelghaith; Abdullah Alhammad; Mohammed N. Al-Arifi,2018,Self-medication with antibiotics in Saudi Arabia,Saudi Pharmaceutical Journal,10.1016/j.jsps.2018.02.018,"INTRODUCTION: Despite of the global dilemma of antibiotics resistance, this issue is more worsen in developing countries or places where the antibiotics can be dispensed or purchased without prescription such as in Saudi Arabia. Most health awareness campaigns and published studies regarding the self-medication with antibiotics in Saudi Arabia are conducted within hospitals. The prevalence and reasons of self-medication with antibiotics were not well studied from community perspective in Saud...",,Exclude,No relevant signals in title or abstract,,,,,[AUTO-R2] Title match - verify,MEDIUM,
REC-1842,OpenAlex,Teh Jing Ying; Zainol Akbar Zainal; Izyan A. Wahab; Fauziah Zamri; Hasniza Zaman Huri,2018,"Knowledge, Attitude and Self-Medication Practice on Antibiotic use amongst General Public in AlorSetar, Kedah, Malaysia",Madridge Journal of Pharmaceutical Research,10.18689/mjpr-1000107,Madridge Journal of Pharmaceutical Research (MJPR) is an international peer-reviewed open access journal that provides global aid for experimental and theoretical studies of interdisciplinary articles on pharmaceutical sciences.,,Exclude,No relevant signals in title or abstract,,,,,[AUTO-R2] Title match - verify,MEDIUM,
REC-1854,OpenAlex,Xiaomin Wang; Leesa Lin; Ziming Xuan; Lu Li; Xudong Zhou,2018,Keeping Antibiotics at Home Promotes Self-Medication with Antibiotics among Chinese University Students,International Journal of Environmental Research and Public Health,10.3390/ijerph15040687,"BACKGROUND: Inappropriate use of antibiotics has caused antimicrobial resistance, presenting a major health challenge to the world population. Self-medication with antibiotics (SMA) is currently at an alarming level in China. OBJECTIVES: To determine the sources of antibiotics leftover at home, the risk factors of keeping antibiotics at home, and the associations between keeping antibiotics at home and SMA among Chinese university students. METHODS: Six provinces were purposely selected from ...",,Exclude,No relevant signals in title or abstract,,,,,[AUTO-R2] Title match - verify,MEDIUM,
REC-1873,OpenAlex,Anne R J Dekker; Theo Verheij; Berna DL Broekhuizen; Christopher Butler; Jochen Cals et al.,2017,Effectiveness of general practitioner online training and an information booklet for parents on antibiotic prescribing for children with respiratory tract infection in primary care: a cluster randomized controlled trial,Journal of Antimicrobial Chemotherapy,10.1093/jac/dkx542,"Objectives: Antibiotics are too often prescribed in childhood respiratory tract infection (RTI), despite limited effectiveness, potential side effects and bacterial resistance. We aimed to reduce antibiotic prescribing for children with RTI by online training for general practitioners (GPs) and information for parents. Methods: A pragmatic cluster randomized controlled trial in primary care. The intervention consisted of online training for GPs and an information booklet for parents. The prim...",,Exclude,GP online training → parent information - not pharmacy,,,,,[AUTO] Strong inclusion signal,HIGH,
REC-1876,OpenAlex,Antoun Jamhour; Ammar El-Kheir; Pascale Salameh; Pierre Abi Hanna; Hanine Mansour,2017,Antibiotic knowledge and self-medication practices in a developing country: A cross-sectional study,American Journal of Infection Control,10.1016/j.ajic.2016.11.026,,,Maybe,No abstract - cannot screen; retrieve full text,,,,,[AUTO-R2] Title match - verify,LOW,
REC-1881,PubMed,Barker Anna K; Brown Kelli; Ahsan Muneeb; Sengupta Sharmila; Safdar Nasia,2017,"What drives inappropriate antibiotic dispensing? A mixed-methods study of pharmacy employee perspectives in Haryana, India.",BMJ Open,10.1136/bmjopen-2016-013190,"OBJECTIVES: There are only 0.70 licensed physicians per 1000 people in India. Thus, pharmacies are a primary source of healthcare and patients often seek their services directly, especially in village settings. However, there is wide variability in a pharmacy employee's training, which contributes to inappropriate antibiotic dispensing and misuse. These practices increase the risk of antibiotic resistance and poor patient outcomes. This study seeks to better understand the factors that drive ...",,Exclude,No relevant signals in title or abstract,,,,,[AUTO-R2] Title match - verify,MEDIUM,
REC-1883,PubMed,Belkina Tatiana; Duvanova Natalia; Karbovskaja Julia; Tebbens Jurjen Duintjer; Vlcek Jiri,2017,"Antibiotic use practices of pharmacy staff: a cross-sectional study in Saint Petersburg, the Russian Federation.",BMC Pharmacol Toxicol,10.1186/s40360-017-0116-y,"BACKGROUND: Non-prescription access to antimicrobials is common, and self-prescribing is increasingly popular in Russian society. The aim of this study was to assess the attitudes of community pharmacists regarding antibiotic use and self-medication. METHODS: We conducted a cross-sectional study from September-December 2015 of community pharmacists in the Saint-Petersburg and Leningrad region, Russia. A self-administered questionnaire was used to assess antibiotic use and self-medication prac...",,Exclude,No relevant signals in title or abstract,,,,,[AUTO-R2] Title match - verify,MEDIUM,
REC-1886,OpenAlex,Betül Okuyan; Mehmet Ali Savan; Fikret Vehbi İzzettin; Mesut Sancar,2017,Evaluation of rational antibiotic dispensing in the community pharmacy setting: a simulated patient study,ACTA Pharmaceutica Sciencia,10.23893/1307-2080.aps.0558,"In the present study, it is aimed to evaluate rational antibiotic dispensing without prescription in the community pharmacy setting by using a simulated patient method. This study was conducted over a total of 70 pharmacies in Malatya, located in the east part of Turkey. The person, who acts the husband of a patient with acute uncomplicated rhinosinusitis, visited the pharmacies to conduct the simulated patient scenario. Of the total community pharmacies that were visited 55.7% of them were r...",,Maybe,Possible relevance - verify study design,,,,,[AUTO-R2] Title match - verify,MEDIUM,
REC-1891,OpenAlex,Brooke M. Ramay; L.Y. Infantes Cordova; Alejandro Cerón,2017,"Self-Medication with Antibiotics in Four Guatemala City Pharmacies: Characteristics, Sources of Information, Perceived Effects, and Motives",Digital Commons - DU (University of Denver),,"Few regulations guide the rational use of antibiotics in Low to Middle Income Countries (LMIC) facilitating self-medication with antibiotics (SMA). To describe the sources of information used when practicing SMA, perceived effects of SMA, and motives surrounding SMA practice in Guatemala. A descriptive, cross sectional questionnaire was administered to those purchasing antibiotics without a prescription in four Guatemala City pharmacies. Questions identified respondent demographics, origin of...",,Exclude,No relevant signals in title or abstract,,,,,[AUTO-R2] Title match - verify,MEDIUM,
REC-1894,PubMed,Chang Jie; Ye Dan; Lv Bing; Jiang Minghuan; Zhu Shan et al.,2017,Sale of antibiotics without a prescription at community pharmacies in urban China: a multicentre cross-sectional survey.,J Antimicrob Chemother,10.1093/jac/dkw519,OBJECTIVES: To quantify sales of antibiotics without a medical prescription and to assess the quality of pharmacy services in relation to the antibiotics sold in community pharmacies in urban China. METHODS: A multicentre cross-sectional survey of community pharmacies was undertaken in 2015 using the simulated client method. Two clinical case scenarios (paediatric diarrhoea and adult acute upper respiratory infection) were presented at systematically sampled community pharmacies in Eastern (N...,,Maybe,Possible relevance - verify study design,,,,,[AUTO] Strong inclusion signal,MEDIUM,
REC-1902,OpenAlex,Debora C. Kajeguka; Esuvat Moses,2017,"Self-medication practices and predictors for self-medication with antibiotics and antimalarials among community in Mbeya City, Tanzania",Tanzania journal of health research/Tanzania Journal of Health Research,10.4314/thrb.v19i4.6,"Background: Self-medication with antimalarials and antibiotics is highly practiced worldwide particularly in developing countries including Tanzania. This study was carried out to determine self-medication practices with antimalarials and antibiotics, and as well as predictors for self-medication among urban communities of Mbeya in Tanzania.Methods: A cross sectional descriptive community survey was conducted in Mbeya City in the South-western highlands of Tanzania from April to June 2016. Th...",,Exclude,No relevant signals in title or abstract,,,,,[AUTO-R2] Title match - verify,MEDIUM,
REC-1904,OpenAlex,Devarajan Rathish; Buddhika Wijerathne; Sandaruwan Bandara; Susanhitha Piumanthi; Chamali Senevirathna et al.,2017,Pharmacology education and antibiotic self-medication among medical students: a cross-sectional study,BMC Research Notes,10.1186/s13104-017-2688-4,"OBJECTIVE: Pharmacology teaches rational prescribing. Self-medication among medical students is recognised as a threat to rational prescribing. Antibiotic self-medication could cause antibiotic resistance among medical students. We aimed to find an association between pharmacology education and antibiotic self-medication. RESULTS: Overall, 39% [(110/285) 95% CI 32.9-44.3] of students were found to have antibiotic self-medication. The percentage for antibiotic self-medication progressively inc...",,Exclude,No relevant signals in title or abstract,,,,,[AUTO-R2] Title match - verify,MEDIUM,
REC-1916,OpenAlex,Fahmida Chowdhury; Katharine Sturm‐Ramirez; Abdullah Al Mamun; A. Danielle Iuliano; Mejbah Bhuiyan et al.,2017,"Factors driving customers to seek health care from pharmacies for acute respiratory illness and treatment recommendations from drug sellers in Dhaka city, Bangladesh",Patient Preference and Adherence,10.2147/ppa.s121800,"BACKGROUND: Pharmacies in Bangladesh serve as an important source of health service. A survey in Dhaka reported that 48% of respondents with symptoms of acute respiratory illness (ARI) identified local pharmacies as their first point of care. This study explores the factors driving urban customers to seek health care from pharmacies for ARI, their treatment adherence, and outcome. METHODS: A cross-sectional study was conducted among 100 selected pharmacies within Dhaka from June to December 2...",,Exclude,No relevant signals in title or abstract,,,,,[AUTO-R2] Title match - verify,MEDIUM,
REC-1933,OpenAlex,Jason C Gallagher; Julie Ann Justo; Elias B. Chahine; P. Brandon Bookstaver; Marc H. Scheetz et al.,2017,Preventing the Post-Antibiotic Era by Training Future Pharmacists as Antimicrobial Stewards,American Journal of Pharmaceutical Education,10.5688/ajpe6770,"Antimicrobials enable modern medicine, but their efficacy is a limited resource. In the past 20 years, antimicrobial development has slowed dramatically while antimicrobial resistance continues to rise. In response to this, there has been an increased focus on strategically managing antimicrobial use with an approach called ""antimicrobial stewardship."" Antimicrobial stewardship programs have been endorsed by health systems, professional societies, regulators, and government. These programs ha...",,Exclude,No relevant signals in title or abstract,,,,,[AUTO-R3] Possible intervention study - verify design,MEDIUM,
REC-1944,OpenAlex,Kathleen Maloney; Abigail Ward; Bonnie Krenz; Nora Petty; Lindsay Bryson et al.,2017,Expanding access to parasite-based malaria diagnosis through retail drug shops in Tanzania: evidence from a randomized trial and implications for treatment,Malaria Journal,10.1186/s12936-016-1658-y,"BACKGROUND: Tanzania has seen a reduction in the fraction of fevers caused by malaria, likely due in part to scale-up of control measures. While national guidelines require parasite-based diagnosis prior to treatment, it is estimated that more than half of suspected malaria treatment-seeking in Tanzania initiates in the private retail sector, where diagnosis by malaria rapid diagnostic test (RDT) or microscopy is illegal. This pilot study investigated whether the introduction of RDTs into Acc...",,Exclude,"Malaria RDT access through drug shops - wrong outcome (malaria, not NPD)",,,,,[AUTO-R2] Title match - verify,HIGH,
REC-1950,OpenAlex,Kurniawan Kurniawan; Jimmy Posangi; Nancy Rampengan,2017,"Association between public knowledge regarding antibiotics and self-medication with antibiotics in Teling Atas Community Health Center, East Indonesia",Medical Journal of Indonesia,10.13181/mji.v26i1.1589,"Background: Self-medication with antibiotics increases the risk of resistance, which leads to higher morbidity and mortality. The community plays an important role in preventing and controlling the spread of antibiotic resistance. This study aims to determine factors associated with antibiotics self-medication practices in the community, which are the key to developing effective intervention programs.Methods: This cross-sectional study was conducted between September and October 2015 at Telin...",,Exclude,No relevant signals in title or abstract,,,,,[AUTO-R2] Title match - verify,MEDIUM,
REC-1956,PubMed,Mansour Ossama; Al-Kayali Rawaa,2017,"Community Pharmacistsꞌ Role in Controlling Bacterial Antibiotic Resistance in Aleppo, Syria.",Iran J Pharm Res,,"Antibiotic resistance is a major public health concern. This study was conducted to evaluate the knowledge, attitudes of community pharmacists regarding antibiotic use and potential drug resistance besides assessing their behaviors about dispensing antibiotic without prescription and correlation of the outcomes with demographic variables. A cross-sectional survey was conducted on a random sample of 250 pharmacies in Aleppo, using validated self-administered questionnaire. The total scores of ...",,Exclude,No relevant signals in title or abstract,,,,,[AUTO-R3] Possible intervention study - verify design,MEDIUM,
REC-1963,PubMed,Marković-Peković Vanda; Grubiša Nataša; Burger Johanita; Bojanić Ljubica; Godman Brian,2017,Initiatives to Reduce Nonprescription Sales and Dispensing of Antibiotics: Findings and Implications.,J Res Pharm Pract,10.4103/jrpp.JRPP_17_12,"OBJECTIVE: Irrational use of antimicrobials is a major driver of antimicrobial resistance, exacerbated by dispensing antibiotics without a prescription. Our previous study suggested this was a problem in the Republic of Srpska despite legislation. Since then, a number of activities have been initiated. Consequently, the study aimed to ascertain whether these multiple initiatives had reduced this. METHODS: Patients visiting all community pharmacies in the Republic from October 2014 to July 201...",,Exclude,No relevant signals in title or abstract,,,,,[AUTO-R2] Title match - verify,MEDIUM,
REC-1971,OpenAlex,Mohamed Ezzat Khamis Amin; Amira Amine; Mohammad Shoukry Newegy,2017,Injudicious Provision of Subtherapeutic Doses of Antibiotics in Community Pharmacies,INNOVATIONS in pharmacy,10.24926/iip.v8i1.498,"Background: Egyptian pharmacists routinely provide antibiotics without a prescription. A few pills of common cold products are offered under the name “cold group”. A cold group may contain one or more pills of antibiotics. This study aimed to estimate the proportion of pharmacies that provide subtherapeutic doses of antibiotics in community pharmacies as part of a CG or upon direct request from a simulated client. Methods: A probability sample of community pharmacies in Alexandria, Egypt was ...",,Exclude,No relevant signals in title or abstract,,,,,[AUTO] Strong inclusion signal,MEDIUM,
REC-1975,OpenAlex,Mysia Paes; S.I. Sá,2017,Drug dispensing practices in private pharmacies in Goa,National Journal of Physiology Pharmacy and Pharmacology,10.5455/njppp.2017.7.1041109112017,"Background: In India, patients self-order both over-the-counter and prescription-only drugs in pharmacies, although the dispensing of the latter without a prescription is unlawful. Good pharmacy practice (GPP) guidelines have been framed and implemented in the country to help achieve standard practice. However, the quality of dispensing provided is inappropriate, especially in terms of counselling by the pharmacists at the time of dispensing. Aims and Objectives: This study was carried out to...",,Exclude,No relevant signals in title or abstract,,,,,[AUTO-R2] Title match - verify,MEDIUM,
REC-1976,PubMed,Nazir Shabnam; Azim Marium,2017,Assessment of antibiotic self-medication practice among public in the northwestern region of Pakistan.,Eur J Hosp Pharm,10.1136/ejhpharm-2015-000733,"BACKGROUND: Self-medication with antibiotics is a common practice, which may lead to the development of antimicrobial resistance (AMR)-a major health concern worldwide. The most common reason for the development of AMR is a lack of education and regulatory policies and the lack of community pharmacists. OBJECTIVE: To assess various factors that lead to self-medication with antibiotics, which might cause AMR and hinder effective healthcare. METHODS: A cross-sectional study was carried out usin...",,Exclude,No relevant signals in title or abstract,,,,,[AUTO-R2] Title match - verify,MEDIUM,
REC-1987,PubMed,Om Chhorvoin; Daily Frances; Vlieghe Erika; McLaughlin James C; McLaws Mary-Louise,2017,Pervasive antibiotic misuse in the Cambodian community: antibiotic-seeking behaviour with unrestricted access.,Antimicrob Resist Infect Control,10.1186/s13756-017-0187-y,BACKGROUND: Antibiotic misuse is widespread in resource-limited countries such as Cambodia where the burden of infectious diseases is high and access to antibiotics is unrestricted. We explored healthcare seeking behaviour related to obtaining antibiotics and drivers of antibiotic misuse in the Cambodian community. METHODS: In-depth interviews were held with family members of patients being admitted in hospitals and private pharmacies termed pharmacy attendants in the catchment areas of the h...,,Exclude,No relevant signals in title or abstract,,,,,[AUTO-R2] Title match - verify,MEDIUM,
REC-1992,OpenAlex,Perwez Khanam; Dana Haj Ali,2017,"Assessment of the Knowledge and Self-Medication Behaviours towards Antibiotics among Nursing Students at King Saud Bin Abdulaziz University for Health Sciences, Al Ahsa",Journal of Nursing & Care,10.4172/2167-1168.1000431,"Background: Self-medication with antibiotics is a common phenomenon, especially in the developing world where infectious diseases are common causes of death and a major cause of resistance towards antibiotics. Nursing students are susceptible to self-medication on the account of handling and having access to different types of antibiotics in their future practices. Objective: The aim of this study is to estimate the knowledge of antibiotics and prevalence of self-medication with antibiotics a...",,Exclude,No relevant signals in title or abstract,,,,,[AUTO-R2] Title match - verify,MEDIUM,
REC-2003,PubMed,Saha Shuvashis; Hossain Md Tawhid,2017,"Evaluation of medicines dispensing pattern of private pharmacies in Rajshahi, Bangladesh.",BMC Health Serv Res,10.1186/s12913-017-2072-z,"BACKGROUND: In developing country like BANGLADESH, people depend more on pharmacies due to expediency, shorter waiting time, cost reduction, availability of credit and flexible opening hours. The aim of this study was to investigate medicines dispensing patterns of the pharmacies in RAJSHAHI, BANGLADESH and to identify and analyze contribution of drugsellers and quacks in irrational drug use. METHODS: This cross-sectional study was conducted during January 2016 - April, 2016 in 75 randomly se...",,Exclude,No relevant signals in title or abstract,,,,,[AUTO-R2] Title match - verify,MEDIUM,
REC-2006,PubMed,Salim Anas M A; Elgizoli Bashir,2017,"Exploring the reasons why pharmacists dispense antibiotics without prescriptions in Khartoum state, Sudan.",Int J Pharm Pract,10.1111/ijpp.12317,"OBJECTIVES: The principal aim of this study was to explore the perspectives of community pharmacists in Khartoum State, Sudan about why they dispense antibiotics without prescription, and to understand their opinions about why they think patients self-medicate. METHODS: This was a qualitative exploratory interview study. Individual, in-depth face-to-face interviews were conducted with a convenience sample of 30 community pharmacists working in Khartoum State, Sudan in the period from May to J...",,Exclude,No relevant signals in title or abstract,,,,,[AUTO-R2] Title match - verify,MEDIUM,
REC-2007,OpenAlex,Sami Mohammed Albawani; Yahaya Bin Hassan; Noorizan Abd-Aziz; Shubashini Gnanasan,2017,"Self-medication with antibiotics in Sana’a City, Yemen",Tropical Journal of Pharmaceutical Research,10.4314/tjpr.v16i5.30,"Purpose: To determine the prevalence of self-medication with antibiotics in Sana’a City, Yemen and its associated risk factors.Methods: In a descriptive cross-sectional study, a self-administered questionnaire was developed and distributed among consumers attending community pharmacies in Sana’a city, Yemen. Chi-square test was used to identify the risk factors associated with self-medication with antibiotics.Results: The prevalence of antibiotics use during self-medication was 87.1 % (58.2 %...",,Exclude,No relevant signals in title or abstract,,,,,[AUTO-R2] Title match - verify,MEDIUM,
REC-2008,OpenAlex,Sara S. McMillan; Thachaayini Thangarajah; Claire Anderson; Fiona Kelly,2017,Pharmacy student decision making in over-the-counter medicine supply: A critical incident study,Research in Social and Administrative Pharmacy,10.1016/j.sapharm.2017.09.004,"BACKGROUND: Various factors influence decision making in over-the-counter (OTC) medicine consultations, yet limited studies have focused, in-depth, on the thought process of pharmacy staff. This includes pharmacy students as pharmacists-in-training. AIM: To explore the factors that influence pharmacy students' decisions in relation to OTC consultations and choice of OTC medicine/s. METHODS: Semi-structured interviews using the critical incident technique were undertaken with ten pharmacy stud...",,Exclude,No relevant signals in title or abstract,,,,,[AUTO-R3] Possible intervention study - verify design,MEDIUM,
REC-2012,OpenAlex,Sevgül Dönmez; Kıvanç Güngör; Pınar Göv,2017,"Knowledge, Attitude and Practice of Self-Medication with Antibiotics Among Nursing Students",International Journal of Pharmacology,10.3923/ijp.2018.136.143,"Background and Objective: Self-medication practice is a cause of growing concern among nursing students. Access to drugs and handling them in their future practices make nursing students susceptible to self-medication. This study was carried out to determine knowledge, attitude and practice towards self medication with antibiotic among nursing students. Materials and Methods: It was completed with 570 students as a descriptive study. Data were collected between February and March, 2016. The q...",,Exclude,No relevant signals in title or abstract,,,,,[AUTO-R2] Title match - verify,MEDIUM,
REC-2013,OpenAlex,Sharafaldeen Bin Nafisah; Salahaldin Bin Nafesa; Aliyah H. Alamery; Mazen A. Alhumaid; Haitham M. AlMuhaidib et al.,2017,"Over-the-counter antibiotics in Saudi Arabia, an urgent call for policy makers",Journal of Infection and Public Health,10.1016/j.jiph.2016.09.016,"Antibiotics over-consumption is a pandemic that has a tremendous cost on the overwhelmed healthcare system. The accessibility of antibiotics coupled with the misconception of public toward those drugs both of which implicated in the use and misuse of antibiotics. The aim of this study was to investigate the perception of the community toward antibiotics, its purpose and harmfulness, in addition to the accessibility of those drugs as over the counter and without prescriptions. We also investig...",,Exclude,No relevant signals in title or abstract,,,,,[AUTO-R2] Title match - verify,MEDIUM,
REC-2015,OpenAlex,Shukry Zawahir; Chathurangani Hettiarachchi; Hana Morrissey,2017,"ASSESSING KNOWLEDGE, PERCEPTION AND ATTITUDES ABOUT ANTIBIOTICS AMONG FINAL YEAR PHARMACY UNDERGRADUATES IN SRI LANKA",International Journal of Pharmacy and Pharmaceutical Sciences,10.22159/ijpps.2017v9i11.21891,"Objective: Anti-microbial resistance has become a global problem especially in developing countries. The aim of the study was to evaluate the effect of socio-demographic predictors amongst final year pharmacy undergraduates in Sri Lanka on their knowledge, perception and attitudes regarding antibiotic use.Methods: A questionnaire-based study involved final year pharmacy students from four public universities in Sri Lanka. Data on knowledge, attitudes and perception about the appropriate use o...",,Exclude,No relevant signals in title or abstract,,,,,[AUTO-R2] Title match - verify,MEDIUM,
REC-2024,OpenAlex,Syed Masud Ahmed; Nahitun Naher; Tarek Hossain; Lal Rawal,2017,Exploring the status of retail private drug shops in Bangladesh and action points for developing an accredited drug shop model: a facility based cross-sectional study,Journal of Pharmaceutical Policy and Practice,10.1186/s40545-017-0108-8,"BACKGROUND: The private retail drug shops market in Bangladesh is largely unregulated and unaccountable, giving rise to irrational use of drugs and high Out-of-pocket expenditure on health. These shops are served by salespersons with meagre or no formal training in dispensing. METHOD: This facility-based cross-sectional study was undertaken to investigate how the drug shops currently operate vis-a-vis the regulatory regime including dispensing practices of the salespersons, for identifying ke...",,Exclude,Wrong outcome - not AB dispensing,,,,,[AUTO-R2] Title match - verify,MEDIUM,
REC-2029,PubMed,Treibich Carole; Lescher Sabine; Sagaon-Teyssier Luis; Ventelou Bruno,2017,The expected and unexpected benefits of dispensing the exact number of pills.,PLoS One,10.1371/journal.pone.0184420,"BACKGROUND: From November 2014 to November 2015, an experiment in French community pharmacies replaced traditional pre-packed boxes by per-unit dispensing of pills in the exact numbers prescribed, for 14 antibiotics. METHODS: A cluster randomised control trial was carried out in 100 pharmacies. 75 pharmacies counted out the medication by units (experimental group), the other 25 providing the treatment in the existing pharmaceutical company boxes (control group). Data on patients under the two...",,Exclude,HIC country,,,,,[AUTO] Strong inclusion signal,HIGH,
REC-2031,OpenAlex,Vanda Marković‐Peković; Nataša Grubiša; Johanita R. Burger; Ljubica Bojanić; Brian Godman,2017,Initiatives to reduce non-prescription sales and dispensing of antibiotics in the Republic of Srpska : findings and implications,Strathprints: The University of Strathclyde institutional repository (University of Strathclyde),,"Objective: Irrational use of antimicrobials is a major driver of antimicrobial resistance, exacerbated by dispensing antibiotics without a prescription. Our previous study suggested this was a problem in the Republic of Srpska despite legislation. Since then, a number of activities have been initiated. Consequently, the study aimed to ascertain whether these multiple initiatives had reduced this. Methods: Patients visiting all community pharmacies in the Republic from October 2014 to July 201...",,Exclude,No relevant signals in title or abstract,,,,,[AUTO-R2] Title match - verify,MEDIUM,
REC-2056,OpenAlex,Anandhasayanam Aravamuthan; Mohanavalli Arputhavanan; Kannan Subramaniam; Sam Johnson Udaya Chander J,2016,Assessment of current prescribing practices using World Health Organization core drug use and complementary indicators in selected rural community pharmacies in Southern India,Journal of Pharmaceutical Policy and Practice,10.1186/s40545-016-0074-6,"BACKGROUND: Due to the lack of clear, comprehensive, and rational drug policy, the production of pharmaceutical preparations in India is distorted for the most part. Indian markets are flooded with more than 70,000 formulations, compared to approximately 350 formulations listed in the World Health Organization (WHO) Essential Drug List. Studies have indicated that majority of prescriptions in India are of drugs of ""doubtful efficacy."" To promote rational drug use in developing countries, asse...",,Exclude,No relevant signals in title or abstract,,,,,[AUTO-R2] Title match - verify,MEDIUM,
REC-2063,OpenAlex,Asif Hanif; Syed Muhammad Ashar; Rana Rabnawaz; Sufia Yasmeen,2016,"Self-medication of Antibiotics among the Students of Hamdard University, Pakistan",,,"Background: Self-medication is a major public health problem globally. Self-medication practices among the population in the form of use of over-the counter-drugs including antibiotics is on the increase. We aimed to assess the self-medication practices among the pharmacy students of the Institute of Pharmaceutical Sciences at the Hamdard University in Islamabad, Pakistan. Methods: We conducted a cross-sectional study by randomly selecting 200 participants whose views and practices were gathe...",,Exclude,No relevant signals in title or abstract,,,,,[AUTO-R2] Title match - verify,MEDIUM,
REC-2065,PubMed,Bahnassi Anas,2016,"Pharmacists Views and Practices in Regard to Sales of Antibiotics Without a Prescription in Madinah, Saudi Arabia.",J Patient Saf,10.1097/PTS.0000000000000087,"OBJECTIVE: The aim of this study was to investigate pharmacists views and practices in Madinah, Saudi Arabia, through conducting direct interviews including direct questions and hypothetical scenarios. METHODS: A purposeful sample of 150 community pharmacists of different ethnic and educational backgrounds were approached to participate in the study. Semistructured interviews including general questions and 5 hypothetical scenarios were used for the investigation. Complete transcripts of the int",,Maybe,Possible relevance - verify study design,,,,,[AUTO-R2] Title match - verify,MEDIUM,
REC-2070,OpenAlex,Biplab Pal; Krishna Murti; Ashok Gupta; Urmi Choudhury; Manoj Kumar Rastogi et al.,2016,Self Medication with Antibiotics among Medical and Pharmacy Students in North India,Current Research in Medicine,10.3844/amjsp.2016.7.12,"Self medication practices among the medical and paramedical professionals have been reported in many countries, however, very limited research was done exclusively on antibiotic in North India. This study was designed to assess the prevalence and pattern of antibiotic usage for self diagnosed diseases among the medical and pharmacy students. This was a questionnaire based cross sectional study conducted among medical and pharmacy students in North India. A total 326 students participated in t...",,Exclude,No relevant signals in title or abstract,,,,,[AUTO-R2] Title match - verify,MEDIUM,
REC-2080,PubMed,Ecker Lucie; Ruiz Joaquín; Vargas Martha; Del Valle Luis J; Ochoa Theresa J,2016,"[Prevalence of purchase of antibiotics without prescription and antibiotic recommendation practices for children under five years of age in private pharmacies in peri-urban areas of Lima, Peru].",Rev Peru Med Exp Salud Publica,,OBJECTIVES: To determine the prevalence of purchase of antibiotics without prescription and antibiotic recommendation for its use in children <5 years of age in private pharmacies in peri-urban areas of Lima. MATERIALS AND METHODS: An anonymous population survey was conducted among adults who bought an antibiotic for a child <5 years of age from a private pharmacy. Fictitious cases were applied in a subgroup of pharmacies to evaluate antibiotic recommendation practices. RESULTS: The prevalenc...,,Maybe,Possible relevance - verify study design,,,,,[AUTO-R2] Title match - verify,MEDIUM,
REC-2082,PubMed,Embrey Martha; Vialle-Valentin Catherine; Dillip Angel; Kihiyo Bernard; Mbwasi Romuald et al.,2016,Understanding the Role of Accredited Drug Dispensing Outlets in Tanzania's Health System.,PLoS One,10.1371/journal.pone.0164332,"INTRODUCTION: People in many low-income countries access medicines from retail drug shops. In Tanzania, a public-private partnership launched in 2003 used an accreditation approach to improve access to quality medicines and pharmaceutical services in underserved areas. The government scaled up the accredited drug dispensing outlet (ADDO) program nationally, with over 9,000 shops now accredited. This study assessed the relationships between community members and their sources of health care an...",,Exclude,No relevant signals in title or abstract,,,,,[AUTO-R2] Title match - verify,MEDIUM,
REC-2084,PubMed,Erku Daniel Asfaw,2016,Antimicrobial Stewardship: A Cross-Sectional Survey Assessing the Perceptions and Practices of Community Pharmacists in Ethiopia.,Interdiscip Perspect Infect Dis,10.1155/2016/5686752,,,Maybe,No abstract - cannot screen; retrieve full text,,,,,[AUTO-R2] Title match - verify,LOW,
REC-2085,PubMed,Erku Daniel Asfaw; Mekuria Abebe Basazn; Surur Abdrrahman Shemsu; Gebresillassie Begashaw Melaku,2016,"Extent of dispensing prescription-only medications without a prescription in community drug retail outlets in Addis Ababa, Ethiopia: a simulated-patient study.",Drug Healthc Patient Saf,10.2147/DHPS.S106948,"PURPOSE: This study was aimed at assessing the extent of dispensing prescription-only medications without a prescription in community drug retail outlets (CDROs) of Addis Ababa, Ethiopia. METHODS: A descriptive cross-sectional observational study design was used to sample 31 pharmacies, 25 drug stores, and two rural drug vendors from August 11, 2015, to October 21, 2015, through a simple random sampling method. A simulated-patient method of visit was implemented to collect data. Requests of s...",,Maybe,Possible relevance - verify study design,,,,,[AUTO-R2] Title match - verify,MEDIUM,
REC-2086,PubMed,Eslami Neda; Eshraghi Azadeh; Vaseghi Golnaz; Mehdizadeh Mona; Masjedi Moein et al.,2016,Pharmacists' Knowledge and Attitudes Towards Upper Respiratory Infections (URI) in Iran: A Cross Sectional Study.,Rev Recent Clin Trials,10.2174/1574887111666160908170618,"OBJECTIVES: To identify the knowledge and attitudes of community pharmacists towards upper respiratory infections. SETTING: The pharmacists, who participated in an annual clinical pharmacy congress in Tehran, were enrolled in this study. INTERVENTION: We conducted a cross-sectional descriptive study to assess the knowledge and attitudes of 72 community pharmacists towards upper respiratory infections (URI) using a questionnaire. MAIN OUTCOME MEASURES: We investigated the knowledge and attitud...",,Exclude,Hospital/inpatient setting,,,,,[AUTO] Strong inclusion signal,HIGH,
REC-2091,PubMed,Gebretekle Gebremedhin Beedemariam; Serbessa Mirgissa Kaba,2016,"Exploration of over the counter sales of antibiotics in community pharmacies of Addis Ababa, Ethiopia: pharmacy professionals' perspective.",Antimicrob Resist Infect Control,10.1186/s13756-016-0101-z,"BACKGROUND: Over the counter sale of antibiotics is a global problem and it is increasingly recognized as a source of antibiotic misuse and is believed to increase treatment costs, adverse effects of treatment and emergence of resistance. The increasing trend of over the counter sale of antibiotics in Ethiopia calls for exploration of why such dispensing is practiced. This study aims to explore reasons for over the counter sale of antibiotics in the community pharmacies of Addis Ababa, Ethiop...",,Exclude,No relevant signals in title or abstract,,,,,[AUTO-R2] Title match - verify,MEDIUM,
REC-2096,PubMed,Hadi Muhammad Abdul; Karami Nedaa Ali; Al-Muwalid Anhar S; Al-Otabi Areej; Al-Subahi Eshtyaq et al.,2016,"Community pharmacists' knowledge, attitude, and practices towards dispensing antibiotics without prescription (DAwP): a cross-sectional survey in Makkah Province, Saudi Arabia.",Int J Infect Dis,10.1016/j.ijid.2016.06.003,"OBJECTIVES: To evaluate knowledge, attitude, and practices of community pharmacists towards dispensing antibiotics without prescription (DAwP) in Makkah Province, Saudi Arabia. METHODS: A cross-sectional survey was conducted between January and February 2016 using a structured, validated, and pilot-tested questionnaire. A four-step systematic approach was used to recruit community pharmacists who completed a 28-item questionnaire either in English or Arabic language based on their personal pr...",,Maybe,Possible relevance - verify study design,,,,,[AUTO] Strong inclusion signal,MEDIUM,
REC-2099,PubMed,Ibrahim Mohamed I; Palaian Subish; Al-Sulaiti Fatima; El-Shami Somia,2016,Evaluating community pharmacy practice in Qatar using simulated patient method:acute gastroenteritis management.,Pharm Pract (Granada),10.18549/PharmPract.2016.04.800,"OBJECTIVE: To evaluate Qatari pharmacists' prescribing, labeling, dispensing and counseling practices in response to acute community-acquired gastroenteritis. METHODS: The simulated patient method was used in this study. Thirty pharmacies in Doha were randomly selected and further randomized into two groups: Face-to-Face (n=15) vs. Telephone-call (n=15) per simulated patient; 2 simulated patients were involved. Prescribing, labeling, dispensing and counseling practices were assessed. Data ana...",,Maybe,Possible relevance - verify study design,,,,,[AUTO-R2] Title match - verify,MEDIUM,
REC-2105,OpenAlex,Jie Chang; Daoliang Ye; Yu Fang,2016,The Sale of Antibiotics Without Prescription In Retail Pharmacies: A Cross-Sectional Survey In Three Cities of China,Value in Health,10.1016/j.jval.2016.08.715,,,Maybe,No abstract - cannot screen; retrieve full text,,,,,[AUTO-R2] Title match - verify,LOW,
REC-2109,OpenAlex,Kalkidan Yilma Weldesenbet,2016,"Suspected Tuberculosis Patient Identification and Referral by Private Drug Retail Outlet Workers in South Wollo, Ethiopia",Duo Research Archive (University of Oslo),,"My research now concluded but for this day to come I will never forget everyone who were with me in good and bad times of my research.First and for most, thanks to God for giving me very good opportunities in all my life.Thank you very much my dearest supervisors, who teach me ""what is research?""from bare ground.They were very patient and lovely for me for all my doings, for annoying and disappointing moments for",,Exclude,No relevant signals in title or abstract,,,,,[AUTO-R2] Title match - verify,MEDIUM,
REC-2110,PubMed,Kalungia Aubrey Chichonyi; Burger Johanita; Godman Brian; Costa Juliana de Oliveira; Simuwelu Chimwemwe,2016,Non-prescription sale and dispensing of antibiotics in community pharmacies in Zambia.,Expert Rev Anti Infect Ther,10.1080/14787210.2016.1227702,"BACKGROUND: In Zambia, antibiotics are categorized as prescription-only medicines. Antibiotics dispensed without a prescription pose a public health threat, which is a concern. Consequently, the aim is to ascertain the extent of non-prescription sales and dispensing of antibiotics in community pharmacies in Zambia. METHODS: The practice of non-prescription sale and dispensing were assessed in 73 randomly selected community retail pharmacies, using a structured interviewer-administered questio...",,Exclude,No relevant signals in title or abstract,,,,,[AUTO-R2] Title match - verify,MEDIUM,
REC-2114,OpenAlex,Kemal M. Surji,2016,Antibiotics Misuse and Factors Leading to Its’ Abuse in Kurdistan Region,"Journal of Health, Medicine and Nursing",10.7176/jhmn/24-2016-05,"Antimicrobial consumption is a major risk factor for antibiotic resistance and a routine practice in Kurdistan Region. Purchase of antibiotics without prescription by patients is a common practice by self-medication. Similarly, the majority of the people do not adhere to complete course of prescribed antibiotics because they often feel well after taking a few tablets. Unnecessary antibiotic use for viral illness is typical and will lead to increasing rates of antibiotic resistance. Self-medic...",,Exclude,No relevant signals in title or abstract,,,,,[AUTO-R3] Possible intervention study - verify design,MEDIUM,
REC-2119,OpenAlex,Laetitia Hattingh; Jonathan Hallett; Robert J. Tait,2016,‘Making the invisible visible’ through alcohol screening and brief intervention in community pharmacies: an Australian feasibility study,BMC Public Health,10.1186/s12889-016-3805-3,"BACKGROUND: Screening and brief interventions (SBI) for alcohol related problems have been shown to be effective in health settings such as general practice or emergency departments. Recent data from the United Kingdom and New Zealand suggest that SBI can be delivered through community pharmacies, but this approach has not been tested in Australia. This study assesses the feasibility of delivering alcohol SBI via community pharmacists. METHOD: We recruited five pharmacies and developed an SBI...",,Exclude,HIC country,,,,,[AUTO] Strong inclusion signal,HIGH,
REC-2124,OpenAlex,Lucie Ecker; Joaquı́m Ruiz; Martha Vargas; Luís J. del Valle; Theresa J. Ochoa,2016,"Prevalencia de compra sin receta y recomendación de antibióticos para niños menores de 5 años en farmacias privadas de zonas periurbanas en Lima, Perú",Revista Peruana de Medicina Experimental y Salud Pública,10.17843/rpmesp.2016.332.2152,OBJECTIVES: To determine the prevalence of purchase of antibiotics without prescription and antibiotic recommendation for its use in children <5 years of age in private pharmacies in peri-urban areas of Lima. MATERIALS AND METHODS: An anonymous population survey was conducted among adults who bought an antibiotic for a child <5 years of age from a private pharmacy. Fictitious cases were applied in a subgroup of pharmacies to evaluate antibiotic recommendation practices. RESULTS: The prevalenc...,,Exclude,No relevant signals in title or abstract,,,,,[AUTO-R3] Possible intervention study - verify design,MEDIUM,
REC-2137,OpenAlex,Mohan Jaganathan; Vallish BN; Brahadeesh Mayathevar; Raj Mahato,2016,"Non-prescription sale of antibiotics in pharmacies across Puducherry, India",International Journal of Basic & Clinical Pharmacology,10.18203/2319-2003.ijbcp20164096,"Background: Despite being illegal, non-prescription sales of antibiotics in India continue to be a major contributor to antibiotic abuse, which fosters antibiotic resistance.Methods: Two trained actors simulated symptoms of acute gastroenteritis (AGE) and upper respiratory tract infections (URTI) in 60 pharmacies each randomly selected in the Union Territory of Pondicherry, India. The ease of obtaining antibiotics, any additional enquiries made by the pharmacies, and any additional advise giv...",,Exclude,No relevant signals in title or abstract,,,,,[AUTO-R2] Title match - verify,MEDIUM,
REC-2142,OpenAlex,Muhammad Bilal,2016,Self-Medication with Antibiotics among People Dwelling in Rural Areas of Sindh,JOURNAL OF CLINICAL AND DIAGNOSTIC RESEARCH,10.7860/jcdr/2016/18294.7730,"INTRODUCTION: Self-medication with antibiotics is becoming increasingly common due to multiple factors. The public who are using these antibiotics generally do not have full information regarding their proper use, especially the dosages and possible side-effects. Hence, unregulated use of such medicines may cause dangerous adverse effects in the patients. AIM: The study was aimed to evaluate the prevalence and practice of self-medication with antibiotics among people dwelling in the rural are...",,Exclude,No relevant signals in title or abstract,,,,,[AUTO-R2] Title match - verify,MEDIUM,
REC-2148,OpenAlex,Ntobeko Magnate Mpanza,2016,"Factors that influence medical scheme insured consumers to co-pay for prescription medicines at private community pharmacies in Pretoria, Gauteng Province, South Africa",University of the Western Cape Electronic Theses and Dissertations Repository (University of the Western Cape),,Background: South African medical scheme members needlessly purchase high cost originator prescription medicines which attract out of pocket co-payments at pharmacies.This is despite availability of low priced generic medicines that are paid for in full by medical schemes.Copayments result from misalignment between prices of the dispensed medicine and that of the alternative medicine which appears on the medical scheme's formulary list and for which the scheme is prepared to pay for in full.T...,,Exclude,No relevant signals in title or abstract,,,,,[AUTO-R2] Title match - verify,MEDIUM,
REC-2152,OpenAlex,Paula Elouafkaoui; Linda Young; Rumana Newlands; Eilidh Duncan; Andrew Elders et al.,2016,An Audit and Feedback Intervention for Reducing Antibiotic Prescribing in General Dental Practice: The RAPiD Cluster Randomised Controlled Trial,PLoS Medicine,10.1371/journal.pmed.1002115,"BACKGROUND: Dentists prescribe approximately 10% of antibiotics dispensed in UK community pharmacies. Despite clear clinical guidance, dentists often prescribe antibiotics inappropriately. This cluster-randomised controlled trial used routinely collected National Health Service (NHS) dental prescribing and treatment claim data to compare the impact of individualised audit and feedback (A&F) interventions on dentists' antibiotic prescribing rates. METHODS AND FINDINGS: All 795 antibiotic presc...",,Exclude,Audit feedback → dental prescribing - wrong setting,,,,,[AUTO] Strong inclusion signal,HIGH,
REC-2162,OpenAlex,Sami Mohammed Albawani; Shubashini Gnanasan; Aziz N. Abd.; Yahaya Hassan,2016,Self-Medication with Antibiotics in Sana'a City,Value in Health,10.1016/j.jval.2016.08.685,,,Maybe,No abstract - cannot screen; retrieve full text,,,,,[AUTO-R2] Title match - verify,LOW,
REC-2166,PubMed,Satyanarayana Srinath; Kwan Ada; Daniels Benjamin; Subbaraman Ramnath; McDowell Andrew et al.,2016,Use of standardised patients to assess antibiotic dispensing for tuberculosis by pharmacies in urban India: a cross-sectional study.,Lancet Infect Dis,10.1016/S1473-3099(16)30215-8,"BACKGROUND: India's total antibiotic use is the highest of any country. Patients often receive prescription-only drugs directly from pharmacies. Here we aimed to assess the medical advice and drug dispensing practices of pharmacies for standardised patients with presumed and confirmed tuberculosis in India. METHODS: In this cross-sectional study in the three Indian cities Delhi, Mumbai, and Patna, we developed two standardised patient cases: first, a patient presenting with 2-3 weeks of pulmo...",,Exclude,No relevant signals in title or abstract,,,,,[AUTO-R2] Title match - verify,MEDIUM,
REC-2171,PubMed,Simba Daudi; Kakoko Deodatus; Semali Innocent; Kessy Anna; Embrey Martha,2016,Household Knowledge of Antimicrobials and Antimicrobial Resistance in the Wake of an Accredited Drug Dispensing Outlet (ADDO) Program Rollout in Tanzania.,PLoS One,10.1371/journal.pone.0163246,"INTRODUCTION: Private sector drug shops are an important source of medicines in Tanzania. In 2003, the government introduced the accredited drug dispensing outlet (ADDO) program to improve access to good-quality medicines in rural and peri-urban areas that have frequent drug shortages in public health facilities and few or no registered pharmacies. However, increasing access may also contribute to antimicrobial resistance (AMR) due to the potential overuse and misuse of drugs. METHODS: We con...",,Include,ADDO (accredited drug dispensing outlet) knowledge study - verify if intervention component,,,,,[AUTO-R2] Title match - verify,HIGH,
REC-2173,PubMed,Soumya R; Devarashetty Vijayalakshmi; Jayanthi C R; Sushma M,2016,Drug dispensing practices at pharmacies in Bengaluru: A cross-sectional study.,Indian J Pharmacol,10.4103/0253-7613.186204,"OBJECTIVES: Pharmacists are one of the crucial focal points for health care in the community. They have tremendous outreach to the public as pharmacies are often the first-port-of-call. With the increase of ready-to-use drugs, the main health-related activity of a pharmacist today is to assure the quality of dispensing, a key element to promote rational medicine use. MATERIALS AND METHODS: A cross-sectional study of 200 pharmacies, 100 each in various residential (R) and commercial (C) areas ...",,Exclude,No relevant signals in title or abstract,,,,,[AUTO-R2] Title match - verify,MEDIUM,
REC-2174,OpenAlex,Tadesse Melaku Abegaz; Sewunet Admasu; Tamrat Befekadu; Begashaw Melaku Gebresillassie; Fitsum Sebsibe Teni et al.,2016,Management of children’s acute diarrhea by community pharmacies in five towns of Ethiopia: simulated client case study,Therapeutics and Clinical Risk Management,10.2147/tcrm.s98474,"BACKGROUND: Acute diarrhea is the major cause of child morbidity and mortality in low-income nations. It is the second most common cause of death among children <5 years of age globally. The indispensable role of community pharmacists is clearly observed in the prevention and treatment of diarrhea. However, there is a paucity of data on how community pharmacies manage acute childhood diarrhea cases in Ethiopia. This study aimed to evaluate the experience of community pharmacies in the managem...",,Maybe,Possible relevance - verify study design,,,,,[AUTO] Strong inclusion signal,MEDIUM,
REC-2192,OpenAlex,Abdur Rakib; Md Shahid Sarwar; Shaheda Zannah; Sayema Khanum; Mamunur Rashid,2015,"A Survey of the Role of Community Pharmacists in Dhaka city, Bangladesh",Bangladesh Pharmaceutical Journal,10.3329/bpj.v18i2.24312,"Community pharmacists play a vital role in improving medication safety and better healthcare facility to the community. Unfortunately, the field of community pharmacy in Bangladesh is still to be developed and there is scarcity of data regarding current role of community pharmacists in Bangladesh. The present study was conducted to find out the role of community pharmacists in Bangladesh. For the study purpose, we visited 42 retail pharmacies in Banani, Khilkhet and Uttra areas of Dhaka city ...",,Exclude,No relevant signals in title or abstract,,,,,[AUTO-R2] Title match - verify,MEDIUM,
REC-2195,OpenAlex,Alike W. van der Velden; Marijke M Kuyvenhoven; Theo Verheij,2015,Improving antibiotic prescribing quality by an intervention embedded in the primary care practice accreditation: the ARTI4 randomized trial,Journal of Antimicrobial Chemotherapy,10.1093/jac/dkv328,"OBJECTIVES: Antibiotic overprescribing is a significant problem. Multifaceted interventions improved antibiotic prescribing quality; their implementation and sustainability, however, have proved difficult. We analysed the effectiveness of an intervention embedded in the quality cycle of primary care practice accreditation on quantity and quality of antibiotic prescribing for respiratory tract and ear infections (RTIs). METHODS: This was a pragmatic, cluster-randomized intervention trial in 88...",,Exclude,Antibiotic prescribing in primary care (not community pharmacy dispensing),,,,,[AUTO] Strong inclusion signal,HIGH,
REC-2198,OpenAlex,Ammar Almaaytah; Tareq L. Mukattash; Julia Hajaj,2015,Dispensing of non-prescribed antibiotics in Jordan,Patient Preference and Adherence,10.2147/ppa.s91649,"OBJECTIVE: Current regulations in Jordan state that antibiotics cannot be sold without a medical prescription. This study aimed to assess the percentage of pharmacies that dispense antibiotics without a medical prescription in the Kingdom of Jordan and identify and highlight the extent and seriousness of such practices among Jordanian pharmacies. METHODS: A prospective study was performed, and five different clinical scenarios were simulated at pharmacies investigated including sore throat, o...",,Exclude,No relevant signals in title or abstract,,,,,[AUTO-R3] Possible intervention study - verify design,MEDIUM,
REC-2201,OpenAlex,Anita Shet; Suba Sundaresan; Birger C. Forsberg,2015,Pharmacy-based dispensing of antimicrobial agents without prescription in India: appropriateness and cost burden in the private sector,Antimicrobial Resistance and Infection Control,10.1186/s13756-015-0098-8,"BACKGROUND: Inappropriate antibiotic use for treatment of common self-limiting infections is a major problem worldwide. We conducted this study to determine prevalence of non-prescription sale of antimicrobial drugs by pharmacies in Bangalore, India, and to assess their associated avoidable cost within the Indian private healthcare sector. METHODS: Between 2013 and 2014, two researchers visited 261 pharmacies with simulated clinical scenarios; upper respiratory tract infection in an adult and...",,Maybe,Community pharmacy + LMIC + AB dispensing - verify study design for intervention arm,,,,,[AUTO] Descriptive/prevalence - verify design,MEDIUM,
REC-2202,PubMed,Ansah Evelyn K; Narh-Bana Solomon; Affran-Bonful Harriet; Bart-Plange Constance; Cundill Bonnie et al.,2015,The impact of providing rapid diagnostic malaria tests on fever management in the private retail sector in Ghana: a cluster randomized trial.,BMJ,10.1136/bmj.h1019,"OBJECTIVE: To examine the impact of providing rapid diagnostic tests for malaria on fever management in private drug retail shops where most poor rural people with fever present, with the aim of reducing current massive overdiagnosis and overtreatment of malaria. DESIGN: Cluster randomized trial of 24 clusters of shops. SETTING: Dangme West, a poor rural district of Ghana. PARTICIPANTS: Shops and their clients, both adults and children. INTERVENTIONS: Providing rapid diagnostic tests with rea...",,Exclude,Malaria RDT in private sector - wrong outcome,,,,,[AUTO] Strong inclusion signal,HIGH,
REC-2203,OpenAlex,Anthony K. Mbonye; Pascal Magnussen; Sham Lal; Kristian Schultz Hansen; Bonnie Cundill et al.,2015,A Cluster Randomised Trial Introducing Rapid Diagnostic Tests into Registered Drug Shops in Uganda: Impact on Appropriate Treatment of Malaria,PLoS ONE,10.1371/journal.pone.0129545,"BACKGROUND: Inappropriate treatment of malaria is widely reported particularly in areas where there is poor access to health facilities and self-treatment of fevers with anti-malarial drugs bought in shops is the most common form of care-seeking. The main objective of the study was to examine the impact of introducing rapid diagnostic tests for malaria (mRDTs) in registered drug shops in Uganda, with the aim to increase appropriate treatment of malaria with artemisinin-based combination thera...",,Exclude,Malaria RDT in drug shops - wrong outcome,,,,,[AUTO] Strong inclusion signal,HIGH,
REC-2209,OpenAlex,Brooke M. Ramay; Paola Lambour; Alejandro Cerón,2015,Comparing antibiotic self-medication in two socio-economic groups in Guatemala City: a descriptive cross-sectional study,BMC Pharmacology and Toxicology,10.1186/s40360-015-0011-3,BACKGROUND: Self-medication with antibiotics may result in antimicrobial resistance and its high prevalence is of particular concern in Low to Middle Income Countries (LMIC) like Guatemala. A better understanding of self-medication with antibiotics may represent an opportunity to develop interventions guiding the rational use of antibiotics. We aimed to compare the magnitude of antibiotic self-medication and the characteristics of those who self-medicate in two pharmacies serving disparate so...,,Exclude,No relevant signals in title or abstract,,,,,[AUTO-R2] Title match - verify,MEDIUM,
REC-2214,PubMed,Chalker John C; Vialle-Valentin Catherine; Liana Jafary; Mbwasi Romuald; Semali Innocent A et al.,2015,What roles do accredited drug dispensing outlets in Tanzania play in facilitating access to antimicrobials? Results of a multi-method analysis.,Antimicrob Resist Infect Control,10.1186/s13756-015-0075-2,"BACKGROUND: People in low-income countries purchase a high proportion of antimicrobials from retail drug shops, both with and without a prescription. Tanzania's accredited drug dispensing outlet (ADDO) program includes dispenser training, enforcement of standards, and the legal right to sell selected antimicrobials. We assessed the role of ADDOs in facilitating access to antimicrobials. METHODS: We purposively chose four regions, randomly selected three districts and five wards per district. ...",,Exclude,No relevant signals in title or abstract,,,,,[AUTO-R2] Title match - verify,MEDIUM,
REC-2218,PubMed,Diwan Vishal; Sabde Yogesh D; Byström Emma; De Costa Ayesha,2015,"Treatment of pediatric diarrhea: a simulated client study at private pharmacies of Ujjain, Madhya Pradesh, India.",J Infect Dev Ctries,10.3855/jidc.5694,"INTRODUCTION: In low- and middle-income countries such as India, private pharmacies play an important role in medical treatments, offering advice for common illnesses such as diarrhea and respiratory tract infections. There is a need to explore the details of the dispensing practices at the private pharmacies in low- and middle-income countries. METHODOLOGY: The present study used simulated client methodology to assess the actual dispensing practices for patients with pediatric diarrhea at pr...",,Maybe,Possible relevance - verify study design,,,,,[AUTO] Strong inclusion signal,MEDIUM,
REC-2219,OpenAlex,Edmund Rutta; Jafary Liana; Martha Embrey; Keith Johnson; Suleiman Kimatta et al.,2015,Accrediting retail drug shops to strengthen Tanzania’s public health system: an ADDO case study,Journal of Pharmaceutical Policy and Practice,10.1186/s40545-015-0044-4,"INTRODUCTION: Retail drug sellers are a major source of health care and medicines in many countries. In Tanzania, drug shops are widely used, particularly in rural and underserved areas. Previously, the shops were allowed to sell only over-the-counter medicines, but sellers who were untrained and unqualified often illegally sold prescription drugs of questionable quality. CASE DESCRIPTION: In 2003, we worked with Tanzania's Ministry of Health and Social Welfare to develop a public-private par...",,Include,ADDO accreditation intervention → Tanzania retail drug shops,,,,,[AUTO-R2] Title match - verify,HIGH,
REC-2226,OpenAlex,"Fakultas Farmasi Universitas Padjadjaran, Sumedang, Indonesia; Annisa N. Insany; Dika P. Destiani; Fakultas Farmasi Universitas Padjadjaran, Sumedang, Indonesia; Anwar Sani et al.",2015,Association between Perceived Value and Self-Medication with Antibiotics: An Observational Study Based on Health Belief Model Theory,Indonesian Journal of Clinical Pharmacy,10.15416/ijcp.2015.4.2.77,Tingginya perilaku swamedikasi antibiotik dapat meningkatkan peluang penggunaan antibiotik yang tidak rasional sehingga berdampak pada peningkatan resistensi antibiotik. Perubahan perilaku swamedikasi antibiotik diperlukan untuk menurunkan penggunaan antibiotik yang irasional. Penelitian ini bertujuan untuk mengetahui hubungan persepsi masyarakat terhadap praktik swamedikasi antibiotik yang bermanfaat untuk mengembangkan model intervensi dalam rangka menurunkan praktik swamedikasi antibiotik ...,,Exclude,No relevant signals in title or abstract,,,,,[AUTO-R2] Title match - verify,MEDIUM,
REC-2227,PubMed,Farah Rita; Lahoud Nathalie; Salameh Pascale; Saleh Nadine,2015,Antibiotic dispensation by Lebanese pharmacists: a comparison of higher and lower socio-economic levels.,J Infect Public Health,10.1016/j.jiph.2014.07.003,"INTRODUCTION: Indiscriminate use of antibiotics contributes to a global spread of antimicrobial resistance. Previous studies showed an excessive consumption of antibiotics purchased without medical prescription from community pharmacies, mainly in developing countries. There is a shortage of studies revealing the role of community pharmacists in the overuse of antibiotics. Our objective is to study the dispensing policy of non-medical prescription antibiotics in community pharmacies, assessing t",,Exclude,No relevant signals in title or abstract,,,,,[AUTO-R3] Possible intervention study - verify design,MEDIUM,
REC-2237,OpenAlex,Iris Hoxha; Admir Malaj; Rea Tako; Ledjan Malaj,2015,SURVEY ON HOW ANTIBIOTICS ARE DISPENSED IN COMMUNITY PHARMACIES IN ALBANIA,International Journal of Pharmacy and Pharmaceutical Sciences,,"Objective: To evaluate pharmacists’ tendency to dispense antibiotics without prescription. Methods : A random survey was conducted for this study. Statistical analyses were made with Open Epi. Research group personnel were instructed to ask the question I need to get a package of amoxicillin, when posing as simulated patients in pharmacies. The main outcome of the study was considered percentages of approval of this request. Results: Out of 450 pharmacies visited in this survey. In 259 pharma...",,Exclude,No relevant signals in title or abstract,,,,,[AUTO-R3] Possible intervention study - verify design,MEDIUM,
REC-2246,OpenAlex,Laura Jade Hancock; Callan Mellor,2015,An evaluation of antimicrobial stewardship in community pharmacy,Fields journal of Huddersfield student research,10.5920/fields.2016.2123,"This study investigated several aspects of antimicrobial stewardship by gathering information from community pharmacists and members of the public. The aim was to identify how community pharmacists implement antimicrobial stewardship guidelines and influence patients on the use of antibiotics. This study required and received approval from the University of Huddersfield Ethics Committee. Information and opinions of community pharmacists in the Kirklees and Calderdale areas, and surrounding lo...",,Exclude,No relevant signals in title or abstract,,,,,[AUTO-R2] Title match - verify,MEDIUM,
REC-2253,OpenAlex,Mesut Sancar; Ertan Tezcan; Betül Okuyan; FV Izzettin,2015,Assessment of the attitude of community pharmacists and pharmacy technicians towards diarrhea: A simulated patient study in Turkey,Tropical Journal of Pharmaceutical Research,10.4314/tjpr.v14i8.26,"Purpose: To evaluate community pharmacists' and pharmacy technicians' counselling practices regarding diarrhea in Istanbul-Turkey using a simulated patient study.Methods: This study was conducted in a total of one hundred community pharmacies located in two different districts of Istanbul, Turkey. Diarrhea cases involving patients of different age groups were designed and assigned to simulated patients who visited the pharmacies. After leaving a neighbourhood pharmacy, the simulated patients ...",,Maybe,Possible relevance - verify study design,,,,,[AUTO-R2] Title match - verify,MEDIUM,
REC-2267,PubMed,Northey Alyce; McGuren Therese; Stupans Ieva,2015,Patients' antibiotic knowledge: a trial assessing the impact of verbal education.,Int J Pharm Pract,10.1111/ijpp.12136,"OBJECTIVES: The purpose of this study was to assess the effectiveness of involving community pharmacy staff in patient education about antibiotic resistance, thus improving antibiotic knowledge. METHODS: Thirty-four patients presenting a valid antibiotic script for dispensing at three community pharmacies in regional New South Wales, Australia were randomly allocated by ballot draw to an intervention group or control group. Those in the intervention group were provided with verbal education base",,Exclude,HIC country,,,,,[AUTO] Strong inclusion signal,HIGH,
REC-2273,OpenAlex,Paulina Salminen; Hannu Paajanen; Tero Rautio; Pia Nordström; Markku Aarnio et al.,2015,Antibiotic Therapy vs Appendectomy for Treatment of Uncomplicated Acute Appendicitis,JAMA,10.1001/jama.2015.6154,"IMPORTANCE: An increasing amount of evidence supports the use of antibiotics instead of surgery for treating patients with uncomplicated acute appendicitis. OBJECTIVE: To compare antibiotic therapy with appendectomy in the treatment of uncomplicated acute appendicitis confirmed by computed tomography (CT). DESIGN, SETTING, AND PARTICIPANTS: The Appendicitis Acuta (APPAC) multicenter, open-label, noninferiority randomized clinical trial was conducted from November 2009 until June 2012 in Finla...",,Exclude,No relevant signals in title or abstract,,,,,[AUTO-R3] Possible intervention study - verify design,MEDIUM,
REC-2274,OpenAlex,Phyllis Awor; Henry Wamani; Thorkild Tylleskär; Stefan Peterson,2015,"Drug seller adherence to clinical protocols with integrated management of malaria, pneumonia and diarrhoea at drug shops in Uganda",Malaria Journal,10.1186/s12936-015-0798-9,"BACKGROUND: Drug shops are usually the first source of care for febrile children in Uganda although the quality of care they provide is known to be poor. Within a larger quasi-experimental study introducing the WHO/UNICEF recommended integrated community case management (iCCM) of malaria, pneumonia and diarrhoea intervention for community health workers in registered drug shops, the level of adherence to clinical protocols by drug sellers was determined. METHODS: All drug shops (N = 44) in th...",,Maybe,Intervention + pharmacy - verify AB dispensing outcome specifically,,,,,[AUTO-R2] Title match - verify,MEDIUM,quasi-experimental
REC-2295,OpenAlex,SuleimanIbrahim Sharif; Bara'ahE. M. Masalmeh; Ala Osama; LailaM. T. Bugaighis; YousraA. A. Abdulmqasood et al.,2015,Parents' knowledge and attitude to self-medication of children with antibiotics,Archives of Pharmacy Practice,10.4103/2045-080x.166592,"Objective: The aim of this study was to determine the prevalence of self-medication with antibiotics in children. Materials and Methods: This study was based on a prevalidated questionnaire distributed to 205 families in the United Arab Emirates, during the period of January-October 2014, on self-medication of their children with antibiotics. Data were collected and analyzed using Microsoft Excel® and expressed in terms of both counts and percentages. Results: The response rate was 92.7% most...",,Exclude,No relevant signals in title or abstract,,,,,[AUTO-R2] Title match - verify,MEDIUM,
REC-2296,OpenAlex,Suvadip Biswas; Aritra Ghosh; Krishnendu Mondal; Saikat Kumar Dalui; Mithilesh Haldar et al.,2015,Self-medication with antibiotics among undergraduate nursing students of a government medical college in Eastern India,Scholar Science Journals - International Journal of Biomedical Research,10.7439/ijpr.v5i10.2573,"Antibiotics serve very useful therapeutic purpose in eradicating pathogens.Unfortunately excessive and inappropriate use of antibiotics results in antibiotic resistance.The consequences of inappropriate self-medication with antibiotics among healthcare professionals have severe implications which might be legal issues, ethical issues, negative impacts on patients and poor quality of health care delivery.The present study was conducted on self-medication by undergraduate nursing students in a ...",,Exclude,No relevant signals in title or abstract,,,,,[AUTO-R2] Title match - verify,MEDIUM,
REC-2307,OpenAlex,Yasir Shahzad,2015,Involvement of the Private Retail Pharmacies in Pakistan Tuberculosis Control,Duo Research Archive (University of Oslo),,"Tuberculosis is the second leading cause of death globally from a contagious disease. Pakistan is at 4th position among the twenty two high TB burden countries. National tuberculosis control programme (NTP) Pakistan has acheived 100 % directly observed treatment short-course coverage in public sector but large proportion of TB patients take care from private sector, generally outside the system of NTP. NTP had taken various initiatives in TB control, including the engagement of the private se...",,Exclude,No relevant signals in title or abstract,,,,,[AUTO-R2] Title match - verify,MEDIUM,
REC-2315,PubMed,Alabid Alamin Hassan M A; Ibrahim Mohamed Izham Mohamed; Hassali Mohamed Azmi,2014,"Antibiotics Dispensing for URTIs by Community Pharmacists (CPs) and General Medical Practitioners in Penang, Malaysia: A Comparative Study using Simulated Patients (SPs).",J Clin Diagn Res,10.7860/JCDR/2014/6199.3923,"BACKGROUND: In Malaysia, doctors in private clinics (often called dispensing doctors) are permitted to dispense medicines. This potentially may compromise rational dispensing of medicines in general and antibiotics in particular. AIM: This study explored, assessed and compared dispensing of antibiotics between Community Pharmacist (CP) and General Practitioners (GPs) regarding symptomatic diagnosis, antibiotic categories, adherence to therapeutic doses and promotion of generic antibiotics. METHO",,Exclude,No relevant signals in title or abstract,,,,,[AUTO-R2] Title match - verify,MEDIUM,
REC-2317,OpenAlex,Ali Lateef Jasim,2014,PARENTAL SELF MEDICATION OF ANTIBIOTICS FOR CHILDREN IN BAGHDAD CITY,International Journal of Pharmacy and Pharmaceutical Sciences,,Objective: to evaluate many factors associated with self medication practice of parents for the behalf of their children . Methods: This study was designed as the cross sectional descriptive study in which the data was collected via direct interviews with the parents using previously prepared questionnaires. A total of 124 parents with the practice of self medication for their children were included. Results: The majority of children were 1-6 years old and male children were slightly more tha...,,Exclude,No relevant signals in title or abstract,,,,,[AUTO-R2] Title match - verify,MEDIUM,
REC-2320,OpenAlex,Amjad Abuirmeileh; Sondos Samara; Alaa Alkhodari; Anas Bahnassi; Ahmad Talhouni et al.,2014,ANTIBIOTIC DISPENSING WITHOUT PRESCRIPTION IN JORDANIAN COMMUNITY PHARMACIES: A PHARMACIST’S PERSPECTIVE,Bulletin of Pharmaceutical Sciences Assiut,10.21608/bfsa.2014.62622,"The sale of antibiotics without medical prescriptions has been recognized as a major source of drug misuse and medication risk in Jordan. This practice constitutes one of the major causes of the on going problem of antibiotic resistance. This study provides a pharmacist perspective on the problem through presenting the most common antibiotics dispensed, the related indications, and pharmacists proposed solutions to this problem in the city of Amman, Jordan. This was achieved by means of a str...",,Maybe,Possible relevance - verify study design,,,,,[AUTO-R2] Title match - verify,MEDIUM,
REC-2323,OpenAlex,Anas Bahnassi,2014,A qualitative analysis of pharmacists' attitudes and practices regarding the sale of antibiotics without prescription in Syria,Journal of Taibah University Medical Sciences,10.1016/j.jtumed.2014.09.001,"Objectives Antibiotic resistance poses an alarming threat in antimicrobial therapy worldwide. This practice is widely spread in Syria as in other countries. This study aims to investigate the Syrian pharmacists' attitudes and practices in regard to antibiotic dispensing without prescription. Methods Direct interview questions and five hypothetical scenarios were presented to 350 pharmacists in 3 major Syrian cities. Interview transcripts were prepared, coded, and categorized under 5 major the...",,Exclude,Qualitative only,,,,,[AUTO-R2] Title match - verify,HIGH,
REC-2333,OpenAlex,Catherine Birabwa; Jude Murison; Valerie Evans; Celestino Obua; Amon Ganafa Agaba et al.,2014,The availability of six tracer medicines in private medicine outlets in Uganda,Journal of Pharmaceutical Policy and Practice,10.1186/s40545-014-0018-y,"OBJECTIVES: Many low income countries struggle to provide safe and effective medicines due to poor public health care infrastructure, budgetary constraints, and lack of human resource capacity. Private sector pharmacies and drug shops are used by a majority of the population as an alternative to public pharmacies. This study looks at the availability of six essential medicines in private drug outlets across Uganda. METHODS: A standardised medicines availability survey developed by the World H...",,Exclude,No relevant signals in title or abstract,,,,,[AUTO-R2] Title match - verify,MEDIUM,
REC-2335,OpenAlex,Charles Ezenduka; B Ogbonna; Obinna Ikechukwu Ekwunife; Mathew Jegbefume Okonta; Charles Okechukwu Esimone,2014,"Drugs use pattern for uncomplicated malaria in medicine retail outlets in Enugu urban, southeast Nigeria: implications for malaria treatment policy",Malaria Journal,10.1186/1475-2875-13-243,"BACKGROUND: Malaria treatment policy recommends regular monitoring of drug utilization to generate information for ensuring effective use of anti-malarial drugs in Nigeria. This information is currently limited in the retail sector which constitutes a major source of malaria treatment in Nigeria, but are characterized by significant inappropriate use of drugs. This study analyzed the use pattern of anti-malarial drugs in medicine outlets to assess the current state of compliance to policy on ...",,Exclude,No relevant signals in title or abstract,,,,,[AUTO-R2] Title match - verify,MEDIUM,
REC-2339,OpenAlex,Dana Darwish; Suzanne Abdelmalek; Wael Abu Dayyih; Salim Hamadi,2014,Awareness of antibiotic use and antimicrobial resistance in the Iraqi community in Jordan,The Journal of Infection in Developing Countries,10.3855/jidc.4086,"INTRODUCTION: Antimicrobial resistance is a serious global health concern. It has considerable implications on societies' health and resources. In Jordan, there is a large Iraqi community due to the ongoing turmoil in Iraq. Unfortunately, health awareness and practices of this community are under-investigated due to scarcity of research. This paper assesses the awareness of antibiotic use and antimicrobial resistance in the Iraqi community residing in Amman, Jordan. Their level of interaction...",,Exclude,No relevant signals in title or abstract,,,,,[AUTO-R2] Title match - verify,MEDIUM,
REC-2344,OpenAlex,Ehab Mudher Mikhael,2014,Evaluating the Rationality of Antibiotic Dispensing in Treating Common Cold Infections among Pharmacists in Baghdad – Iraq,Journal of Pharmaceutical Research International,10.9734/bjpr/2014/13586,"Background: Common cold is a self limited viral infection, which can be treated symptomatically without the need to antibiotics which are not effective or curative. This study aimed to evaluate the practices of community pharmacists in communicating, diagnosing, treating and counseling patients who are requesting antibiotics for their common cold treatment.Methods: A cross-sectional pilot exploratory study was done in Baghdad – Iraq at which a pharmacist acts as simulated person (SP) in order...",,Exclude,No relevant signals in title or abstract,,,,,[AUTO-R2] Title match - verify,MEDIUM,
REC-2345,OpenAlex,Eleanor Hutchinson; Clare Chandler; Siân E. Clarke; Sham Lal; Pascal Magnussen et al.,2014,‘It puts life in us and we feel big’: shifts in the local health care system during the introduction of rapid diagnostic tests for malaria into drug shops in Uganda,Critical Public Health,10.1080/09581596.2014.886762,"This paper is an analysis of the social interaction between drug sellers, their clients and local health care workers within a medical trial that introduced rapid diagnostic tests for malaria into private sector drug shops in Mukono District, Uganda. It locates the introduction of a new technology to test blood and a system of referral within the context of local concerns about the choice and evaluation of treatment; and the socially legitimated statuses, roles and hierarchies within the loca...",,Exclude,No relevant signals in title or abstract,,,,,[AUTO-R2] Title match - verify,MEDIUM,
REC-2366,PubMed,Jorgji K; Bebeci E; Apostoli P; Apostoli A,2014,Evaluation of use of antibiotics without prescription among young adults in Albania case study: Tirana and Fier District.,Hippokratia,,"BACKGROUND: Self-medication is defined as the utilization of drugs to treat self-diagnosed disorders or symptoms, or the irregular or continuous use of a prescribed drug for chronic or repeated diseases or symptoms. The main problem with self-medication with antimicrobials is the emergence of pathogenic resistance. Antimicrobial resistance is an existing problem world-wide, mainly in developing countries. The aims and objectives of the study presented in this article are to evaluate the preva...",,Maybe,Possible relevance - verify study design,,,,,[AUTO-R2] Title match - verify,MEDIUM,
REC-2369,OpenAlex,Kathleen Dooling; Amr Kandeel; Lauri A. Hicks; Waleed El‐Shoubary; Khaled Fawzi et al.,2014,"Understanding Antibiotic Use in Minya District, Egypt: Physician and Pharmacist Prescribing and the Factors Influencing Their Practices",Antibiotics,10.3390/antibiotics3020233,"Overuse of antibiotics has contributed to the emergence of antibiotic-resistant bacteria globally. In Egypt, patients can purchase antibiotics without a prescription, and we hypothesized frequent inappropriate antibiotic prescribing and dispensing. We interviewed physicians (n = 236) and pharmacists (n = 483) and conducted focus groups in Minya, Egypt, to assess attitudes and practices regarding antibiotic prescribing for outpatient acute respiratory infections (ARI). Antibiotics were reporte...",,Exclude,Qualitative only,,,,,[AUTO-R2] Title match - verify,HIGH,
REC-2376,PubMed,Lv Bing; Zhou Zhongliang; Xu Guiping; Yang Dingkun; Wu Lina et al.,2014,"Knowledge, attitudes and practices concerning self-medication with antibiotics among university students in western China.",Trop Med Int Health,10.1111/tmi.12322,"OBJECTIVES: To evaluate the knowledge, attitude and behaviours of university students on the use of antibiotics. METHODS: A knowledge-attitude-practice questionnaire was developed and distributed to undergraduate students of Xi'an Jiaotong University, comprising 18 schools/colleges in Shaanxi Province, western China. Chi-square test and logistic regression analysis were applied to identify risk factors associated with self-medication with antibiotics. RESULTS: Of the 731 respondents (response ra",,Exclude,No relevant signals in title or abstract,,,,,[AUTO-R2] Title match - verify,MEDIUM,
REC-2381,OpenAlex,Melissa A. Briggs; Admirabilis Kalolella; Katia Bruxvoort; Ryan E. Wiegand; Gerard López et al.,2014,Prevalence of Malaria Parasitemia and Purchase of Artemisinin-Based Combination Therapies (ACTs) among Drug Shop Clients in Two Regions in Tanzania with ACT Subsidies,PLoS ONE,10.1371/journal.pone.0094074,"BACKGROUND: Throughout Africa, many people seek care for malaria in private-sector drug shops where diagnostic testing is often unavailable. Recently, subsidized artemisinin-based combination therapies (ACTs), a first-line medication for uncomplicated malaria, were made available in these drug shops in Tanzania. This study assessed the prevalence of malaria among and purchase of ACTs by drug shop clients in the setting of a national ACT subsidy program and sub-national drug shop accreditation...",,Exclude,Wrong outcome - not AB dispensing,,,,,[AUTO-R2] Title match - verify,MEDIUM,
REC-2382,OpenAlex,Mercy Abbey; L. Kay Bartholomew; Justice Nonvignon; Margaret A. Chinbuah; Matilda Pappoe et al.,2014,Factors related to retention of community health workers in a trial on community-based management of fever in children under 5 years in the Dangme West District of Ghana,International Health,10.1093/inthealth/ihu007,"BACKGROUND: In resource-constrained settings of developing countries, promotion of community-based health interventions through community health workers (CHWs) is an important strategy to improve child health. However, there are concerns about the sustainability of such programmes owing to the high rate of CHW attrition. This study examined factors influencing retention of volunteer CHWs in a cluster randomised trial on community management of under-5 fever in a rural Ghanaian district. METHO...",,Exclude,No relevant signals in title or abstract,,,,,[AUTO] Strong inclusion signal,MEDIUM,
REC-2384,PubMed,Muñoz Elena Bernabé; Dorado Macarena Flores; Guerrero José Espejo; Martínez Fernando Martínez,2014,The effect of an educational intervention to improve patient antibiotic adherence during dispensing in a community pharmacy.,Aten Primaria,10.1016/j.aprim.2013.12.003,"OBJECTIVE: To assess the effectiveness of an educational intervention on antibiotic adherence and patient-reported resolution of symptoms. DESIGN: A controlled experimental study with systematic assignment to groups. SETTING: A pharmacy in Murcia. Participants were patients who came to the pharmacy with a prescription for antibiotics. Intervention provided information on treatment characteristics (duration, dose and method of use) and correct compliance. A control group received routine care. Ma",,Exclude,Patient antibiotic adherence during dispensing - Spain (HIC),,,,,[AUTO] Strong inclusion signal,HIGH,
REC-2386,PubMed,Nga Do Thi Thuy; Chuc Nguyen Thi Kim; Hoa Nguyen Phuong; Hoa Nguyen Quynh; Nguyen Nguyen Thi Thuy et al.,2014,Antibiotic sales in rural and urban pharmacies in northern Vietnam: an observational study.,BMC Pharmacol Toxicol,10.1186/2050-6511-15-6,"BACKGROUND: The irrational overuse of antibiotics should be minimized as it drives the development of antibiotic resistance, but changing these practices is challenging. A better understanding is needed of practices and economic incentives for antibiotic dispensing in order to design effective interventions to reduce inappropriate antibiotic use. Here we report on both quantitative and qualitative aspects of antibiotic sales in private pharmacies in northern Vietnam. METHOD: A cross-sectional st",,Exclude,No relevant signals in title or abstract,,,,,[AUTO-R2] Title match - verify,MEDIUM,
REC-2389,PubMed,Ottenbros Stefan; Teichert Martina; de Groot Romy; Griens Fabienne; Sodihardjo Fong et al.,2014,Pharmacist-led intervention study to improve drug therapy in asthma and COPD patients.,Int J Clin Pharm,10.1007/s11096-013-9887-4,"BACKGROUND: Pharmacists can play an important role in identifying and instructing pulmonary patients on their inhalation techniques in their patient contacts when dispensing inhalation medication. Pharmacy dispensing data can be used to identify inappropriate drug use in asthma and chronic obstructive pulmonary disease (COPD) patients. Recent studies found beneficial effects of pharmacy care services in improving drug adherence of pulmonary patients. However, large-scale and rigorous evaluations",,Exclude,No relevant signals in title or abstract,,,,,[AUTO-R3] Possible intervention study - verify design,MEDIUM,
REC-2399,PubMed,Sabry Nirmeen A; Farid Samar F; Dawoud Dalia M,2014,Antibiotic dispensing in Egyptian community pharmacies: an observational study.,Res Social Adm Pharm,10.1016/j.sapharm.2013.03.004,"BACKGROUND: Antibiotics are commonly dispensed medications from community pharmacies, and they are frequently prescribed for inappropriate indications. In many countries, they are easily accessible without prescriptions. The inappropriate use of antibiotics results in the emergence of resistant bacterial strains, which represents a considerable public health problem, particularly in developing countries. OBJECTIVE: This study aimed to describe the pattern of antibiotics dispensing from Egyptian ",,Exclude,No relevant signals in title or abstract,,,,,[AUTO-R2] Title match - verify,MEDIUM,
REC-2407,OpenAlex,Sudesh Gyawali; Devendra Singh Rathore; Kishor Adhikari; P Ravi Shankar; Vikash Kumar KC et al.,2014,"Pharmacy practice and injection use in community pharmacies in Pokhara city, Western Nepal",BMC Health Services Research,10.1186/1472-6963-14-190,"BACKGROUND: Community pharmacies in Nepal serve as the first point of contact for the public with the health care system and provide many services, including administering injections. However, there is a general lack of documented information on pharmacy practice and injection use in these pharmacies. This study aims to provide information about pharmacy practice in terms of service and drug information sources, and injection use, including the disposal of used injection equipment. METHODS: A...",,Exclude,No relevant signals in title or abstract,,,,,[AUTO-R2] Title match - verify,MEDIUM,
REC-2411,OpenAlex,Tatiana Belkina; Abdullah Al Warafi; Elhassan Hussein Eltom Abdalla; N. U. Tadjieva; Aleš Kuběna et al.,2014,"Antibiotic use and knowledge in the community of Yemen, Saudi Arabia, and Uzbekistan",The Journal of Infection in Developing Countries,10.3855/jidc.3866,"INTRODUCTION: Inappropriate use of antibiotics has resulted in a dramatic increase of antimicrobial resistance in developing countries. We examined knowledge, attitudes, and practices of antibiotic use in three Asian countries. METHODOLOGY: A nationwide cross-sectional study of teachers in large cities of Yemen, Saudi Arabia, and Uzbekistan was conducted. A random sample of 1,200 teachers was selected in each country. Data were collected through a questionnaire-based survey and then analyzed ...",,Exclude,No relevant signals in title or abstract,,,,,[AUTO-R2] Title match - verify,MEDIUM,
REC-2423,OpenAlex,Abobakr Abasaeed; Jiřı́ Vlček; Mohamed A. Abuelkhair; Retnosari Andrajati; Asim Ahmed Elnour,2013,A comparative study between prescribed and over-the-counter antibiotics,Saudi Medical Journal,10.15537/1658-3175.5838,"OBJECTIVE: To examine the influence of pharmacists` demographic characteristics on dispensing antibiotics purchased with and without a prescription in the community pharmacies. METHODS: This cross-sectional study was conducted in 24 randomly-selected community pharmacies located in Abu Dhabi, United Arab Emirates between March and September 2009. Data were collected through a closed-structured questionnaire and analyzed using the Statistical Package for Social Sciences Version 17. Descriptive...",,Exclude,No relevant signals in title or abstract,,,,,[AUTO-R2] Title match - verify,MEDIUM,
REC-2436,OpenAlex,Azhar Hussain; Mohamed Izham Mohamed Ibrahim; Madeeha Malik,2013,Assessment of disease management of insomnia at community pharmacies through simulated visits in Pakistan,Pharmacy Practice,10.4321/s1886-36552013000400001,"OBJECTIVE: The study aimed to document the state of insomnia management at community pharmacies in Pakistan. METHODS: A cross-sectional study was conducted at randomly selected 371 pharmacies in three cities of Pakistan. Simulated patient visits were performed to collect information on case management of insomnia in terms of history taking and patient counseling at community pharmacies. The data was coded, entered and analyzed by using SPSS Version 16. Kruskal-Wallis and Mann Whitney tests (p...",,Exclude,No relevant signals in title or abstract,,,,,[AUTO-R2] Title match - verify,MEDIUM,
REC-2465,PubMed,Llor Carles; Cots Josep Maria,2013,Dispensing of antibiotics without a medical prescription and communication skills of pharmacists.,Aten Primaria,10.1016/j.aprim.2013.02.004,,,Maybe,No abstract - cannot screen; retrieve full text,,,,,[AUTO-R2] Title match - verify,LOW,
REC-2467,OpenAlex,Madeeha Malik; Mohamed Azmi Hassali; Asrul Akmal Shafie; Azhar Hussain; Hisham Aljadhey et al.,2013,Case management of malaria fever at community pharmacies in Pakistan: a threat to rational drug use,Pharmacy Practice,10.4321/s1886-36552013000100003,"OBJECTIVE: To document the case management of uncomplicated malaria fever at community pharmacies located in the two major cities of Pakistan; Islamabad (national capital) and Rawalpindi (twin city). METHODS: A comparative, cross-sectional study was designed to document the management of uncomplicated malaria fever at community pharmacies in twin cities of Pakistan through simulated patient visits. Visits were conducted in 238 randomly selected pharmacies to request advice for a simulated pat...",,Exclude,No relevant signals in title or abstract,,,,,[AUTO-R2] Title match - verify,MEDIUM,
REC-2472,OpenAlex,Minh D. Pham; Mona Byrkit; Hoang Van Pham; Trung Pham; Chien Thang Nguyen,2013,Improving Pharmacy Staff Knowledge and Practice on Childhood Diarrhea Management in Vietnam: Are Educational Interventions Effective?,PLoS ONE,10.1371/journal.pone.0074882,"BACKGROUND: In many developing countries, private pharmacies play an important role in providing health information and services to local communities for common health issues. The aim of this study was to ascertain medium-term impact of educational interventions on knowledge and practice of pharmacy staff regarding management of childhood diarrhea in Vietnam. METHODS: This was a pre- and post-intervention study with 32 and 44 months difference from the time of the baseline survey to the concl...",,Exclude,No relevant signals in title or abstract,,,,,[AUTO-R3] Possible intervention study - verify design,MEDIUM,
REC-2473,PubMed,Minzi Om; Manyilizu Vs,2013,Application of basic pharmacology and dispensing practice of antibiotics in accredited drug-dispensing outlets in Tanzania.,Drug Healthc Patient Saf,10.2147/DHPS.S36409,"BACKGROUND: Provision of pharmaceutical services in accredited drug-dispensing outlets (ADDOs) in Tanzania has not been reported. This study compared the antibiotics dispensing practice between ADDOs and part II shops, or duka la dawa baridi (DLDBs), in Tanzania. METHODOLOGY: This was a cross-sectional study that was conducted in ADDOs and DLDBs. A simulated client method for data collection was used, and a total of 85 ADDOs, located in Mvomero, Kilombero, and Morogoro rural districts, were comp",,Exclude,No relevant signals in title or abstract,,,,,[AUTO] Strong inclusion signal,MEDIUM,
REC-2476,PubMed,Mukonzo Jackson K; Namuwenge Proscovia M; Okure Gildo; Mwesige Benjamin; Namusisi Olivia K et al.,2013,Over-the-counter suboptimal dispensing of antibiotics in Uganda.,J Multidiscip Healthc,10.2147/JMDH.S49075,"BACKGROUND: Overuse and misuse of antibiotics is a serious global problem. While resistance to older antibiotics is increasing, development of newer molecules has stalled. Resistance to the existing antibiotics that is largely driven by their high-volume use is a global public health problem. Uganda is one of the countries where prescription-only drugs, including antibiotics, can be obtained over the counter. We determined the rate of antibiotic dispensing and use in Uganda. METHODS: The study u",,Exclude,No relevant signals in title or abstract,,,,,[AUTO-R2] Title match - verify,MEDIUM,
REC-2492,OpenAlex,Salah I. Kheder; Itemad A Ayed,2013,A survey of public knowledge and behavior related to antibiotic use and resistance in community pharmacies in Khartoum state,International Journal of Bioassays,10.21746/ijbio.2013.05.005,"Antibiotic use is reviewed as a key driver for increase and spread of antibiotic resistance. The public play a key role in the emergency and spread of bacterial resistance. Patients' behavior, associated to their knowledge, attitudes and beliefs, may influence antibiotic prescribing. This survey explores knowledge, behavior and expectations of Sudanese general public with respect to antibiotic use and resistance. Method: A quantitative, cross-sectional survey based on a structured questionnai...",,Exclude,No relevant signals in title or abstract,,,,,[AUTO-R2] Title match - verify,MEDIUM,
REC-2514,OpenAlex,Akram Ahmad; S Parimalakrishnan; Guru Mohanta; Isha Patel; PK Manna,2012,"A STUDY ON UTILIZATION PATTERN OF HIGHER GENERATION ANTIBIOTICS AMONG PATIENTS VISITING COMMUNITY PHARMACIES IN CHIDAMBARAM, TAMIL NADU AT SOUTH INDIA",International Journal of Pharmacy,,"Infectious diseases are a prominent cause of death in developing countries. The antibiotic resistance caused by emergence of antibiotic resistant microorganisms, is a health problem leading to poor treatment outcomes and increased cost, increased mortality, morbidity and adverse drug reactions. The government of India proposed to introduce the New Drug Policy in 2011which calls for the making of a new schedule, Schedule HX, under the Drugs and Cosmetics Act. A cross-sectional and observationa...",,Exclude,No relevant signals in title or abstract,,,,,[AUTO-R2] Title match - verify,MEDIUM,
REC-2515,OpenAlex,Akram Ahmad; S Parimalakrishnan; Isha Patel; Rajesh Balkrishnan; Guru Mohanta,2012,"Evaluation of Self-Medication Antibiotics Use Pattern Among Patients Attending Community Pharmacies in Rural India, Uttar Pradesh",Journal of Pharmacy Research,,Many studies have investigated the prevalence and nature of self medication. It is a common type of self care behavior among the population of various Countries. The Government of India was proposed to develop a policy to control the misuse of antibiotics. The policy calls for making of a new schedule under the Drugs and Cosmetics Act 1940 called as Schedule HX.The reason to take up the present study was to carry out head to head comparison of demographic variables with self antibiotic medica...,,Exclude,No relevant signals in title or abstract,,,,,[AUTO-R2] Title match - verify,MEDIUM,
REC-2516,OpenAlex,Andi Hermansyah; Anila Impian Sukorini; Catur Dian Setiawan; Yuni Priyandani,2012,The conflicts between professional and non-professional work of community pharmacists in Indonesia,Pharmacy Practice,10.4321/s1886-36552012000100006,"OBJECTIVE: The study aimed to determine the type of professional and non professional work of community pharmacists in Surabaya Indonesia and find the difference between time spent for performing both works in actual (current) situation and ideal (expected) situation. METHODS: A cross sectional study was conducted by combining purposive sampling for selecting the community pharmacists. Afterwards, the data was analyzed using SPSS v16 to provide the descriptive results and completed with Wilco...",,Exclude,No relevant signals in title or abstract,,,,,[AUTO-R2] Title match - verify,MEDIUM,
REC-2522,OpenAlex,Asam Latif,2012,Medicines Use Reviews (MURs) : a case study in two community pharmacies,Nottingham ePrints (University of Nottingham),,The Medicines Use Review and Prescription Intervention (MUR) service was commissioned as part of the 2005 community pharmacy contract for England and Wales. The aim of the MUR service is to improve patients’ knowledge and use of medicines and to reduce avoidable medicines waste. MURs form part of a Government strategy that aims to improve patients’ adherence to medicines in order to optimise health gain and reduce cost associated with unused medicines. MURs are also seen as a ‘concordance rev...,,Exclude,HIC country,,,,,[AUTO] Strong inclusion signal,HIGH,
REC-2524,OpenAlex,"Azhar Hussain; Ibrahim, Mohamed Izham Mohamed; Malik, M.",2012,Assessment of disease management of acute respiratory tract infection at community pharmacies through simulated visits in Pakistan,Qatar University QSpace (Qatar University),,"The present study aimed to document the state of Acute Respiratory Infection (ARI) management at community pharmacies in Pakistan. A cross-sectional study was conducted at randomly selected 371 pharmacies in three cities of Pakistan. Simulated patient visits were performed to collect information on case management of ARI in terms of history taking and patient counseling at community pharmacies. The data was coded, entered and analyzed by using SPSS Version 16. Kruskal-Wallis test (p < 0.05) w...",,Exclude,No relevant signals in title or abstract,,,,,[AUTO-R2] Title match - verify,MEDIUM,
REC-2525,OpenAlex,Azhar Hussain; Mohamed IM Ibrahim,2012,Management of diarrhoea cases by community pharmacies in 3 cities of Pakistan,Eastern Mediterranean Health Journal,10.26719/2012.18.6.635,Community pharmacies are valued for their potential role in the management of common ailments. This cross-sectional study aimed to document the management of diarrhoea by community pharmacies in 3 cities in Pakistan. Visits were performed to 371 randomly selected pharmacies to request advice for a simulated paediatric case of diarrhoea. The pharmacy's management was scored on a checklist including history taking and provision of advice and information. Customers were served by a salesperson i...,,Exclude,No relevant signals in title or abstract,,,,,[AUTO-R2] Title match - verify,MEDIUM,
REC-2528,OpenAlex,C Nishat; Rashedul M.I; H. M. Hamidullah Mehedi; Rouf Md. M,2012,Prevalence of Self-medication of Antibiotics among People in Bangladesh,Indian Journal of Pharmacy Practice,,"A B S T R A C T This study attempts to investigate the prevalence of self-medication of antibiotics among people in Bangladesh.This study was conducted in six districts of Bangladesh (Dhaka, Munshiganj, Kishoreganj, Chittagong, Chandpur, Kushtia) by collecting data on antimicrobial medication purchasing from retail drug stores established at the major streets. 750 customers were surveyed within the month of July 2009. The selfmedication rates for ciprofloxacin, doxycycline, ampicillin, amoxic...",,Exclude,No relevant signals in title or abstract,,,,,[AUTO-R2] Title match - verify,MEDIUM,
REC-2558,PubMed,Marković-Peković Vanda; Grubiša Nataša,2012,Self-medication with antibiotics in the Republic of Srpska community pharmacies: pharmacy staff behavior.,Pharmacoepidemiol Drug Saf,10.1002/pds.3218,"PURPOSE: Self-medication with antibiotics adds to the global risk of increased spread of bacterial resistance. Attitudes and behavior of health professionals also may reinforce self-medication with antibiotics. The aim of this study was to determine whether self-medication with antibiotics is possible in our community pharmacies and to what extent, and to evaluate the behavior and service of pharmacy health professionals regarding non-prescription antibiotic dispensation. METHODS: An observation",,Exclude,No relevant signals in title or abstract,,,,,[AUTO-R2] Title match - verify,MEDIUM,
REC-2565,OpenAlex,Nasir Wabe; Dargicho Ahmed; Mulugeta Angamo,2012,"Self-Medication with Antibiotics and Antimalarials in the Community of Silte Zone, South Ethiopia",TAF Preventive Medicine Bulletin,10.5455/pmb.1-1314892446,"AIM: Self-medication with antibiotics and antimalarials occurs among the population in Ethiopian. We studied to estimate the prevalence of self-medication with antibiotics and antimalarials in Ethiopia and evaluate factors associated with self-medications. METHODS: A cross-sectional study was conducted on 405 households, selected from Silte Zone in South Ethiopia, using a random sampling technique by employing a pretested questionnaire. Data were analyzed using SPSS for windows version 16.0. ...",,Exclude,No relevant signals in title or abstract,,,,,[AUTO-R2] Title match - verify,MEDIUM,
REC-2572,PubMed,Pan Hui; Cui Binglin; Zhang Dangui; Farrar Jeremy; Law Frieda et al.,2012,"Prior knowledge, older age, and higher allowance are risk factors for self-medication with antibiotics among university students in southern China.",PLoS One,10.1371/journal.pone.0041314,"BACKGROUND: Self-medication with antibiotics (SMA) has been reported among university students in many countries, but little research has been done on this issue in China. The objective of this study was to evaluate knowledge and behaviors of university students and risk factors concerning SMA. METHODOLOGY/PRINCIPAL FINDINGS: Using a novel questionnaire-based data collection instrument, an anonymous online survey was conducted with the students of Shantou University (STU), a university comprisin",,Exclude,No relevant signals in title or abstract,,,,,[AUTO-R2] Title match - verify,MEDIUM,
REC-2574,OpenAlex,Patricia García; César Cárcamo; Geoff P. Garnett; Pablo Eduardo Campos; King K. Holmes,2012,Improved STD Syndrome Management by a Network of Clinicians and Pharmacy Workers in Peru: The PREVEN Network,PLoS ONE,10.1371/journal.pone.0047750,"BACKGROUND: Sexually Transmitted diseases (STD) syndrome management has been one cornerstone of STD treatment. Persons with STD symptoms in many countries, especially those with limited resources, often initially seek care in pharmacies. The objective of the study was to develop and evaluate an integrated network of physicians, midwives and pharmacy workers trained in STD syndromic management (The PREVEN Network) as part of a national urban community-randomized trial of sexually transmitted i...",,Exclude,No relevant signals in title or abstract,,,,,[AUTO-R3] Possible intervention study - verify design,MEDIUM,
REC-2600,OpenAlex,,2012,Combating Antibiotic Resistance In Tropical Countries –Don’t Ignore Patent Medicine Vendors,The Internet Journal of Preventive Medicine,10.5580/2c95,OBJECTIVE: The World Health Organization (WHO) recently reemphasized the growing threat of antimicrobial resistance (including antibiotic resistance) partly due to inappropriate medicine use by healthcare providers. Patent medicine (PM) vendors are a large group of informal healthcare providers licensed to sell over-the-counter drugs but not antibiotics. This study investigated PM Vendors treatment of sick children under 5 years in order to determine whether drugs they use may contribute to a...,,Exclude,No relevant signals in title or abstract,,,,,[AUTO-R2] Title match - verify,MEDIUM,
REC-2604,PubMed,Al-Faham Zaid; Habboub Ghaith; Takriti Farah,2011,"The sale of antibiotics without prescription in pharmacies in Damascus, Syria.",J Infect Dev Ctries,10.3855/jidc.1248,"INTRODUCTION: Overuse of antibiotics has contributed to the development of organism resistance. The acquisition of antibiotics without prescription by the general population seems to be common practice in pharmacies of Damascus, Syria. This study aimed to determine the proportion of pharmacies dispensing antibiotics without medical prescription and without seeing the patient. METHODOLOGY: A cross-sectional study involving a sample of 224 pharmacies was conducted in Damascus. To obtain antibiotic",,Maybe,Possible relevance - verify study design,,,,,[AUTO-R2] Title match - verify,MEDIUM,
REC-2608,OpenAlex,Aris Widayati; Sri Suryawati; Charlotte de Crespigny; Janet E. Hiller,2011,Self medication with antibiotics in Yogyakarta City Indonesia: a cross sectional population-based survey,BMC Research Notes,10.1186/1756-0500-4-491,"BACKGROUND: Self medication with antibiotics has become an important factor driving antibiotic resistance. This study investigated the period prevalence, patterns of use, and socio-demographic factors associated with self medication with antibiotics in Yogyakarta City Indonesia. This cross-sectional population-based survey used a pre-tested questionnaire which was self-administered to randomly selected respondents (over 18 years old) in Yogyakarta City Indonesia in 2010 (N = 625). Descriptive...",,Exclude,No relevant signals in title or abstract,,,,,[AUTO-R2] Title match - verify,MEDIUM,
REC-2610,OpenAlex,Azhar Hussain; Mohamed Izham Mohamed Ibrahim,2011,"Qualification, knowledge and experience of dispensers working at community pharmacies in Pakistan",Pharmacy Practice,10.4321/s1886-36552011000200006,"UNLABELLED: Pharmacies are managed by a variety of dispensers in terms of qualification, knowledge and experience in Pakistan. OBJECTIVE: The study aimed to document the state of knowledge, experience and qualification of dispensers working at community pharmacies in Pakistan. METHODS: A comparative cross sectional study was conducted at a randomly selected sample of 371 pharmacies in the three cities of Pakistan. A structured questionnaire for data collection was developed and finalized by f...",,Exclude,No relevant signals in title or abstract,,,,,[AUTO-R2] Title match - verify,MEDIUM,
REC-2632,PubMed,Kagashe Godeliver A B; Minzi Omary; Matowe Lloyd,2011,"An assessment of dispensing practices in private pharmacies in Dar-es-Salaam, Tanzania.",Int J Pharm Pract,10.1111/j.2042-7174.2010.00075.x,"OBJECTIVES: To assess medicine dispensing practices in private pharmacies in Dar-es-Salaam, Tanzania and recommend interventions to improve practice. METHODS: A cross-sectional survey and observational study of dispensing practices among 70 pharmacies in metropolitan Dar-es-Salaam, Tanzania. KEY FINDINGS: There were 1479 dispensing encounters recorded across the 70 pharmacies. This translated to 1573 medicines dispensed. Of the medicines dispensed, 16% were anti-infectives; 45% of the dispensed ",,Exclude,No relevant signals in title or abstract,,,,,[AUTO-R2] Title match - verify,MEDIUM,
REC-2640,OpenAlex,Mayadah B. Shehadeh; Ghadeer A. R. Y. Suaifan; Rula M. Darwish; Mayyada Wazaify; Luna Zaru et al.,2011,"Knowledge, attitudes and behavior regarding antibiotics use and misuse among adults in the community of Jordan. A pilot study",Saudi Pharmaceutical Journal,10.1016/j.jsps.2011.11.005,"Factors associated with antibiotic use, resistance and safety have been well recognized worldwide in the literature. Nevertheless, only few studies have been conducted in Jordan in this area. The aim of this study was to assess knowledge, behavior and attitude toward antibiotics use among adult Jordanians. The study represents a cross sectional survey using an interviewer administered questionnaire. Data collected from a random sample of 1141 adult Jordanians, recruited at different settings,...",,Exclude,No relevant signals in title or abstract,,,,,[AUTO-R2] Title match - verify,MEDIUM,
REC-2646,PubMed,Pottegård Anton; Hallas Jesper; Søndergaard Jens,2011,Pharmaceutical interventions on prescription problems in a Danish pharmacy setting.,Int J Clin Pharm,10.1007/s11096-011-9580-4,"BACKGROUND: International studies regarding pharmacists' interventions towards prescription problems produce highly variable results. The only peer-reviewed study in a Danish setting estimated an intervention rate of 2.3 per 1,000 prescriptions. With the introduction of a new tool for registration, we hypothesized that a better estimate could be obtained. OBJECTIVE: We aimed to produce an up-to-date estimate of the extent and type of pharmacists' interventions towards prescription problems in a ",,Exclude,No relevant signals in title or abstract,,,,,[AUTO-R3] Possible intervention study - verify design,MEDIUM,
REC-2647,PubMed,Puspitasari H P; Faturrohmah A; Hermansyah A,2011,Do Indonesian community pharmacy workers respond to antibiotics requests appropriately?,Trop Med Int Health,10.1111/j.1365-3156.2011.02782.x,OBJECTIVE: To quantify antibiotics sales without a prescription and to explore provision of patient assessment and medicine information related to antibiotics requested with or without a prescription in Surabaya community pharmacies. METHODS: Scenarios of specific product requests (ciprofloxacin tablets and tetracycline capsules) and a request of amoxicillin dry syrups based on a new prescription were presented by simulated patients to 105 purposively selected pharmacies. Data were recorded by s,,Exclude,No relevant signals in title or abstract,,,,,[AUTO-R3] Possible intervention study - verify design,MEDIUM,
REC-2659,PubMed,Vacca Claudia Patricia; Niño Claudia Yaneth; Reveiz Ludovic,2011,"[Restriction of antibiotic sales in pharmacies in Bogotá, Colombia: a descriptive study].",Rev Panam Salud Publica,,"OBJECTIVE: Describe the implementation status of a regulation prohibiting antibiotic sales without a medical prescription in pharmacies of Bogotá, Colombia. METHODS: A cross-sectional descriptive study was conducted using the simulated purchase technique in Bogotá pharmacies (drugstores). The sample of 263 pharmacies was calculated by stratification (chain pharmacies and independent pharmacies) with 5% accuracy and a 2% correction factor. Simple randomization was assigned in each stratum. RESULT",,Exclude,No relevant signals in title or abstract,,,,,[AUTO-R3] Possible intervention study - verify design,MEDIUM,
REC-2665,OpenAlex,A D Okonkwo; U P Okonkwo,2010,"Patent medicine vendors, community pharmacists and STI management in Abuja, Nigeria.",PubMed,,"BACKGROUND: Increasingly, literature indicates that Patent Medicine Vendors (PMVs) and Community Pharmacists (CPs) provide sexual reproductive health services and products to their young patrons. OBJECTIVES: This study explored the validity of literature claims, principally from CPs and PMVs perspective in Abuja, Nigeria. METHODS: Participants were recruited with convenience sampling based on their willingness to participate in the study and our judgement of their professional competence. The...",,Exclude,Wrong outcome - not AB dispensing,,,,,[AUTO-R2] Title match - verify,MEDIUM,
REC-2670,OpenAlex,Amy R. Sapkota; Morenike E. Coker; Rachel E. Rosenberg Goldstein; Nancy Atkinson; Shauna J. Sweet et al.,2010,Self-medication with antibiotics for the treatment of menstrual symptoms in southwest Nigeria: a cross-sectional study,BMC Public Health,10.1186/1471-2458-10-610,BACKGROUND: Self-medication with antibiotics is an important factor contributing to the development of bacterial antibiotic resistance. The purpose of this study was to evaluate the prevalence of self-medication with antibiotics for the treatment of menstrual symptoms among university women in Southwest Nigeria. METHODS: A cross-sectional survey was administered to female undergraduate and graduate students (n = 706) at four universities in Southwest Nigeria in 2008. The universities were sel...,,Exclude,No relevant signals in title or abstract,,,,,[AUTO-R2] Title match - verify,MEDIUM,
REC-2682,PubMed,Dameh Majd; Green James; Norris Pauline,2010,Over-the-counter sales of antibiotics from community pharmacies in Abu Dhabi.,Pharm World Sci,10.1007/s11096-010-9418-5,"OBJECTIVES: The aim of this study is to investigate over-the-counter sale of antibiotics from community pharmacies in Abu Dhabi city, focusing on the extent, demographic and socioeconomic determinants of this practice. SETTING: The study was conducted in the capital of the United Arab Emirates, Abu Dhabi, and involved 17 randomly selected private pharmacies. METHOD: A cross-sectional design using structured observations of 30 clients purchasing antibiotics from a pharmacy staff (either a pharmac",,Exclude,No relevant signals in title or abstract,,,,,[AUTO-R2] Title match - verify,MEDIUM,
REC-2691,PubMed,Gartin Meredith; Brewis Alexandra A; Schwartz Norah Anita,2010,Nonprescription antibiotic therapy: cultural models on both sides of the counter and both sides of the border.,Med Anthropol Q,10.1111/j.1548-1387.2010.01086.x,"Antibiotic resistance is a global public health threat exacerbated by medically unwarranted or improper antibiotic use. Pharmacy counters at the U.S.-Mexico border provide an example of where lay decisions to use antibiotics in ways considered ""risky"" may be initiated and negotiated. We test how cultural and public health knowledge of antibiotics is distributed among pharmacy staff, local Mexican clients, and U.S. medical tourists in the bordertown of Nogales using a cultural consensus tool. We ",,Maybe,Possible relevance - verify study design,,,,,[AUTO-R2] Title match - verify,MEDIUM,
REC-2693,PubMed,Hadi Usman; van den Broek Peterhans; Kolopaking Erni P; Zairina Nun; Gardjito Widjoseno et al.,2010,"Cross-sectional study of availability and pharmaceutical quality of antibiotics requested with or without prescription (Over The Counter) in Surabaya, Indonesia.",BMC Infect Dis,10.1186/1471-2334-10-203,"BACKGROUND: Antimicrobial resistance is an increasing problem in developing countries and antibiotic use is widespread. Our previous surveys in Java, Indonesia, revealed that most antibiotic use was probably unnecessary or ineffective. The aim of this study was to explore a potential connection between resistance and substandard antibiotics sold in the area. METHODS: A cross-sectional field study using the simulated client method was conducted in Surabaya. Five first-line antibiotics were reques",,Maybe,Possible relevance - verify study design,,,,,[AUTO] Strong inclusion signal,MEDIUM,
REC-2695,PubMed,Hounsa A; Kouadio L; De Mol P,2010,"[Self-medication with antibiotics obtained from private pharmacies in Abidjan, Ivory Coast].",Med Mal Infect,10.1016/j.medmal.2009.10.002,"UNLABELLED: Self-medication with antibiotics is all the more disturbing in developing countries where this type of medication is easily available, and often without any prescription. OBJECTIVES: The authors wanted to assess and describe self-medication with antibiotics and identify the factors and public perception associated with this type of self-medication. PATIENTS AND METHODS: Eighteen private pharmacies were randomly selected in Abidjan. Data was collected through structured questionnaires",,Exclude,No relevant signals in title or abstract,,,,,[AUTO-R2] Title match - verify,MEDIUM,
REC-2704,OpenAlex,Larissa Grigoryan; Dominique L. Monnet; Flora M. Haaijer‐Ruskamp; Marc Bonten; Stalsby Lundborg et al.,2010,Self-Medication with Antibiotics in Europe: A Case for Action,Current Drug Safety,10.2174/157488610792246046,"Unlike most other drugs that only affect individual patients if used incorrectly for self-medication, misused antibiotics add to the global risk of increased spread of bacterial resistance. This review focuses on self-medication with antibiotics in Europe and its determinants. High prevalence of self-medication with antibiotics has been repeatedly found in Southern and Eastern European countries that also report high levels of antibiotic resistance. Despite being illegal, over the counter dis...",,Exclude,No relevant signals in title or abstract,,,,,[AUTO-R2] Title match - verify,MEDIUM,
REC-2713,OpenAlex,Nina Viberg; Willbrord Kalala; Phare Mujinja; Göran Tomson; Cecilia Stålsby Lundborg,2010,"""Practical knowledge"" and perceptions of antibiotics and antibiotic resistance among drugsellers in Tanzanian private drugstores",BMC Infectious Diseases,10.1186/1471-2334-10-270,BACKGROUND: Studies indicate that antibiotics are sold against regulation and without prescription in private drugstores in rural Tanzania. The objective of the study was to explore and describe antibiotics sale and dispensing practices and link it to drugseller knowledge and perceptions of antibiotics and antibiotic resistance. METHODS: Exit customers of private drugstores in eight districts were interviewed about the drugstore encounter and drugs bought. Drugsellers filled in a questionnair...,,Exclude,No relevant signals in title or abstract,,,,,[AUTO-R2] Title match - verify,MEDIUM,
REC-2715,PubMed,Onyeneho Nkechi G; Chukwu Joseph N,2010,Is there a role for patent medicine vendors in tuberculosis control in southern Nigeria?,J Health Popul Nutr,10.3329/jhpn.v28i6.6605,"Patent medicine vendors (PMVs) are a ubiquitous feature of the informal health sector in Nigeria. A previous study on healthcare-seeking behaviour of persons with chronic cough in southern Nigeria found that over 60% of respondents chose the PMV as a healthcare provider of first instance. This study sought to determine the willingness and capability of PMVs to play a role in the national tuberculosis (TB)-control effort. Study sites were selected through a multi-stage sampling process. In total,",,Exclude,Wrong outcome - not AB dispensing,,,,,[AUTO-R2] Title match - verify,MEDIUM,
REC-2734,PubMed,Abasaeed Abobakr; Vlcek Jiri; Abuelkhair Mohammed; Kubena Ales,2009,"Self-medication with antibiotics by the community of Abu Dhabi Emirate, United Arab Emirates.",J Infect Dev Ctries,10.3855/jidc.466,"BACKGROUND: Self-medication with antibiotics may increase the risk of inappropriate use and the selection of resistant bacteria. The objective of the study was to estimate the prevalence of self-medication with antibiotics in Abu Dhabi. METHODOLOGY: A validated, self-administered questionnaire was used to collect data. Data were analysed using descriptive statistics, and the chi-square test when applicable. One thousand subjects were invited to participate in the study. RESULTS: Eight hundred si",,Exclude,No relevant signals in title or abstract,,,,,[AUTO-R2] Title match - verify,MEDIUM,
REC-2737,PubMed,Apisarnthanarak Anucha; Mundy Linda M,2009,"Comparison of methods of measuring pharmacy sales of antibiotics without prescriptions in Pratumthani, Thailand.",Infect Control Hosp Epidemiol,10.1086/647980,,,Maybe,No abstract - cannot screen; retrieve full text,,,,,[AUTO-R2] Title match - verify,LOW,
REC-2744,OpenAlex,Elizeus Rutebemberwa; George Pariyo; Stefan Peterson; Göran Tomson; Karin Källander,2009,Utilization of public or private health care providers by febrile children after user fee removal in Uganda,Malaria Journal,10.1186/1475-2875-8-45,"BACKGROUND: Despite investments in providing free government health services in Uganda, many caretakers still seek treatment from the drug shops/private clinics. The study aimed to assess determinants for use of government facilities or drug shops/private clinics for febrile illnesses in children under five. METHODS: Structured questionnaires were administered to caretakers in 1078 randomly selected households in the Iganga - Mayuge Demographic Surveillance site. Those with children who had h...",,Exclude,No relevant signals in title or abstract,,,,,[AUTO-R3] Possible intervention study - verify design,MEDIUM,
REC-2749,OpenAlex,Giuliano Russo; Barbara McPake,2009,Medicine prices in urban Mozambique: a public health and economic study of pharmaceutical markets and price determinants in low-income settings,Health Policy and Planning,10.1093/heapol/czp042,It has been suggested that medicines are unaffordable in low-income countries and that world manufacturing and trade policies are responsible for high prices. This research investigates medicine prices in urban Mozambique with the objective of understanding how prices are formed and with what public health implications. The study adopts an economic framework and uses a combination of quantitative and qualitative methods to analyse local pharmaceutical prices and markets. The research findings...,,Exclude,No relevant signals in title or abstract,,,,,[AUTO-R2] Title match - verify,MEDIUM,
REC-2753,OpenAlex,Jason A. Roberts; Jeffrey Lipman,2009,Pharmacokinetic issues for antibiotics in the critically ill patient,Critical Care Medicine,10.1097/ccm.0b013e3181961bff,"OBJECTIVE: To discuss the altered pharmacokinetic properties of selected antibiotics in critically ill patients and to develop basic dose adjustment principles for this patient population. DATA SOURCES: PubMed, EMBASE, and the Cochrane-Controlled Trial Register. STUDY SELECTION: Relevant papers that reported pharmacokinetics of selected antibiotic classes in critically ill patients and antibiotic pharmacodynamic properties were reviewed. Antibiotics and/or antibiotic classes reviewed included...",,Exclude,No relevant signals in title or abstract,,,,,[AUTO-R3] Possible intervention study - verify design,MEDIUM,
REC-2758,OpenAlex,Juma Rashidi; Fatma Mwinyi,2009,The Impact of Mandatory Continuing Professional Development on Antibiotic Dispensing Practices: A 2009 Case Study of Private Pharmacies in Dar es Salaam,Zenodo (CERN European Organization for Nuclear Research),10.5281/zenodo.18529382,"Inappropriate antibiotic dispensing by private pharmacies is a major driver of antimicrobial resistance in Tanzania. A mandatory continuing professional development (CPD) policy was introduced for pharmacists to improve knowledge and adherence to dispensing guidelines. This case study assessed the initial impact of the mandatory CPD policy on antibiotic dispensing practices among private pharmacists in Dar es Salaam. It sought to understand changes in knowledge, attitudes, and reported behavi...",,Exclude,No relevant signals in title or abstract,,,,,[AUTO-R2] Title match - verify,MEDIUM,
REC-2772,PubMed,Mwambete Kennedy D,2009,Irrational antibiotic usage in boarding secondary school settings in Dar es Salaam.,East Afr J Public Health,10.4314/eajph.v6i2.51774,OBJECTIVE: To assess the prevalence of antibiotic misuse among boarding secondary school students in Dares Salaam. METHODOLOGY: This descriptive cross-sectional study was conducted over 3-month period amongst boarding secondary school students. A randomized sample of students was recruited from at least 3 secondary schools from each of the three municipalities of Dar es Salaam region. Questionnaire with both closed-and open-ended questions was used for data collection in which socio-demographic ,,Exclude,No relevant signals in title or abstract,,,,,[AUTO-R3] Possible intervention study - verify design,MEDIUM,
REC-2774,OpenAlex,Nina Viberg,2009,"Selling Drugs or Providing Health Care? : The role of private pharmacies and drugstores, examples from Zimbabwe and Tanzania",Figshare,,Background: In low-income countries many people do not have access to formal health care because of poverty and weak health systems. Instead people seek care at private pharmacies and drugstores. Infectious diseases such as sexually transmitted infections (STI) and diarrhoea are common and access to correct management is of big importance. Assessing the quality and finding the potential for improvement of private pharmacy and drugstore practice is therefore of uttermost importance for public ...,,Exclude,No relevant signals in title or abstract,,,,,[AUTO-R2] Title match - verify,MEDIUM,
REC-2779,OpenAlex,Sera L. Young; Said M. Ali; S. Wilson Beckham,2009,The Potential Role of Private Pharmacies in Maternal Iron Supplementation in Rural Tanzania,Food and Nutrition Bulletin,10.1177/156482650903000102,"BACKGROUND: The reduction of maternal anemia is an agreed public health goal but one that has been very difficult to achieve. On Pemba Island, Tanzania, more than 90% of pregnant women are anemic, despite government efforts to identify and treat anemia during antenatal clinic visits. OBJECTIVE: To investigate the potential of private pharmacies to be accessed for iron supplements for maternal anemia. METHODS: We compared and contrasted the care given at private pharmacies and public clinics i...",,Exclude,No relevant signals in title or abstract,,,,,[AUTO-R2] Title match - verify,MEDIUM,
REC-2785,OpenAlex,Theodora A. Okeke; Benjamin Uzochukwu,2009,Improving childhood malaria treatment and referral practices by training patent medicine vendors in rural south-east Nigeria,Malaria Journal,10.1186/1475-2875-8-260,"BACKGROUND: Malaria remains a major cause of morbidity and mortality among children under five years of age in Nigeria. Most of the early treatments for fever and malaria occur through self-medication with anti-malarials bought over-the-counter (OTC) from untrained drug vendors. Self-medication through drug vendors can be ineffective, with increased risks of drug toxicity and development of drug resistance. Global malaria control initiatives highlights the potential role of drug vendors to im...",,Exclude,Wrong outcome - not AB dispensing,,,,,[AUTO-R2] Title match - verify,MEDIUM,
REC-2788,PubMed,Viberg N; Mujinja P; Kalala W; Kumaranayake L; Vyas S et al.,2009,STI management in Tanzanian private drugstores: practices and roles of drug sellers.,Sex Transm Infect,10.1136/sti.2008.032888,"OBJECTIVES: To describe the role and possible contribution of private drugstores in sexually transmitted infection (STI) management in rural Tanzania. METHODS: A cross-sectional study that included drug sellers in private drugstores in eight districts of Tanzania. Data collected through interviews with drug sellers and the simulated client method presenting a male and female STI case. ""QATI"" scores (Questions, Advice, Treatment and drug Information) were developed to describe overall STI managem",,Exclude,No relevant signals in title or abstract,,,,,[AUTO] Strong inclusion signal,MEDIUM,
REC-2809,OpenAlex,Larissa Grigoryan; Johannes G. M. Burgerhof; J. E. Degener; Reginald Deschepper; Cecilia Stålsby Lundborg et al.,2008,"Determinants of self-medication with antibiotics in Europe: the impact of beliefs, country wealth and the healthcare system",Journal of Antimicrobial Chemotherapy,10.1093/jac/dkn054,"BACKGROUND: Self-medication with antibiotics occurs among the population in Europe, particularly in southern and eastern countries. We studied the impact of predisposing factors (e.g. attitudes and knowledge concerning antibiotic use and self-medication) and enabling factors (country wealth and healthcare system factors) on self-medication with antibiotics in Europe. METHODS: In this follow-up of a previous European survey, we interviewed a subsample of 1101 respondents. A multilevel analysis...",,Exclude,No relevant signals in title or abstract,,,,,[AUTO-R2] Title match - verify,MEDIUM,
REC-2813,OpenAlex,Manuel W. Hetzel; Angel Dillip; Christian Lengeler; Brigit Obrist; June J Msechu et al.,2008,Malaria treatment in the retail sector: Knowledge and practices of drug sellers in rural Tanzania,BMC Public Health,10.1186/1471-2458-8-157,"BACKGROUND: Throughout Africa, the private retail sector has been recognised as an important source of antimalarial treatment, complementing formal health services. However, the quality of advice and treatment at private outlets is a widespread concern, especially with the introduction of artemisinin-based combination therapies (ACTs). As a result, ACTs are often deployed exclusively through public health facilities, potentially leading to poorer access among parts of the population. This res...",,Exclude,No relevant signals in title or abstract,,,,,[AUTO-R2] Title match - verify,MEDIUM,
REC-2821,PubMed,Saengcharoen W; Chongsuvivatwong V; Lerkiatbundit S; Wongpoowarak P,2008,Factors influencing dispensing of antibiotics for upper respiratory infections among Southern Thai community pharmacists.,J Clin Pharm Ther,10.1111/j.1365-2710.2007.00890.x,"BACKGROUND AND OBJECTIVE: Thai community pharmacists are allowed to dispense antibiotics without prescription, and are frequently faced with problems of upper respiratory infections (URI). This study used the theory of planned behaviour to investigate predictors of intention to dispense antibiotics for URI among community pharmacists. METHODS: Self-administered questionnaires were mailed to all community pharmacists in the south of Thailand, measuring intention to dispense antibiotics, attitude,",,Exclude,No relevant signals in title or abstract,,,,,[AUTO-R3] Possible intervention study - verify design,MEDIUM,
REC-2829,OpenAlex,Woranuch Saengcharoen; Virasakdi Chongsuvivatwong; Sanguan Lerkiatbundit; Payom Wongpoowarak,2008,Client and pharmacist factors affecting practice in the management of upper respiratory tract infection presented in community pharmacies: a simulated client study,International Journal of Pharmacy Practice,10.1211/ijpp.16.4.0009,"Abstract Objectives To assess the quality of care provided by community pharmacists for simulated clients (SCs) with upper respiratory tract infection (URI) and to examine the effects of gender and appearance of socioeconomic status (SES) of the SCs on the practice. Setting Thirty-two community pharmacies in the south of Thailand with four male and four female SCs. Method Each SC visited eight community pharmacies twice, 1month apart, once with moderate and once with an appearance of low SES,...",,Maybe,Possible relevance - verify study design,,,,,[AUTO] Strong inclusion signal,MEDIUM,
REC-2836,PubMed,Awad Abdelmoneim I; Eltayeb Idris B,2007,Self-medication practices with antibiotics and antimalarials among Sudanese undergraduate university students.,Ann Pharmacother,10.1345/aph.1K068,"BACKGROUND: In many developing countries, up to 60-80% of health problems are self-medicated. OBJECTIVE: To estimate the prevalence of self-medication with antibiotics and/or antimalarials and identify factors promoting such use among university students in Sudan. METHODS: A descriptive cross-sectional study was performed, using a pretested questionnaire on a sample of 1300 students selected from 5 universities in Khartoum State, Sudan. RESULTS: Eight hundred ninety-one (79.5%; 95% CI 77.0 to 81",,Exclude,No relevant signals in title or abstract,,,,,[AUTO-R2] Title match - verify,MEDIUM,
REC-2844,PubMed,Esimone Charles Okey; Nworu Chukwuemeka Sylvester; Udeogaranya Obinna Patrick,2007,Utilization of antimicrobial agents with and without prescription by out-patients in selected pharmacies in South-eastern Nigeria.,Pharm World Sci,10.1007/s11096-007-9124-0,"OBJECTIVE: We conducted a study in out-patient pharmacies in South-eastern Nigeria in order to determine the extent of self-medication of antimicrobial agents in this area, assess the dosing error associated with this practice and to ascertain the extent of involvement of community pharmacies. METHOD: A survey was carried out daily in selected community pharmacies for a period of 90 days. Data were collected on the number of patients visiting these shops for antimicrobial agents, the number gett",,Exclude,No relevant signals in title or abstract,,,,,[AUTO-R2] Title match - verify,MEDIUM,
REC-2850,OpenAlex,Jonathan A. Finkelstein; Susan S. Huang; Ken Kleinman; Sheryl L. Rifas‐Shiman; Christopher J. Stille et al.,2007,Impact of a 16-Community Trial to Promote Judicious Antibiotic Use in Massachusetts,PEDIATRICS,10.1542/peds.2007-0819,"OBJECTIVES: Reducing unnecessary antibiotic use, particularly among children, continues to be a public health priority. Previous intervention studies have been limited by size or design and have shown mixed results. The objective of this study was to determine the impact of a multifaceted, community-wide intervention on overall antibiotic use for young children and on use of broad-spectrum agents. In addition, we sought to compare the intervention's impact on commercially and Medicaid-insured...",,Exclude,No relevant signals in title or abstract,,,,,[AUTO-R3] Possible intervention study - verify design,MEDIUM,
REC-2856,OpenAlex,Mary Agócs; Shannon Fitzgerald; Steven Alles; Graham John Sale; Victor Spain et al.,2007,Field Testing a Head-of-Household Method to Dispense Antibiotics,Biosecurity and Bioterrorism Biodefense Strategy Practice and Science,10.1089/bsp.2006.0022,"OBJECTIVES: Using a simulated anthrax exposure scenario, the Philadelphia Department of Public Health tested how rapidly and accurately a head-of-household (HoH) point of dispensing (PoD) site with an express dispensing line could provide medication to heads of households collecting antibiotics for all household members. METHODS: The 8 pretrained PoD leadership staff trained the other 42 PoD staff in the hour before the field trial. During the 2-hour field trial, proxy-HoHs used scripts with ...",,Exclude,No relevant signals in title or abstract,,,,,[AUTO-R3] Possible intervention study - verify design,MEDIUM,
REC-2862,PubMed,Nsimba S E D,2007,"Assessing the performance, practices and roles of drug sellers/dispensers and mothers'/guardians' behaviour for common childhood conditions in Kibaha district, Tanzania.",Trop Doct,10.1258/004947507782333099,"In most third world countries, self-medication is common and pharmacies, drug stores and drug shops are important providers of health advice and inexpensive medicines. We used exit interviews to assess drug sellers'/dispensers' roles and consumers' behaviour in Kibaha district, Coast region, Tanzania. Exit interviews with mothers/guardians reported the following childhood conditions treated with or without prescriptions at drug shops: respiratory infections (34%), fever (21%), a combination of d",,Exclude,No relevant signals in title or abstract,,,,,[AUTO-R2] Title match - verify,MEDIUM,
REC-2863,PubMed,Nyazema N; Viberg N; Khoza S; Vyas S; Kumaranayake L et al.,2007,Low sale of antibiotics without prescription: a cross-sectional study in Zimbabwean private pharmacies.,J Antimicrob Chemother,10.1093/jac/dkm013,"OBJECTIVES: To assess the quality of private pharmacy practice with a focus on the extent of antibiotic sales without prescription in private pharmacies in four Zimbabwean cities in relation to two tracer infectious conditions-sexually transmitted infections (STIs) among females and males, and diarrhoea in a child. METHODS: A cross-sectional study including pharmacies in Harare and three other towns. Information about each pharmacy was collected through structured interviews. Staff were intervie",,Maybe,Possible relevance - verify study design,,,,,[AUTO-R2] Title match - verify,MEDIUM,
REC-2870,OpenAlex,Woranuch Saengcharoen,2007,Factors affecting antibiotic dispensing for upper respiratory infections among community pharmacists,PSU Knowledge Bank (Prince of Songkla University),,"Thesis (Ph.D., Pharmaceutical Care)--Prince of Songkla University, 2007",,Exclude,No relevant signals in title or abstract,,,,,[AUTO-R2] Title match - verify,MEDIUM,
REC-2876,PubMed,Berzanskyte Ausra; Valinteliene Rolanda; Haaijer-Ruskamp Flora M; Gurevicius Romualdas; Grigoryan Larissa,2006,Self-medication with antibiotics in Lithuania.,Int J Occup Med Environ Health,10.2478/v10001-006-0030-9,"OBJECTIVES: Excessive and not always proper use of antibiotic give rise to numerous problems, of which antimicrobial resistance, currently cause for worldwide concern, is the major one. Few single studies of antibiotic use have been carried out in some countries. This study was performed to estimate the prevalence of antibiotic use in the general population of Lithuania with special interest in self-medication with antibiotics and sources of their acquisition. MATERIALS AND METHODS: Structured q",,Exclude,No relevant signals in title or abstract,,,,,[AUTO-R2] Title match - verify,MEDIUM,
REC-2880,PubMed,Das Veena; Das Ranendra K,2006,"Urban health and pharmaceutical consumption in Delhi, India.",J Biosoc Sci,10.1017/S002193200500091X,"This paper interrogates the routine and unproblematic use of terms such as 'self-medication' in biomedical and anthropological discourse. A typical depiction of the social factors that explain the practice of 'self-medication' in India is to put together the supply side factors (such as protection offered by the government for the production of generic drugs, especially in the small scale sector, and expansion of the number of drug store outlets), with the increasing demand for allopathic drugs.",,Exclude,Wrong outcome - not AB dispensing,,,,,[AUTO-R2] Title match - verify,MEDIUM,
REC-2890,OpenAlex,Larissa Grigoryan; Johannes G. M. Burgerhof; F. M. Haaijer-Ruskamp; J. E. Degener; Reginald Deschepper et al.,2006,Is self-medication with antibiotics in Europe driven by prescribed use?,Journal of Antimicrobial Chemotherapy,10.1093/jac/dkl457,"BACKGROUND: Self-medication with antibiotics may increase the risk of inappropriate use and the selection of resistant bacteria. One of the triggers for using self-medication may be past experience with antibiotics prescribed by health professionals. We examined the association between prescribed use and self-medication with antibiotics. METHODS: A population survey was conducted in 19 European countries, covering 15,548 respondents. Multinomial logistic regression analysis was used to study ...",,Exclude,No relevant signals in title or abstract,,,,,[AUTO-R2] Title match - verify,MEDIUM,
REC-2892,PubMed,Madaras-Kelly Karl J; Hannah Elizabeth Lyon; Bateman Kim; Samore Matthew H,2006,"Experience with a clinical decision support system in community pharmacies to recommend narrow-spectrum antimicrobials, nonantimicrobial prescriptions, and OTC products to decrease broad-spectrum antimicrobial use.",J Manag Care Pharm,10.18553/jmcp.2006.12.5.390,BACKGROUND: Overuse of antibiotics increases the incidence of bacterial resistance and contributes avoidable costs to the health care system. OBJECTIVE: To determine the feasibility of a protocol-driven community pharmacy intervention that was designed to decrease broad-spectrum antimicrobial (BSA) use in patients with upper respiratory tract infections. METHODS: The intervention involved pharmacists who conducted guided interviews regarding patient symptoms in a cohort of patients with BSA pres,,Exclude,No relevant signals in title or abstract,,,,,[AUTO-R3] Possible intervention study - verify design,MEDIUM,
REC-2897,OpenAlex,Mattias Larsson; Nguyễn Thanh Bình; Göran Tomson; Nguyen Tk Chuc; Torkel Falkenberg,2006,Personal de farmacias privadas de Hanoi dispensando corticoides: teoría y práctica,Pharmacy Practice,10.4321/s1885-642x2006000200002,Objective: To investigate self reported practice and actual practice of private pharmacy staff in relation to drug regulations and provision of prednisolone (a prescription-only corticosteroid) on request to treat lower back pain. Method: Sixty private pharmacies in Hanoi were randomly selected. Self reported practice was assessed through interviews with pharmacy staff using a questionnaire; actual practice was assessed with the Simulated Client Method with 5 encounters in each pharmacy (a to...,,Exclude,No relevant signals in title or abstract,,,,,[AUTO] Strong inclusion signal,MEDIUM,
REC-2899,OpenAlex,Mirjam Christ‐Crain; Daiana Stolz; Roland Bingisser; Christian Müller; David Miedinger et al.,2006,Procalcitonin Guidance of Antibiotic Therapy in Community-acquired Pneumonia,American Journal of Respiratory and Critical Care Medicine,10.1164/rccm.200512-1922oc,"RATIONALE: In patients with community-acquired pneumonia, guidelines recommend antibiotic treatment for 7 to 21 d. Procalcitonin is elevated in bacterial infections, and its dynamics have prognostic implications. OBJECTIVE: To assess procalcitonin guidance for the initiation and duration of antibiotic therapy in community-acquired pneumonia. METHODS: In a randomized intervention trial, 302 consecutive patients with suspected community-acquired pneumonia were included. Data were assessed at ba...",,Exclude,No relevant signals in title or abstract,,,,,[AUTO-R3] Possible intervention study - verify design,MEDIUM,
REC-2900,PubMed,Qidwai Waris; Krishanani Mukesh Kumar; Hashmi Saman; Afridi Maria; Ali Rubina Abu,2006,Private drug sellers' education in improving prescribing practices.,J Coll Physicians Surg Pak,,"OBJECTIVE: To determine the education of private drug sellers as an intervention tool in promoting rational use of medicines for diarrhoea at private drug outlets in a rural setting. PLACE AND DURATION OF STUDY: The study was conducted at Mithi, Tharparkar in rural Sindh in August 2005. PATIENTS AND METHODS: Diarrhea was selected to study drug-prescribing habit of private drug sellers. Evidence-based guidelines for control of diarrhea were developed along with simulation cases and keys. In phase",,Exclude,No relevant signals in title or abstract,,,,,[AUTO-R2] Title match - verify,MEDIUM,
REC-2903,OpenAlex,Siew Siang Chua; C Ramachandran; Thomas Paraidathathu,2006,Response of community pharmacists to the presentation of back pain: a simulated patient study,International Journal of Pharmacy Practice,10.1211/ijpp.14.3.0003,"Abstract Objective To assess the response of community pharmacists to the presentation of back pain. Method The researcher posed as a customer to obtain medication for back pain for her grandfather, and the consultations were recorded in a pretested data collection form. Setting The study was conducted in 100 randomly selected community pharmacies located within the Klang Valley in Malaysia. This includes Kuala Lumpur, the capital city of Malaysia and its surrounding suburban areas. Key findi...",,Maybe,Possible relevance - verify study design,,,,,[AUTO-R2] Title match - verify,MEDIUM,
REC-2907,PubMed,Van Sickle D,2006,Management of asthma at private pharmacies in India.,Int J Tuberc Lung Dis,,"SETTING: Chennai, India. OBJECTIVE: To examine the medications and advice that retail pharmacy attendants recommend to customers presenting with typical symptoms of asthma in an urban area of India. DESIGN: Four simulated clients described symptoms of mild persistent asthma to a quota sample of pharmacies in ten areas of the city. Clients recorded consultations with attendants and purchased a sample of the recommended medications. RESULTS: A total of 52 shops were visited on 56 occasions. Shopke",,Exclude,No relevant signals in title or abstract,,,,,[AUTO-R2] Title match - verify,MEDIUM,
REC-2913,PubMed,Awad Abdelmoneim; Eltayeb Idris; Matowe Lloyd; Thalib Lukman,2005,"Self-medication with antibiotics and antimalarials in the community of Khartoum State, Sudan.",J Pharm Pharm Sci,,"PURPOSE: To estimate the prevalence of self medication with antibiotics and antimalarials in Khartoum State, Sudan and evaluate factors associated with self medication. METHODS: A pre-tested questionnaire was used to collect data from a sample of 600 households, (1750 adult persons), selected from three cities in Khartoum State, Sudan, using a multistage stratified clustered sampling. RESULTS: One thousand two hundred and ninety three (73.9%) of the study population had used antibiotics or antim",,Exclude,No relevant signals in title or abstract,,,,,[AUTO-R2] Title match - verify,MEDIUM,
REC-2917,PubMed,Chalker J; Ratanawijitrasin S; Chuc N T K; Petzold M; Tomson G,2005,Effectiveness of a multi-component intervention on dispensing practices at private pharmacies in Vietnam and Thailand--a randomized controlled trial.,Soc Sci Med,10.1016/j.socscimed.2004.04.019,"Private pharmacies are the first line of health care in many communities, commonly selling antibiotics in small doses and prescription-only drugs such as steroids without medical supervision. The aim was to study the effectiveness of a multi-faceted intervention on the dispensing practices of drug sellers in Hanoi and Bangkok. The study was a randomized, controlled trial with 68 Hanoi and 78 Bangkok pharmacies, randomly selected and assigned for intervention and control. Behaviour was assessed b",,Include,Multi-component intervention → dispensing at private pharmacies (Chalker 2005 candidate),,,,,[AUTO-R2] Title match - verify,HIGH,
REC-2951,OpenAlex,Troy Trygstad; Dale B. Christensen; Jennifer Garmise; R Sullivan; Steven E. Wegner,2005,Pharmacist Response to Alerts Generated From Medicaid Pharmacy Claims in a Long-term Care Setting: Results From the North Carolina Polypharmacy Initiative,Journal of Managed Care Pharmacy,10.18553/jmcp.2005.11.7.575,"OBJECTIVE: In response to burgeoning drug costs, North Carolina (NC) Medicaid encouraged pharmacists and prescribers to develop collaborative programs to reduce drug expenditures. One of these programs, the North Carolina Polypharmacy Initiative, was a focused drug therapy management intervention aimed at reducing polypharmacy in nursing homes. This intervention targeted patients with more than 18 prescription fills in 90 days, beginning in November 2002. These patients were believed to have ...",,Exclude,No relevant signals in title or abstract,,,,,[AUTO-R3] Possible intervention study - verify design,MEDIUM,
REC-2953,PubMed,Volpato Dalton Espíndola; de Souza Bárbara Vicente; Dalla Rosa Luana Gabriela; Melo Luíz Henrique; Daudt Carlos Antonio Stabel et al.,2005,Use of antibiotics without medical prescription.,Braz J Infect Dis,10.1590/s1413-86702005000400004,UNLABELLED: The inappropriate use of antibiotics for the treatment of infections is a worldwide problem that has implications for the cost of treatment and the development of resistant strains of bacteria. The use of antibiotics should follow specific criteria; they are on top of the list of self-medication drugs in countries that do not control their commercialization. OBJECTIVES: To determine the percentage of pharmacies that attend the public and sell antibiotics without medical prescription ,,Maybe,Possible relevance - verify study design,,,,,[AUTO-R2] Title match - verify,MEDIUM,
REC-2981,PubMed,Tumwikirize W A; Ekwaru P J; Mohammed K; Ogwal-Okeng J W; Aupont O,2004,Management of acute respiratory infections in drug shops and private pharmacies in Uganda: a study of counter attendants' knowledge and reported behaviour.,East Afr Med J,,"BACKGROUND: In Uganda, private pharmacies and drug shops are important sources of drugs for the majority of the population. In addition to selling drugs, these outlets often serve as primary sources of information about illness and drug therapy. However, the appropriateness of dispensing by staff in these drug outlets has been found to be suboptimal. Yet there has been no study documenting the determinants that underlie the dispensing pattern at these outlets. This study evaluated counter attend",,Exclude,No relevant signals in title or abstract,,,,,[AUTO-R2] Title match - verify,MEDIUM,
REC-2982,PubMed,Tumwikirize W A; Ekwaru P J; Mohammed K; Ogwal-Okeng J W; Aupont O,2004,Impact of a face-to-face educational intervention on improving the management of acute respiratory infections in private pharmacies and drug shops in Uganda.,East Afr Med J,,"BACKGROUND: In Uganda, although private retail pharmacies and drug shops are the most common sources of drugs for the majority of the population, the quality of care received from these outlets has been reported as suboptimal. It is believed that lack of adequate knowledge is an important underlying factor to such practices. OBJECTIVES: In this study, we investigated the impact of a face-to-face educational intervention on counter attendants' dispensing behaviour for mild and severe acute respir",,Include,Intervention study - community pharmacy/antibiotic dispensing,,,,,[AUTO-R2] Title match - verify,MEDIUM,
REC-2983,OpenAlex,William R. Brieger,2004,Interactions between patent medicine vendors and customers in urban and rural Nigeria,Health Policy and Planning,10.1093/heapol/czh021,"Patent medicine vendors (PMVs) supply a large portion of the drugs used by the public in African countries to treat their illnesses. Little has been reported about what actually transpires between PMVs and their customers, but nevertheless, concerns have been raised about the potential for abuse of their position. This study conducted 720 observations of PMV-customer interaction in 444 medicine shops in both the metropolis of Ibadan and the rural town of Igbo-Ora in Oyo State, Nigeria. Each i...",,Exclude,Wrong outcome - not AB dispensing,,,,,[AUTO-R2] Title match - verify,MEDIUM,
REC-3000,OpenAlex,Mattias Larsson,2003,Antibiotic use and resistance : Assessing and improving utilisation and provision of antibiotics and other drugs in Vietnam,Figshare,,"Background: In Vietnam there were shortages of drugs until the end of the 1980's. In 1986 the ""Doi Moi"" economic reforms towards market economy were initiated. An expanding private health care sector emerged and the per capita drug consumption has increased dramatically. Aim: To assess drug provision in the public and private sectors, antibiotic use and resistance in the community, as well as the effect of an intervention package aimed at improving case management in private pharmacies in Vie...",,Exclude,No relevant signals in title or abstract,,,,,[AUTO-R3] Possible intervention study - verify design,MEDIUM,
REC-3006,OpenAlex,Paula Tavrow; Jennifer Shabahang; Sammy Makama,2003,"Vendor-to-vendor education to improve malaria treatment by private drug outlets in Bungoma District, Kenya.",Malaria Journal,10.1186/1475-2875-2-10,"BACKGROUND: Private outlets are the main suppliers of uncomplicated malaria treatment in Africa. However, they are so numerous that they are difficult for governments to influence and regulate. This study's objective was to evaluate a low-cost outreach education (vendor-to-vendor) programme to improve the private sector's compliance with malaria guidelines in Bungoma district, Kenya. The cornerstone of the programme was the district's training of 73 wholesalers who were equipped with customiz...",,Exclude,No relevant signals in title or abstract,,,,,[AUTO-R2] Title match - verify,MEDIUM,
REC-3018,PubMed,Borg Michael A; Scicluna Elizabeth Anne,2002,Over-the-counter acquisition of antibiotics in the Maltese general population.,Int J Antimicrob Agents,10.1016/s0924-8579(02)00194-2,"Few studies have studied the frequency of over-the-counter acquisition of antibiotics in western countries. In order to provide an insight into these practices in Malta, attitudes towards antibiotic use in the general public were researched through a structured interview. Nineteen percent admitted that they took antibiotics without prescription and 11% of parents replied that they had given antibiotics to their children without prescription. These antibiotics were mainly self-administered for up",,Exclude,No relevant signals in title or abstract,,,,,[AUTO-R2] Title match - verify,MEDIUM,
REC-3020,PubMed,Chalker John; Chuc N T K; Falkenberg T; Tomson G,2002,"Private pharmacies in Hanoi, Vietnam: a randomized trial of a 2-year multi-component intervention on knowledge and stated practice regarding ARI, STD and antibiotic/steroid requests.",Trop Med Int Health,10.1046/j.1365-3156.2002.00934.x,"OBJECTIVES: To assess the effectiveness of a multi-component intervention on knowledge and reported practice amongst staff working in private pharmacies in Hanoi regarding four conditions: urethral discharge [sexually transmitted diseases (STD)], acute respiratory infection (ARI), and non-prescription requests for antibiotics and steroids. METHOD: Randomized controlled trial with staff working in 22 matched pair intervention and control private pharmacies who were administered a semistructured q",,Include,RCT multi-component intervention → private pharmacies Vietnam (Chalker 2002),,,,,[AUTO-R2] Title match - verify,HIGH,
REC-3021,PubMed,Chuc Nguyen T K; Larsson Mattias; Do Nguyen T; Diwan Vinod K; Tomson Goran B et al.,2002,"Improving private pharmacy practice: a multi-intervention experiment in Hanoi, Vietnam.",J Clin Epidemiol,10.1016/s0895-4356(02)00458-4,"The objective of this study was to assess the effects of a multicomponent intervention on private pharmacy practice. From 641 private pharmacies in Hanoi, 68 pharmacies were randomly selected and matched into 34 pairs. Each pair consisted of a control and an intervention pharmacy. Three interventions were applied sequentially: Regulatory enforcement, Education, and Peer influence. Four tracer conditions were selected: uncomplicated acute respiratory infection (ARI), sexually transmitted disease ",,Include,Multi-intervention experiment → private pharmacy Vietnam,,,,,[AUTO-R3] Possible intervention study - verify design,HIGH,
REC-3040,OpenAlex,Nathan Nshakira; M Kristensen; Francis Ssali; Susan Reynolds Whyte,2002,"Appropriate treatment of malaria? Use of antimalarial drugs for children's fevers in district medical units, drug shops and homes in eastern Uganda",Tropical Medicine & International Health,10.1046/j.1365-3156.2002.00858.x,"OBJECTIVE: To evaluate the quality of pharmaceutical care of malaria for children in eastern Uganda prescribed at government health units and drug shops, and administered by caretakers at home; and to assess its appropriateness in relation to national treatment guidelines, which recommend chloroquine over 3 days. METHODS: We followed 463 children under 5 years whose caretakers attended two drug shops and two government health units to seek treatment for fever. The children were examined and t...",,Exclude,No relevant signals in title or abstract,,,,,[AUTO-R2] Title match - verify,MEDIUM,
REC-3041,OpenAlex,Nguyễn Thị Kim Chúc,2002,Towards good pharmacy practice in Hanoi : A multi-intervention study in private sector,Figshare,,"This thesis describes the quality of private pharmacy practice and assesses the effects of an intervention package on knowledge and practice of private pharmacy staff in Hanoi, Vietnam. The study types used were a case study and a randomised controlled trial. In the case study, two private pharmacies were included. Interviews, observations and drug inventory were used for data collection. In the intervention study, 68 private pharmacies participated. A Simulated Client Method was conducted to...",,Exclude,No relevant signals in title or abstract,,,,,[AUTO] Strong inclusion signal,MEDIUM,
REC-3053,PubMed,Chuc N T; Larsson M; Falkenberg T; Do N T; Binh N T et al.,2001,Management of childhood acute respiratory infections at private pharmacies in Vietnam.,Ann Pharmacother,10.1345/aph.10313,"OBJECTIVE: To investigate the knowledge and practice among private pharmacy staff in Hanoi regarding case management of mild acute respiratory infection (ARI) in children. METHODS: Sixty private pharmacies in Hanoi were randomly selected. Knowledge was assessed through interviews with pharmacy staff using a questionnaire; practice was assessed through the Simulated Client Method. RESULTS: In the questionnaire, 20% of the pharmacy staff stated that they would dispense antibiotics. In practice, 83",,Exclude,No relevant signals in title or abstract,,,,,[AUTO] Strong inclusion signal,MEDIUM,
REC-3054,OpenAlex,Despina G. Contopoulos‐Ioannidis; Ioanna D. Koliofoti; Ioanna Koutroumpa; I Giannakakis; John P. A. Ioannidis,2001,Pathways for Inappropriate Dispensing of Antibiotics for Rhinosinusitis: A Randomized Trial,Clinical Infectious Diseases,10.1086/320888,We evaluated the extent of and factors that determine the inappropriate use of antibiotics that are obtained without a physician's prescription. Ninety-eight Greek pharmacists were visited by actress-researchers who played clients requesting antibiotics without a physician's prescription. Pharmacists were randomly challenged in a scenario that involved simulated cases of acute uncomplicated rhinosinusitis with either low fever (38.5 degrees C) or high fever (40 degrees C). Antibiotics were of...,,Maybe,Intervention + AB outcome - verify community pharmacy setting,,,,,[AUTO-R3] Possible intervention study - verify design,MEDIUM,
REC-3058,OpenAlex,Jonathan A. Finkelstein; Robert L. Davis; Scott F. Dowell; Joshua P. Metlay; Stephen B. Soumerai et al.,2001,Reducing Antibiotic Use in Children: A Randomized Trial in 12 Practices,PEDIATRICS,10.1542/peds.108.1.1,"OBJECTIVE: To test whether an educational outreach intervention for families and physicians, based on the Centers for Disease Control and Prevention (CDC) principles of judicious antibiotic use, decreases antimicrobial drug prescribing for children younger than 6 years old. Setting. Twelve practices affiliated with 2 managed care organizations (MCOs) in eastern Massachusetts and northwest Washington State. Patients. All enrolled children younger than 6 years old. METHODS: Practices stratified...",,Exclude,Reducing AB use in children - 12 practices (likely HIC/clinic setting),,,,,[AUTO-R3] Possible intervention study - verify design,HIGH,
REC-3072,PubMed,Chalker J; Chuc N T; Falkenberg T; Do N T; Tomson G,2000,STD management by private pharmacies in Hanoi: practice and knowledge of drug sellers.,Sex Transm Infect,10.1136/sti.76.4.299,"BACKGROUND: Prompt treatment of sexually transmitted infections may reduce the incidence of HIV/AIDS infections. With health sector reforms private pharmacies are increasingly the first and only contact with health delivery services. OBJECTIVES: To find out how patients with STDs are treated at private pharmacies in Hanoi, and what drug sellers know about STD management. METHODS: Five simulated clients were taught to adopt a scenario stating that their friend had a urethral discharge. They visit",,Exclude,No relevant signals in title or abstract,,,,,[AUTO-R2] Title match - verify,MEDIUM,
REC-3077,PubMed,Hurtig A K; Pande S B; Baral S C; Porter J D; Bam D S,2000,"Anti-tuberculosis treatment in private pharmacies, Kathmandu Valley, Nepal.",Int J Tuberc Lung Dis,,"SETTING: Urban municipality of 150000 citizens in Kathmandu Valley, Nepal. OBJECTIVE: To determine 1) the perceptions among private pharmacists of characteristics of tuberculosis (TB) patients visiting private pharmacies in the area, 2) the sales of different anti-tuberculosis drugs, and 3) the interaction between private health providers and pharmacists. DESIGN: Between January and April 1998, semi-structured interviews were conducted with 98% (49/50) of the private drug-retailers in the area. ",,Exclude,No relevant signals in title or abstract,,,,,[AUTO-R2] Title match - verify,MEDIUM,
REC-3083,PubMed,Lönnroth K; Lambregts K; Nhien D T; Quy H T; Diwan V K,2000,"Private pharmacies and tuberculosis control: a survey of case detection skills and reported anti-tuberculosis drug dispensing in private pharmacies in Ho Chi Minh City, Vietnam.",Int J Tuberc Lung Dis,,"SETTING: Ho Chi Minh City (HCMC), Vietnam. OBJECTIVES: To assess knowledge about tuberculosis, to describe self-reported dispensing practices and to estimate the magnitude of anti-tuberculosis drug dispensing in private pharmacies. DESIGN: Survey of a random sample of 147 private pharmacies out of a total of 1814 registered pharmacies. Interviews were carried out based on a structured questionnaire. RESULTS: Eighteen per cent of interviewees identified TB as a possible diagnosis for a fictitious",,Exclude,No relevant signals in title or abstract,,,,,[AUTO-R2] Title match - verify,MEDIUM,
REC-3125,PubMed,Van Duong D; Binns C W; Van Le T,1997,Availability of antibiotics as over-the-counter drugs in pharmacies: a threat to public health in Vietnam.,Trop Med Int Health,10.1046/j.1365-3156.1997.d01-213.x,"A survey on the use of antibiotics purchased through retail pharmacies was conducted in the Badinh district of Hanoi, Vietnam. The survey found that purchasers visit a pharmacy when they or those who felt they needed antibiotics had minor symptoms such as cough (34.1%), sore throat (32.5%), stomach upsets (10.0%) and diarrhoea (8.8%). The most often purchased antibiotics were ampicillin (31.1%), amoxyllin (16.7%), cotrimoxazol (11.6%), tetracycline (5.2%) and cephalexin (4.8%). The median of the",,Exclude,No relevant signals in title or abstract,,,,,[AUTO-R2] Title match - verify,MEDIUM,
REC-3126,PubMed,Westfall G R; Narducci W A,1997,A community-pharmacy-based callback program for antibiotic therapy.,J Am Pharm Assoc (Wash),10.1016/s1086-5802(16)30210-8,"OBJECTIVE: To develop a telephone callback program to reinforce basic patient counseling given at the time of dispensing. DESIGN: At the time each prescription was filled, the pharmacist or pharmacy student recorded the patient's name, telephone number, date of birth, diagnosis, drug regimen, prescriber, relevant concurrent medications, initial comments, and date. Follow-up phone calls were then made when appropriate to assess patient progress in therapy. RESULTS: Telephone assessment of 521 pat",,Exclude,No relevant signals in title or abstract,,,,,[AUTO-R2] Title match - verify,MEDIUM,
REC-3129,PubMed,Goel P K; Ross-Degnan D; McLaughlin T J; Soumerai S B,1996,Influence of location and staff knowledge on quality of retail pharmacy prescribing for childhood diarrhea in Kenya.,Int J Qual Health Care,10.1093/intqhc/8.6.519,"BACKGROUND: Retail pharmacies are important sources of advice on pharmaceuticals in developing countries, where many purchasing decisions are unmediated by medical professionals. For childhood diarrhea, choice of drug sales in pharmacies has been found to be consistently poor, whether with or without prescription, as evidenced by a low use of effective oral rehydration salts (ORS) and high use of marginally effective or ineffective products such as antimotility agents, adsorbents, and antimicrob",,Exclude,No relevant signals in title or abstract,,,,,[AUTO-R2] Title match - verify,MEDIUM,
REC-3147,PubMed,Igun U A,1994,Reported and actual prescription of oral rehydration therapy for childhood diarrhoeas by retail pharmacists in Nigeria.,Soc Sci Med,10.1016/0277-9536(94)90041-8,"This study documented what retail pharmacists and operators of patent medicine shops prescribe for childhood diarrhoeas in Borno State in the northeastern part of Nigeria. Data was generated by a combination of open and confederates survey of 135 pharmacies and patent medicine shops in the state. The study found that retail pharmacies and patent medicine shop operators, in the overwhelming majority routinely prescribe drugs, particularly, antibiotics, for both watery and bloody diarrhoea. Very f",,Exclude,Wrong outcome - not AB dispensing,,,,,[AUTO-R2] Title match - verify,MEDIUM,
REC-3161,OpenAlex,Johan Marx,1992,An assessment of strategies which influence the profitability of retail pharmacies in South Africa,Unisa Institutional Repository (University of South Africa),,"The objective of this study is to assess the functional strategies of retail pharmacies in South Africa with a view to identify and evaluate variables which universally and significantly influence their profitability. The study devoted attention to both external, uncontrollable variables and internal, controllable variables. The functional strategies were assessed by means of management audit criteria. A sample of 800 retail pharmacies was selected from the 2 755 retail pharmacies in South Af...",,Exclude,No relevant signals in title or abstract,,,,,[AUTO-R2] Title match - verify,MEDIUM,
REC-3182,OpenAlex,N. R. Anthonisen; J. MANFREDA; C. P. W. WARREN; E. S. HERSHFIELD; G. K. M. HARDING et al.,1987,Antibiotic Therapy in Exacerbations of Chronic Obstructive Pulmonary Disease,Annals of Internal Medicine,10.7326/0003-4819-106-2-196,"The effects of broad-spectrum antibiotic and placebo therapy in patients with chronic obstructive pulmonary disease in exacerbation were compared in a randomized, double-blinded, crossover trial. Exacerbations were defined in terms of increased dyspnea, sputum production, and sputum purulence. Exacerbations were followed at 3-day intervals by home visits, and those that resolved in 21 days were designated treatment successes. Treatment failures included exacerbations in which symptoms did not...",,Exclude,No relevant signals in title or abstract,,,,,[AUTO-R3] Possible intervention study - verify design,MEDIUM,
REC-3184,OpenAlex,Göran Tomson; G Sterky,1986,SELF-PRESCRIBING BY WAY OF PHARMACIES IN THREE ASIAN DEVELOPING COUNTRIES,The Lancet,10.1016/s0140-6736(86)92438-4,,,Maybe,No abstract - cannot screen; retrieve full text,,,,,[AUTO-R2] Title match - verify,LOW,
REC-3196,OpenAlex,B Abel-Smith; Pierre Grandjeat,1979,Pharmaceutical consumption. Trends in expenditure. Main measures taken and underlying objectives of public intervention in the field. Studies: Social Policy Series 38,Archive of European Integration (AEI) (University of Pittsburgh),,C. The Regulation of Consumption 1.The Doctor 2. The Pharmacist 3. The Patient D. The effects of the policies adopted 1. Economic effects a) External trade .b) c) d) e) Pharmacists' incomes .Employment . .• • .Tax revenue .• • .Role of foreign ownership 2. Effects on health . . . . .a) Freedom of prescription .• • .b) Freedom to buy drugs without prescription SUMMARY AND CONCLUSIONS .,,Exclude,No relevant signals in title or abstract,,,,,[AUTO-R3] Possible intervention study - verify design,MEDIUM,
