record_id,database_source,author,year,title,journal,doi,abstract_snippet,duplicate_of,ta_decision,ta_exclusion_reason,ft_available,ft_decision,ft_exclusion_reason,included_in_review,notes,ta_confidence,screening_signal
REC-0002,OpenAlex,Abdulghani Aljermmy,2026,"Non-prescription acquisition of antibiotics in community pharmacies in Marib, Yemen: a cross-sectional study",Research Square,10.21203/rs.3.rs-8971365/v1,,,Maybe,No abstract - cannot screen; retrieve full text,,,,,[AUTO-R2] Title match - verify,LOW,
REC-0004,OpenAlex,Abdullahi Abdulrasheed; Josiane Awan Kfutua Aben; Abubakar Abubakar Musa; Balkisu Abubakar; Abdu Bello Gololo,2026,"Non-Prescription Antibiotic Dispensing and Community Antimicrobial Resistance Risk in Kaduna Metropolis, Nigeria: A Mixed-Methods Geospatial Study",International Journal of Global Health and Epidemiology,10.54117/e6nz4q98,"Background: Antimicrobial resistance (AMR) poses one of the most serious public health threats globally, with disproportionate burden in low- and middle-income countries such as Nigeria. Non-prescription antibiotic dispensing at pharmacy and patent medicine vendor (PPMV) outlets is an under-regulated driver of AMR risk. This study investigated pharmaceutical outlet distribution, non-prescription antibiotic dispensing, and social network dynamics as drivers of AMR risk in Kaduna metropolis, Ni...",,Maybe,Community pharmacy + LMIC + AB dispensing - verify study design for intervention arm,,,,,[AUTO] Strong inclusion signal,MEDIUM,
REC-0010,OpenAlex,Anan S Jarab; Walid A Al Qerem; Karem H. Alzoubi; Shrouq Abu Heshmeh; Ahmad nor Aldin Alzoubi et al.,2026,"Pharmacists’ knowledge, attitudes, and practices of dispensing antibiotics without a prescription",Pharmacy Practice,10.18549/pharmpract.2025.4.3250,"Background: Antibiotics have become some of the most widely used and essential tools in the healthcare system, with the advantage of saving millions of lives. However, the overuse and misuse of antibiotics led to the emergence of resistant microorganisms. Objective: To assess community pharmacists’ knowledge, attitude, and practice in relation to dispensing antibiotics without prescription. Methods: In this cross sectional study, a validated survey was distributed in person as Google Forms to...",,Maybe,Possible relevance - verify study design,,,,,[AUTO-R2] Title match - verify,MEDIUM,
REC-0018,PubMed,Bustami Mona; Abed Anas; Almazari Inas; AlQatarneh Rahaf; Abu Assab Shahd et al.,2026,Non-prescription antibiotic dispensing in community pharmacies in jordan: a simulated patient study.,Libyan J Med,10.1080/19932820.2026.2713956,"Inappropriate antibiotic use in community settings is a major contributor to antimicrobial resistance, particularly in low- and middle-income countries where regulatory enforcement may be inconsistent. Community pharmacies are a critical interface between health systems and the public; however, real-world dispensing practices remain insufficiently characterized in many settings. This study evaluated the prevalence, behavioral drivers, and clinical quality of non-prescription antibiotic dispen...",,Maybe,Possible relevance - verify study design,,,,,[AUTO] Strong inclusion signal,MEDIUM,
REC-0019,PubMed,Caamaño-López Juan Camilo; Torres-Chaverra Rafael José; Fonseca-Meneses Aylem Nathalia; Pérez-Cujia Eliat Jabit; Domínguez-Quintero Valentina et al.,2026,"High prevalence of antibiotic purchase without prescription in community pharmacies in Bucaramanga, Colombia.",IJID Reg,10.1016/j.ijregi.2026.100956,"OBJECTIVES: Self-medication is a key driver of antimicrobial resistance, and despite regulatory restrictions in Colombia, nonprescription antibiotic sales remain a significant public health concern. This study aimed to describe the purchase of antibiotics without a prescription in community pharmacies located in neighborhoods of Bucaramanga, Colombia, and to identify associated factors. METHODS: Cross-sectional study. We included adult customers of community pharmacies in Bucaramanga (10 neig...",,Maybe,Possible relevance - verify study design,,,,,[AUTO-R2] Title match - verify,MEDIUM,
REC-0028,PubMed,Darweesh Omeed; Godman Brian; Kurdi Amanj,2026,Non-prescription antibiotic dispensing and counseling practices in Iraqi community pharmacies: implications for antimicrobial stewardship and resistance containment.,Expert Rev Anti Infect Ther,10.1080/14787210.2026.2663104,"BACKGROUND: To assess the prevalence, characteristics, dispensing practices, and counseling behavior of non-prescription antibiotic dispensing among Iraqi community pharmacies to inform antimicrobial stewardship (AMS) policy. RESEARCH DESIGN AND METHODS: A cross-sectional simulated client study was conducted among 696 pharmacies across five Iraqi provinces. Standardized scenarios of upper respiratory tract infection were used to evaluate dispensing behavior, counseling quality (defined as whe...",,Maybe,Possible relevance - verify study design,,,,,[AUTO] Strong inclusion signal,MEDIUM,
REC-0033,OpenAlex,Hoa Quoc Nguyen; Suong Thi-Thanh Duong; Phuong Bao Quan; Tuyen Thanh Du; Uyen Uyen-Thao Truong et al.,2026,Practices of community pharmacists towards COVID-19 treatment in Vietnam: a simulated client study,BMC Health Services Research,10.1186/s12913-026-15395-0,"Abstract Background Recent reports have raised concerns about drug overuse and misuse in self-medication practices for COVID-19 treatment. This study was aimed to assess the availability and appropriateness of medication dispensing provided by community pharmacists to COVID-19 patients in Ho Chi Minh City, Vietnam. Methods The simulated client method was used to examine 102 randomly selected community pharmacies from 13 central districts of Ho Chi Minh City between May 2022 and July 2022. Eac...",,Maybe,Possible relevance - verify study design,,,,,[AUTO] Strong inclusion signal,MEDIUM,
REC-0052,OpenAlex,Omeed Darweesh; Brian Godman; Amanj Kurdi,2026,Non-prescription antibiotic dispensing and counselling practices in Iraqi community pharmacies: implications for Antimicrobial stewardship and resistance containment,Figshare,10.6084/m9.figshare.32050093.v1,"To assess the prevalence, characteristics, dispensing practices, and counseling behavior of non-prescription antibiotic dispensing among Iraqi community pharmacies to inform antimicrobial stewardship (AMS) policy. A cross-sectional simulated client study was conducted in 696 pharmacies across five Iraqi provinces. Standardized scenarios of upper respiratory tract infection were used to evaluate dispensing behavior, counseling quality (defined as whether staff provided key counseling component...",,Maybe,Possible relevance - verify study design,,,,,[AUTO] Strong inclusion signal,MEDIUM,
REC-0064,OpenAlex,Sangita Shakya; Nur Akmar Bt Taha; Pathiyil . Ravi Shankar; Shiba Bahadur Karkee; Kiran Shakya,2026,Inappropriate antibiotic dispensing for upper respiratory tract infections in community pharmacies – a simulated patient study,Research Square,10.21203/rs.3.rs-8405237/v1,,,Maybe,No abstract - cannot screen; retrieve full text,,,,,[AUTO-R2] Title match - verify,LOW,
REC-0076,OpenAlex,Viengmany Lobliayao; Sonemany Keolangsy; Nirada Vannavong; Dao Changvisommid; Thipphaphone Keonakhone et al.,2026,Antibiotic Stewardship Practices and Drug Quality in Private Pharmacies in Lao PDR: A Mixed-Methods Study,SSRN Electronic Journal,10.2139/ssrn.6918424,,,Maybe,No abstract - cannot screen; retrieve full text,,,,,[AUTO-R2] Title match - verify,LOW,
REC-0086,PubMed,Abed Anas; Abu Assab Mohammad; Merdas Zekrayat J H; Abu Dayyih Wael; Maaita Majd Nawras et al.,2025,"Confronting antimicrobial resistance in Jordan: regulatory, economic, and behavioral determinants of non-prescription antibiotic dispensing in community pharmacies-a mixed-methods study.",Front Med (Lausanne),10.3389/fmed.2025.1742205,"BACKGROUND: Over-the-counter (OTC) antibiotic dispensing remains a persistent challenge in many low- and middle-income countries despite the implementation of antimicrobial stewardship (AMS) policies. Jordan's community pharmacies represent a critical interface between public health and antimicrobial resistance (AMR) control. This study aimed to examine the determinants, barriers, and enabling factors influencing AMS adherence among Jordanian community pharmacists, and to integrate quantitati...",,Maybe,Possible relevance - verify study design,,,,,[AUTO] Strong inclusion signal,MEDIUM,
REC-0092,PubMed,Al Masud Abdullah; Walpola Ramesh Lahiru; Sarker Malabika; Asaduzzaman Muhammad; Islam Md Saiful et al.,2025,Antibiotic dispensing practices in community pharmacies: Implications for antimicrobial stewardship in resource-constrained settings.,Explor Res Clin Soc Pharm,10.1016/j.rcsop.2025.100606,"BACKGROUND: Over-the-counter antibiotic sales in community-pharmacies significantly drive antimicrobial resistance (AMR) in low- and middle-income countries (LMICs) due to inappropriate use and early treatment discontinuation. In Bangladesh, community pharmacies, which dispense 56.6 % of antibiotics without prescriptions, serve as the first health-seeking touchpoint, yet conventional stewardship strategies often overlook these informal providers, heightening AMR risks. This study examines dru...",,Maybe,Possible relevance - verify study design,,,,,[AUTO-R2] Title match - verify,MEDIUM,
REC-0096,OpenAlex,Ali Omar Yassen; Aya Bilal; Bnar Ismael; Angela Alani,2025,"Perceptions and practices of community pharmacists towards antimicrobial stewardship program in Erbil City, Iraq: A cross-sectional study",Zanco Journal of Medical Sciences,10.15218/zjms.2025.045,"Background and objective: Antimicrobial resistance is a crucial health concern around the world, giving rise to millions of deaths each year. Despite the existence of recommendations for antimicrobial stewardship programs (ASP), the problem persists, particularly in conflict-affected areas such as the Middle East. The aim of this study is to investigate pharmacists’ attitude and practices towards ASP in Erbil, Iraq. Methods: A cross-sectional observational study was conducted among community ...",,Maybe,Possible relevance - verify study design,,,,,[AUTO-R2] Title match - verify,MEDIUM,
REC-0102,PubMed,Alshahrani Sultan M; Shaik Alavudeen Sirajudeen,2025,"Barriers and determinants of over-the-counter antibiotic sales de-escalation: perspectives of community pharmacists in Aseer, Saudi Arabia.",Front Med (Lausanne),10.3389/fmed.2025.1677246,"BACKGROUND: Antimicrobial resistance (AMR) represents a significant global health threat, which is worsened by the inappropriate distribution of antibiotics without a prescription. Cultural conventions and the easy accessibility of pharmacies in Saudi Arabia further aggravate this situation. Community pharmacists play a crucial role in antimicrobial stewardship, yet they continue to face substantial challenges. OBJECTIVE: The objective of this study was to examine the barriers and determinant...",,Maybe,Possible relevance - verify study design,,,,,[AUTO-R2] Title match - verify,MEDIUM,
REC-0105,OpenAlex,Amanj Kurdi; Awat Hasan; Ari Hassan; Ying He; Omeed Darweesh et al.,2025,A Simulated Client Study on Non-Prescription Antibiotic Sales and Counselling Practices in Iraqi Nurse-Led Clinics: Implications for Antimicrobial Resistance,Infection and Drug Resistance,10.2147/idr.s533590,"Background: The inappropriate use of antibiotics is a major contributor to antimicrobial resistance (AMR), which is a critical issue in low and middle-income countries such as Iraq. Nurse-led clinics in Iraq are a common point of care for patients seeking treatment for infectious diseases; however, they are currently poorly regulated. This study aimed to assess the extent and appropriateness of antibiotic dispensing in this setting, including the quality of dispensing. In these clinics, only ...",,Maybe,Possible relevance - verify study design,,,,,[AUTO] Strong inclusion signal,MEDIUM,
REC-0126,PubMed,Do Thu Anh; Quan Phuong Bao; Le Thy Tran-Bao; Du Tuyen Thanh; Duong Suong Thi-Thanh et al.,2025,Antibiotic dispensing without a prescription across community pharmacies: A simulated patient study.,Explor Res Clin Soc Pharm,10.1016/j.rcsop.2025.100590,"OBJECTIVES: This study aimed to investigate the proportion of antibiotics dispensed, counseling content, and factors associated with antibiotic dispensing for patients with common cold symptoms among community pharmacists (CPs) in Ho Chi Minh City (HCMC). METHODS: A cross-sectional study was conducted from January to June 2023 using a simulated patient (SP) method. A total of 352 community pharmacies across 24 districts in HCMC were randomly selected. The SP provided complaints including havi...",,Maybe,Intervention + AB outcome - verify community pharmacy setting,,,,,[AUTO-R2] Title match - verify,MEDIUM,
REC-0129,OpenAlex,Edidiong Orok; Favour Ikpe; Tonfamoworio Williams; Inimuvie Ekada,2025,Impact of educational intervention on knowledge of antimicrobial resistance and antibiotic use patterns among healthcare students: a pre- and post-intervention study,BMC Medical Education,10.1186/s12909-025-06856-x,"BACKGROUND: Antimicrobial resistance (AMR) is a growing global health threat, partly driven by inappropriate antibiotic use. Healthcare students, as future practitioners, must have a good understanding of AMR to contribute to antimicrobial stewardship. This study aimed to evaluate the impact of an educational intervention on healthcare students' knowledge of AMR and to assess patterns of antibiotic use prior to the intervention. METHODS: A quasi-experimental pre-and-post study design was cond...",,Maybe,Intervention + AB outcome - verify community pharmacy setting,,,,,[AUTO-R3] Possible intervention study - verify design,MEDIUM,
REC-0144,PubMed,Gladys Okafor Ukamaka; Gabriella Chukwujindu Nzube; Lawal Folasade Olufunke; Bukola Folorunso Oluwatoyin; Amaechi Victor Chikaodiri et al.,2025,"Antibiotics stewardship: prevalence, nature, and factors associated with dispensing of antibiotics without prescription among community pharmacists in Nigeria.",J Pharm Policy Pract,10.1080/20523211.2025.2498927,"BACKGROUND: Dispensing antibiotics without a prescription is common among community pharmacists in low- and middle-income countries despite its association with antibiotic resistance. This study describes the prevalence and nature of dispensing antibiotics without prescription among community pharmacists in Nigeria and its associated factors. METHOD: A cross-sectional study was conducted among community pharmacists in Nigeria with a validated, online, self-administered questionnaire. Reliabil...",,Maybe,Possible relevance - verify study design,,,,,[AUTO-R2] Title match - verify,MEDIUM,
REC-0149,PubMed,Hammad Eman A; Altaher Noor; Tarazi Ala'a; Majdlaweyh Abdalrahman; Albayati Noorhan et al.,2025,Community Pharmacy Staff Referral of Patients with Diarrhea to Medical Consultation: A Simulated Patient Study.,Int J Pharm Pract,10.1093/ijpp/riaf023,OBJECTIVES: The objectives were (i) to assess the ability of community pharmacy staff in Jordan to identify diarrhea symptoms suggestive of bacterial gastroenteritis and advise patients to see a physician and (ii) to identify the factors influencing the referral decisions. METHOD: The study used the simulated patient (SP) approach. Four SPs conveyed a symptom-based scenario of bacterial gastroenteritis. Each visit was assessed for three outcomes: appropriateness of the visit outcome (i.e. ref...,,Maybe,Possible relevance - verify study design,,,,,[AUTO-R2] Title match - verify,MEDIUM,
REC-0184,PubMed,Maluleke Tiyani Milta; Maluleke Morgan Tiyiselani; Ramdas Nishana; Jelić Ana Golić; Kurdi Amanj et al.,2025,Prevalence and Associated Factors for Purchasing Antibiotics Without a Prescription Among Patients in Rural South Africa: Implications for Addressing Antimicrobial Resistance.,Antibiotics (Basel),10.3390/antibiotics14121273,,,Maybe,No abstract - cannot screen; retrieve full text,,,,,[AUTO-R2] Title match - verify,LOW,
REC-0205,OpenAlex,Nadia Saeed; Abdo Taher; Lutf Mohammed Al-Rahbi; Mohammed Alsebaeai; Mageed F. Alsaadi,2025,Study of Antibiotic Use Without a Prescription and Its Misuse by Pharmacists in Sana'a City in 2024,Queen Arwa University Journal,10.58963/qausrj.v29i29.311,أصبح سوء استخدام المضادات الحيوية والتهديد المتزايد لمقاومتها من المخاوف الصحية العالمية الحرجة لا سيما في البيئات منخفضة الموارد. درست هذه الدراسة استخدام المضادات الحيوية بدون وصفة طبية في الصيدليات المجتمعية في صنعاء، اليمن، مع التركيز على العوامل المساهمة وممارسات الصيادلة والوعي العام. تم إجراء مسح مقطعي على مدى 30 يومًا باستخدام العينات الهادفة وشملت 299 صيدلية. تم جمع البيانات من خلال استبيان منظم لتقييم أنماط صرف المضادات الحيوية ومعرفة الصيادلة وسلوكياتهم. كشفت النتائج عن انتشار واسع...,,Maybe,Possible relevance - verify study design,,,,,[AUTO-R2] Title match - verify,MEDIUM,
REC-0208,PubMed,Nsingo Zanele; Bangalee Varsha; Johnston Deanne,2025,"Corrigendum: Utilisation of antibiotics in a community pharmacy: A case from North-West, South Africa.",Afr J Prim Health Care Fam Med,10.4102/phcfm.v17i1.5273,,,Maybe,No abstract - cannot screen; retrieve full text,,,,,[AUTO-R2] Title match - verify,LOW,
REC-0215,OpenAlex,Omar Al Omoush; Yaman Altal; Nuha Qasem; Mohammad Ali Alshrouf; Yara Alshawabkeh et al.,2025,Dispensing Practice of Non-Prescribed Medications in Community Pharmacies in Jordan: A Simulated Patient Study,Pharmacy Practice,10.18549/pharmpract.2025.2.3144,"Objectives: In Jordan, community pharmacies play a critical role in the healthcare system, often serving as the first point of contact for patients seeking medical advice and medication. As most antibiotics and oral contraceptive pills (OCPs) are available over the counter, it is the pharmacist’s professional duty to verify and advise patients about all aspects of using these medications. However, the lack of stringent regulatory oversight and adherence to dispensing guidelines has led to con...",,Maybe,Possible relevance - verify study design,,,,,[AUTO-R2] Title match - verify,MEDIUM,
REC-0219,OpenAlex,Pooja Rimal; Anil Kumar Sah; Kadir Alam; Mukhtar Ansari; Khalid Alshaghdali et al.,2025,"Dispensing Practices of Antibiotics among Community Pharmacies of Bharatpur, Nepal; A Simulated Patient Cross-Sectional Study",Journal of Young Pharmacists,10.5530/jyp.20251698,"Backgroud The practice of community pharmacies dispensing antibiotics without a prescription is widespread, and improper use of these medications is associated with the emergence of resistance. Hence, this study aimed to evaluate the dispensing practices of antimicrobials in community pharmacies of Bharatpur city, Nepal. Materials and Methods A cross-sectional study involving 101 community pharmacies of Bharatpur Metropolitan city was conducted for a duration of six months starting from 1st J...",,Maybe,Possible relevance - verify study design,,,,,[AUTO-R2] Title match - verify,MEDIUM,
REC-0245,PubMed,Tekle Masho Tigabe; Sema Faisel Dula; Worku Minichil Chanie; Jara Abdisa Gemedi; Ayenew Worku Endalamaw,2025,Dispensing of antibiotics without prescription in community drug retail outlets of Bahir Dar City in Northwest Ethiopia: A simulated client visit before and after educational intervention.,J Glob Antimicrob Resist,10.1016/j.jgar.2025.08.017,"OBJECTIVES: The non-prescription supply of antibiotics in community drug retail outlets (CDROs) significantly contributes to antibiotic resistance (ABR). This study aimed to assess the effectiveness of an educational intervention for pharmacy practitioners (PPs) in reducing over-the-counter (OTC) antibiotic sales. METHODS: From 1 August 2022, to 30 January 2023, a total of 80 simulated client (SC) visits (40 pre-intervention, 40:post-intervention) were made in 40 CDROs of Bahir Dar City, to d...",,Maybe,Intervention + AB outcome - verify community pharmacy setting,,,,,[AUTO] Strong inclusion signal,MEDIUM,
REC-0250,OpenAlex,Tiyani Milta Maluleke; Morgan Tiyiselani Maluleke; Ana Golić Jelic; Stephen Campbell; Vanda Marković‐Peković et al.,2025,Estimated extent of purchasing of antibiotics without a prescription from community pharmacies in a rural province in South Africa and the implications,Frontiers in Tropical Diseases,10.3389/fitd.2025.1637362,"Background Antimicrobial resistance is a considerable global health threat especially among low- and middle-income countries, exacerbated by considerable inappropriate dispensing of antibiotics. There have though been concerns with variable levels of dispensing of antibiotics without a prescription in South Africa. Consequently, a need to comprehensively estimate current levels of dispensing of antibiotics without a prescription, which was the aim of this study. Methods Administer a previousl...",,Maybe,Possible relevance - verify study design,,,,,[AUTO-R2] Title match - verify,MEDIUM,
REC-0253,OpenAlex,Trần Thị Thu Trang,2025,"Factors Influencing Provision of Antibiotics without a Prescription at Pharmacies in Inner City of Hanoi, Vietnam 2024",Journal of Health Science and Medical Therapy,10.59653/jhsmt.v3i02.1475,"The sale of antibiotics without a prescription is a serious issue in Vietnam, particularly in the inner city of Hanoi, where this practice remains prevalent despite strict regulations. This has significant negative impacts on public health, including the issue of antimicrobial resistance. This study aims to evaluate the factors influencing the sale of antibiotics without a prescription at retail pharmacies in the inner city of Hanoi, focusing on the districts of Bac Tu Liem and Nam Tu Liem. A...",,Maybe,Possible relevance - verify study design,,,,,[AUTO-R2] Title match - verify,MEDIUM,
REC-0277,OpenAlex,Abdo Taher; Nadia Saeed,2024,Study the Antibiotics Use Without a Prescription and Their Misuse in Sana’a City,Queen Arwa University Journal,10.58963/qausrj.v27i27.295,يهدف هذا البحث إلى تقييم معرفة سكان مدينة صنعاء في اليمن حول الاستخدام الصحيح للمضادات الحيوية ومخاطرها. بالإضافة إلى ذلك، يسعى البحث إلى تقييم دور الصيادلة في صرف المضادات الحيوية بشكل عشوائي ومعرفتهم بمقاومة البكتيريا. أجريت الدراسة بين يونيو وأغسطس 2023 في مدينة صنعاء، حيث تم استخدام استبيان شمل 261 شخصاً بالغاً استخدموا مضادات حيوية مؤخراً. تضمن الاستبيان أسئلة حول الوضع الاجتماعي للمشاركين وأسئلة متعددة الخيارات وأخرى مفتوحة. أظهرت النتائج أن مستوى استخدام المضادات الحيوية كان مرتفعاً لل...,,Maybe,Possible relevance - verify study design,,,,,[AUTO-R2] Title match - verify,MEDIUM,
REC-0278,OpenAlex,Abdul Razzaque Nohri; Muhammad Ilyas Siddiqui; Gulzar Usman; Sajan Sarang; Hina Qasim Memon et al.,2024,Antibiotic dispensation without prescription by community pharmacies in Pakistan,Journal of Medicine Surgery and Public Health,10.1016/j.glmedi.2024.100065,"Antibiotic resistance is a one of the major threats to public health worldwide. Over-the-counter dispensation and utilization of antibiotics are strongly linked with antibiotic resistance. Dispensing without prescription practice is widespread in most countries, including Pakistan. Generally the factors influencing the widespread supply of antibiotics without a prescription in Pakistan include lack of enforcement of laws, lack of knowledge of infectious diseases, patient pressure and socioeco...",,Maybe,Possible relevance - verify study design,,,,,[AUTO-R2] Title match - verify,MEDIUM,
REC-0288,OpenAlex,Akram Alkadhimi; Omar Thanoon Dawood; Amer Hayat Khan,2024,"Dispensing of Antibiotics without Prescription in Community Pharmacy in Baghdad, Iraq",Archives of Pharmacy Practice,10.51847/xojfb9irta,"This study aimed to evaluate the pattern of dispensing antibiotics without a prescription in a community pharmacy in Baghdad, as well as to understand the factors influencing the dispensing of antibiotics without a prescription. A cross-sectional study was conducted among community pharmacists to describe the dispensing of antibiotics in community pharmacies. The convenience sampling method was applied to select the required sample from a community pharmacy in Baghdad. A self-administered questi",,Maybe,Possible relevance - verify study design,,,,,[AUTO-R2] Title match - verify,MEDIUM,
REC-0295,PubMed,Alnezary Faris S; Alahmadi Dina A; Abduljaleel Fatima N; Alharbi Riham G; Alzahrani Fahad et al.,2024,Assessing Community Pharmacists' Management of Acute Diarrhea in Saudi Arabia: A Simulated Patient Study.,Healthcare (Basel),10.3390/healthcare12232385,"INTRODUCTION: Antimicrobial resistance poses a significant threat to global health, and community pharmacists are positioned to play a crucial role in mitigating this issue. The present study aimed to evaluate the extent of compliance among community pharmacists in Saudi Arabia with relevant regulations and clinical guidelines in the management of suspected infectious diarrhea. METHOD: This cross-sectional study employed simulated patients presenting with diarrhea to assess the management pra...",,Maybe,Possible relevance - verify study design,,,,,[AUTO-R2] Title match - verify,MEDIUM,
REC-0318,OpenAlex,Christian Kunow; Bernhard Langer,2024,Simulated patient methodology as a “gold standard” in community pharmacy practice: Response to criticism,World Journal of Methodology,10.5662/wjm.v14.i2.93026,"The simulated patient methodology (SPM) is considered the ""gold standard"" as covert participatory observation. SPM is attracting increasing interest for the investigation of community pharmacy practice; however, there is criticism that SPM can only show a small picture of everyday pharmacy practice and therefore has limited external validity. On the one hand, a certain design and application of the SPM goes hand in hand with an increase in external validity. Even if, on the other hand, this o...",,Maybe,Possible relevance - verify study design,,,,,[AUTO-R2] Title match - verify,MEDIUM,
REC-0338,PubMed,Ferdiana Astri; Mashuri Yusuf Ari; Wulandari Luh Putu Lila; Rahayu Ihsanti Dwi; Hasanah Miratul et al.,2024,The impact of a multi-faceted intervention on non-prescription dispensing of antibiotics by urban community pharmacies in Indonesia: a mixed methods evaluation.,BMJ Glob Health,10.1136/bmjgh-2024-015620,INTRODUCTION: Non-prescription antibiotic dispensing is prevalent among community pharmacies in several low- and middle-income countries. We evaluated the impact of a multi-faceted intervention to address this challenge in urban community pharmacies in Indonesia. METHODS: A pre-post quasi-experimental study was carried out in Semarang city from January to August 2022 to evaluate a 7-month long intervention comprising: (1) online educational sessions for pharmacists; (2) awareness campaign tar...,,Maybe,Intervention + AB outcome - verify community pharmacy setting,,,,,[AUTO] Strong inclusion signal,MEDIUM,
REC-0362,OpenAlex,Huong V.T.M. Vo; Hung N.P. Nguyen; Minh N.T.T. Nguyen; Dut Van Vo; Khai L.Q. Lam et al.,2024,Correlation Analysis of Factors Influencing Customer Loyalty in Retail Pharmacy Chains: A Cross-Sectional Study in Vietnam,Research Square,10.21203/rs.3.rs-3857767/v1,,,Maybe,No abstract - cannot screen; retrieve full text,,,,,[AUTO-R2] Title match - verify,LOW,
REC-0370,OpenAlex,Jingyi Qiao; Bingxing Luo; Jian Ming; Siyun Zhou; Yingyao Chen et al.,2024,Prevalence and Implications of Non-Prescription Antibiotic Dispensing in Baghdad Community Pharmacies,Annals of Pharmacy Practice and Pharmacotherapy,10.51847/5sugtfpren,"The purpose of the present investigation was to assess the pattern of distributing antibiotics without an order at a Baghdad community pharmacy, as well as to better comprehend the variables that influence antibiotic dispensing without authorization. A cross-sectional survey of community pharmacists was conducted to explain antibiotic distribution practices in community pharmacies. To collect the requisite sample, the convenience sampling approach was used at a Baghdad community pharmacy. The pa",,Maybe,Possible relevance - verify study design,,,,,[AUTO] Strong inclusion signal,MEDIUM,
REC-0389,PubMed,Lubanga Adriano Focus; Bwanali Akim Nelson; Kamanga Watipaso; Kathewera Bernard Sindani; Makole Tumaini John et al.,2024,"Antibiotic Dispensing Practices Among Community Retail Pharmacies and Registered Drugstores: Results from a Simulated Client Study in Lilongwe, Malawi.",Integr Pharm Res Pract,10.2147/IPRP.S487530,"INTRODUCTION: Antimicrobial resistance (AMR) is largely driven by the inappropriate use of antibiotics. This has been attributed to the non-prescription sale of antibiotics in retail drug outlets. Despite the rising number of retail drug outlets in Malawi, the practice of drug dispensing in private pharmacies has not been evaluated. This study therefore assessed the prevalence of non-prescription sales of antibiotics in retail drug outlets in Lilongwe, Malawi. METHODS: A community-based simul...",,Maybe,Possible relevance - verify study design,,,,,[AUTO] Strong inclusion signal,MEDIUM,
REC-0415,OpenAlex,Muhammad Raza Shah; Samreen Fatima; Sehrosh Naz Khan; Shafiullah; Zahid Azam et al.,2024,"The safety and efficacy of Houtou Jianweiling tablet in patients with chronic non-atrophic gastritis: a double-blind, non-inferiority, randomized controlled trial",Frontiers in Pharmacology,10.3389/fphar.2024.1293272,"Background: Common symptoms of Chronic Non-atrophic Gastritis (CNAG) include nausea, stomach distension, and abdominal pain. The Houtou Jianweiling Tablet (HTJWT) is a chinese patent medicine (CN1368229A) and it has been used clinically for more than 20 years with proven clinical efficacy in treating CNAG, prompted us to establish the clinical efficacy and safety of HTJWT on patients with mild to moderate CNAG symptoms in Pakistani population. Methods: This phase II, double-blind, randomized,...",,Maybe,Intervention + pharmacy - verify AB dispensing outcome specifically,,,,,[AUTO-R3] Possible intervention study - verify design,MEDIUM,controlled trial
REC-0418,PubMed,Nabeel Muhammad; Ali Khubaib; Sarwar Muhammad Rehan; Waheed Imran,2024,"Assessment of knowledge, attitudes, and practices among community pharmacists in Lahore regarding antibiotic dispensing without prescription: A cross-sectional study.",PLoS One,10.1371/journal.pone.0304361,"OBJECTIVES: The irrational dispensing practices are responsible for antibiotic abuse and the spread of antibiotic resistance. Thus, the present study aims to evaluate the knowledge, attitudes, and practices of community pharmacists (CPs) regarding dispensing antibiotics without prescription (DAwP). METHOD: A descriptive, cross-sectional study was conducted between March 1, 2023, and March 31, 2023, in community pharmacy settings of Lahore, Pakistan. A self-administered and pretested questionn...",,Maybe,Possible relevance - verify study design,,,,,[AUTO] Strong inclusion signal,MEDIUM,
REC-0442,OpenAlex,Ronnel Garcia; Claudette Tugna,2024,Prevalence of Consumers Purchasing Antibiotic Medicine Without Prescription Among Community Pharmacies,Journal of interdisciplinary perspectives,10.69569/jip.2024.0264,"According to the Global Research on Antimicrobial Resistance, the Philippines has an average antibiotic use of 5.3 DDDs per 1,000 people, with pediatric antibiotic use constituting approximately 56.2%. Although lower than in neighboring countries, this level of use still poses a significant threat to the healthcare system. The widespread availability of antibiotics has been a major contributing factor to the rise of antibiotic resistance (ABR) in the Philippines. Historically, antibiotics cou...",,Maybe,Possible relevance - verify study design,,,,,[AUTO-R2] Title match - verify,MEDIUM,
REC-0448,PubMed,Sawant Pravin Arun; Hiralkar Sakshi Shantanu; Hulsurkar Yogita Purushottam; Phutane Mugdha Sharad; Mahajan Uma Satish et al.,2024,"Predicting over-the-counter antibiotic use in rural Pune, India, using machine learning methods.",Epidemiol Health,10.4178/epih.e2024044,"OBJECTIVES: Over-the-counter (OTC) antibiotic use can cause antibiotic resistance, threatening global public health gains. To counter OTC use, this study used machine learning (ML) methods to identify predictors of OTC antibiotic use in rural Pune, India. METHODS: The features of OTC antibiotic use were selected using stepwise logistic, lasso, random forest, XGBoost, and Boruta algorithms. Regression and tree-based models with all confirmed and tentatively important features were built to pre...",,Maybe,Possible relevance - verify study design,,,,,[AUTO-R2] Title match - verify,MEDIUM,
REC-0461,OpenAlex,Tiyani Milta Sono; Morgan Tiyiselani Maluleke; Ana Golić Jelic; Stephen Campbell; Vanda Marković‐Peković et al.,2024,Potential Strategies to Limit Inappropriate Purchasing of Antibiotics without a Prescription in a Rural Province in South Africa: Pilot Study and the Implications,Advances in Human Biology,10.4103/aihb.aihb_127_23,"Introduction: There is considerable concern with rising rates of antimicrobial resistance (AMR) with its subsequent impact on morbidity, mortality and costs. In low- and middle-income countries, a key driver of AMR is the appreciable misuse of antibiotics in ambulatory care, which can account for up to 95% of human utilisation. A principal area is the selling of antibiotics without a prescription. There is conflicting evidence in South Africa regarding this practice alongside rising AMR rates...",,Maybe,Possible relevance - verify study design,,,,,[AUTO-R2] Title match - verify,MEDIUM,
REC-0462,OpenAlex,Tiyani Milta Sono; Morgan Tiyiselani Maluleke; Nishana Ramdas; Ana Golić Jelic; Stephen Campbell et al.,2024,Pilot Study to Evaluate the Feasibility of a Patient Questionnaire for the Purpose of Investigating the Extent of Purchasing Antibiotics without a Prescription in a Rural Province in South Africa: Rationale and Implications,Advances in Human Biology,10.4103/aihb.aihb_140_23,"Abstract Introduction: There are concerns with rising rates of antimicrobial resistance (AMR) across countries with appreciable impact on morbidity, mortality and costs. Amongst low- and middle-income countries, a key driver of AMR is the excessive use of antibiotics in ambulatory care, with a critical area being the appreciable selling of antibiotics without a prescription often driven by patient demand and limited knowledge. There is currently conflicting evidence in South Africa regarding ...",,Maybe,Possible relevance - verify study design,,,,,[AUTO-R2] Title match - verify,MEDIUM,
REC-0463,OpenAlex,Tiyani Milta Sono; Natalie Schellack; Brian Godman,2024,The Role of Patients with Addressing Inappropriate Dispensing of Antibiotics without a Prescription Especially in Developing Countries,Advances in Human Biology,10.4103/aihb.aihb_124_24,"Antimicrobial resistance (AMR) is a growing global concern, significantly impacting on morbidity, mortality and healthcare costs, especially in low- and middle-income countries (LMICs).[1-4] Consequently, rapidly becoming the next pandemic if key drivers are not addressed.[5] A recognised major driver of AMR in LMICs is the excessive use of antibiotics in ambulatory care where antibiotic consumption can account for up to 95% of total antibiotic use in humans.[6,7] A critical issue to address ...",,Maybe,Possible relevance - verify study design,,,,,[AUTO-R2] Title match - verify,MEDIUM,
REC-0476,OpenAlex,Xingrong Shen; Beth Stuart; Enci Cui; Rong Liu; Tingting Zhang et al.,2024,A complex intervention to reduce antibiotic prescribing in rural China: a cluster randomised controlled trial,The Lancet Regional Health - Western Pacific,10.1016/j.lanwpc.2024.101236,"Background: Excessive use of antibiotics is a widespread problem. We aim to evaluate the efficacy of a multifaceted intervention for reducing antibiotic use in patients with respiratory tract infections (RTIs). Methods: In this two-arm cluster randomized controlled trial, we enrolled patients aged 18+ with symptomatic RTIs at 40 township health centers (THCs) selected from 10 counties in Anhui, China. The THCs were randomized using an online tool ('Sealed Envelope') to intervention or usual c...",,Maybe,Complex intervention → antibiotic prescribing rural China - verify if includes pharmacy dispensing,,,,,[AUTO] Strong inclusion signal,HIGH,
REC-0478,OpenAlex,Yaser Mohammed Al‐Worafi,2024,Pharmacy Practice: Comparison Between the Developing Countries,,10.1007/978-3-030-74786-2_500-1,,,Maybe,No abstract - cannot screen; retrieve full text,,,,,[AUTO-R2] Title match - verify,LOW,
REC-0513,OpenAlex,Ashenafi Kibret Sendekie; Asrat Elias Ergena; Eyayaw Ashete Belachew; Asmamaw Emagn Kasahun; Masho Tigabie Teklie et al.,2023,Extent of cardiovascular medications dispensing practice without a prescription: Self-reported and simulated patient-based study at community pharmacies in Northwest Ethiopia,Journal of Pharmaceutical Policy and Practice,10.1186/s40545-023-00533-4,"BACKGROUND: Critical actions are required for the proper administration of medications to patients with cardiovascular diseases. However, there has been an increase in irrational use of cardiovascular drugs. The purpose of this study was to determine the extent of non-prescription cardiovascular medicine dispensing practices at community drug retail outlets (CDROs) in Gondar, Northwest Ethiopia. METHODS: A cross-sectional survey and simulated patient-based visits were employed at the CDROs in...",,Maybe,Possible relevance - verify study design,,,,,[AUTO-R2] Title match - verify,MEDIUM,
REC-0539,PubMed,Bogale Kassie Achenef; Mengie Ayele Teklie; Mekonnen Agidew Melaku,2023,"Assessment of Dispensing Malpractice in Community Drug Retail Outlets in South Gondar Zone, Northwest Ethiopia: A Simulated Patient Experience.",Integr Pharm Res Pract,10.2147/IPRP.S416830,"BACKGROUND: Pharmacy professionals in community drug retail outlets, as the most accessible personnel for the community, are engaged in consultation and responding to health problems in addition to filling prescriptions. In doing so, different dispensing malpractices are observed and much is not known on the issue in Ethiopia. OBJECTIVE: The study aimed at assessing dispensing malpractice at pharmacies, drug stores and drug vendors in South Gondar zone. METHODOLOGY: A cross-sectional study de...",,Maybe,Possible relevance - verify study design,,,,,[AUTO-R2] Title match - verify,MEDIUM,
REC-0573,PubMed,Hamadouk Riham M; Alshareif Einass M; Ibrahim Omnia M; Albashair Esra D; Yousef Bashir A,2023,The Extent of Antibiotic Dispensing in Self-Medication Encounters in Sudan: A Simulated Patient Study Focusing on Cefixime Sale.,Integr Pharm Res Pract,10.2147/IPRP.S440010,"BACKGROUND: Antibiotics play an important role in decreasing morbidity and mortality worldwide. However, inappropriate use of them by patients or healthcare professionals contributes to their resistance rendering them less efficacious. Community pharmacists (CPs) have a significant part in reducing antibiotic resistance. Therefore, this study aimed to investigate the dispensing of antibiotics without prescription in community pharmacies with an emphasis on cefixime dispensing. METHODS: A cros...",,Maybe,Possible relevance - verify study design,,,,,[AUTO-R2] Title match - verify,MEDIUM,
REC-0582,PubMed,Hung P N; Phu H L; Huong V T M; Phuong T N; Tuong V L et al.,2023,"Evaluating attitudes, behaviors, and relevant factors in dispensing antibiotics without prescription by pharmacies: a cross-sectional study in Vietnam.",Ann Ig,10.7416/ai.2023.2562,"OBJECTIVES: To standardize a questionnaire about drug dispensers' attitudes and behaviors in dispensing antibiotics without prescription, and to evaluate drug dispensers' attitudes, behaviors, and relevant factors in dispensing antibiotics without prescription at community pharmacies in Can Tho City, Vietnam. METHODS: A descriptive cross-sectional study was conducted among community pharmacists in Can Tho City, Vietnam from June to December 2022. A self-administered questionnaire designed acc...",,Maybe,Possible relevance - verify study design,,,,,[AUTO-R2] Title match - verify,MEDIUM,
REC-0655,PubMed,Ngyedu Eric Kofi; Acolatse Joseph; Akafity George; Incoom Robert; Rauf Audu et al.,2023,Selling antibiotics without prescriptions among community pharmacies and drug outlets: a simulated client study from Ghana.,Expert Rev Anti Infect Ther,10.1080/14787210.2023.2283037,"BACKGROUND: Selling antibiotics without prescriptions is mostly illegal worldwide, including in Ghana, and promotes antimicrobial resistance. We evaluated the prevalence and practice of selling antibiotics without prescriptions among community pharmacies (CPs) and drug outlets, for the first time, in Ghana to quantify and characterize this issue to inform future interventions. RESEARCH DESIGN AND METHODS: Two scenarios utilizing the Simulated Client Methodology were enacted: an upper respirat...",,Maybe,Possible relevance - verify study design,,,,,[AUTO] Strong inclusion signal,MEDIUM,
REC-0658,PubMed,Onwunduba Augustine; Ekwunife Obinna; Onyilogwu Ebuka,2023,Impact of point-of-care C-reactive protein testing intervention on non-prescription dispensing of antibiotics for respiratory tract infections in private community pharmacies in Nigeria: a cluster randomized controlled trial.,Int J Infect Dis,10.1016/j.ijid.2022.12.006,OBJECTIVES: To ascertain if access to C-reactive protein (CRP) test kits-and staff training on how to use them in respiratory tract infection (RTI) management-in private community pharmacies (PCPs) can reduce non-prescription antibiotic dispensing for RTI. METHODS: A parallel cluster randomized controlled trial was conducted in Nigeria. The clusters-which were equally the participating units-were PCPs with blood testing experience. Stratified block randomization was done. PCPs were stratified...,,Maybe,Intervention + AB outcome - verify community pharmacy setting,,,,,[AUTO] Strong inclusion signal,MEDIUM,
REC-0665,OpenAlex,Rasha T. Kakati; Sanaa Nakad Borrego; Rana Zareef; Johnny Atallah; Souha Farhat et al.,2023,"Dispensing and Purchasing Antibiotics Without Prescription: A Cross-sectional Study Among Pharmacists and Patients in Beirut, Lebanon",INQUIRY The Journal of Health Care Organization Provision and Financing,10.1177/00469580231167712,"Antimicrobial resistance is a global public health issue, exacerbated by dispensing and purchasing antibiotics without a prescription, common in low- and middle-income countries, such as Lebanon. This study aimed to (1) describe behavioral patterns underpinning dispensing and purchasing antibiotics without a prescription among pharmacists and patients, (2) describe reasons for, and (3) attitudes toward these behaviors. A cross-sectional study targeted pharmacists and patients, respectively, i...",,Maybe,Possible relevance - verify study design,,,,,[AUTO-R2] Title match - verify,MEDIUM,
REC-0683,OpenAlex,Sewunet Admasu Belachew,2023,The scale of non-prescription antibiotic provision at community drug retail outlets and multi-stakeholder views on the drivers and potential solutions: a mixed-methods analysis with a focus on non-urban areas in Ethiopian provinces,The University of Queensland,10.14264/cb06e72,,,Maybe,No abstract - cannot screen; retrieve full text,,,,,[AUTO-R2] Title match - verify,LOW,
REC-0696,OpenAlex,Svetlana Rachina; Polina Zakharenkova; Roman S. Kozlov; Ivan Palagin; D.S. Mamchich et al.,2023,"The Antibiotic Knowledge, Attitudes, and Behaviors of Patients Purchasing Antibiotics without Prescription: Results of National Survey",Advances in Public Health,10.1155/2023/3306067,"Background. The inappropriate and overuse of antimicrobials is a problem worldwide. To target future interventions, a thorough understanding of current behavior reasons is needed. The aim of the study was to explore antibiotic knowledge, attitudes, and behaviors among patients residing in Russia. Methods. In total, 149 semistructured interviews were carried out with respondents using antibiotics without prescriptions. Interviews were used to assess participants’ practices to treat symptoms of...",,Maybe,Possible relevance - verify study design,,,,,[AUTO-R2] Title match - verify,MEDIUM,
REC-0703,OpenAlex,Teressa Andrea Esteves; Gabriel Jay Atabay; Elizabeth Tan,2023,Determinants of dispensing antibiotics without prescription by community pharmacists in developing countries: A review,Journal of Applied Pharmaceutical Science,10.7324/japs.2023.52735,Developing countries are more vulnerable to antibiotic resistance and pose the greatest threat to public health globally than developed countries due to complex issues about the nature of their healthcare system as well as other patientrelated factors. Inappropriate antibiotic drug use and their unrestricted availability in community pharmacies and other retail establishments can contribute to this issue. The research provides a review of scholarly literature to identify what possible determi...,,Maybe,Possible relevance - verify study design,,,,,[AUTO-R2] Title match - verify,MEDIUM,
REC-0714,OpenAlex,Wenxin Zhou; Jing Wang; Qinmin Chen; Zhen Huang; Naitong Zhou et al.,2023,"Assessment of the operation status of electronic prescription at community pharmacies in Chengdu, China: a simulated patient study",BMC Health Services Research,10.1186/s12913-023-09742-8,"Abstract Background Information and technologies relevant to eHealth have developed rapidly over the past two decades. Based on this, China piloted ""Internet + "" pattern and some regions piloted electronic prescription services to explore telepharmacy services. Objective To describe the processes and assess the operation status of electronic prescription services mode for community pharmacies in China. Methods The simulated patient methodology was used to conduct a cross-sectional study in 31...",,Maybe,Possible relevance - verify study design,,,,,[AUTO-R2] Title match - verify,MEDIUM,
REC-0734,PubMed,Abdelrahman Hussain Mohamed; Osman Mohamed Ahmed; Sandel Abkar Alsara; Siddig Mohamed Fatima; Khider Elzubair Hana,2022,"Knowledge, Attitude and Practice of Community Pharmacists in Relation to Dispensing Antibiotics Without Prescription in Sudan: A Cross-sectional Study.",Integr Pharm Res Pract,10.2147/IPRP.S363079,"BACKGROUND: Dispensing antibiotics without prescription (DAwP) is a widespread practice, especially in developing countries, contributing to antibiotic resistance. Community pharmacists play a significant role in promoting rational use of antibiotics by refraining from DAwP, and providing drug information to patients. This study aimed to evaluate community pharmacists' knowledge, attitude and practice, and to assess the factors behind DAwP. METHODS: A cross-sectional study was conducted in 20...",,Maybe,Possible relevance - verify study design,,,,,[AUTO] Strong inclusion signal,MEDIUM,
REC-0739,PubMed,Ahmad Tawseef; Khan Faiz Ullah; Ali Sayyad; Rahman Asad Ur; Ali Khan Shujaat,2022,"Assessment of without prescription antibiotic dispensing at community pharmacies in Hazara Division, Pakistan: A simulated client's study.",PLoS One,10.1371/journal.pone.0263756,"Antibiotics dispensing without a prescription is an irrational practice and can increase the risk of antibiotic resistance, which is a significant public health concern around the globe. This study was aimed to determine the extent to which antibiotics are supplied without prescription in the community pharmacies (CPs) at Hazara Division from November 2020 to February 2021. The simulated client method (SCM) was used, and the data were gathered, recorded, and analyzed through different statist...",,Maybe,Possible relevance - verify study design,,,,,[AUTO] Strong inclusion signal,MEDIUM,
REC-0744,OpenAlex,Ali Mohammed Abd Alridha; KARRAR MOHAMMED HASAN AL-GBURI; Sarah Kadhim Abbood; Alaa Yasir; Dhuha Hussam,2022,"Practices, knowledge, and attitude toward dispensing antibiotics without a prescription in Iraqi pharmacies",Journal of Public Health and Development,10.55131/jphd/2023/210102,"Dispensing antibiotics without a prescription (DAWRx) is a potential threat to global public health and can lead to antimicrobial abuse and resistance development. Further research is required to examine the characteristics of DAWRx practice in Iraq. This study aimed to investigate the practices of DAWRx in Iraqi community pharmacies. A semi-structured, validated, pilot-tested online questionnaire was used to conduct a descriptive cross-sectional study in March 2020 among the members of the I...",,Maybe,Possible relevance - verify study design,,,,,[AUTO-R2] Title match - verify,MEDIUM,
REC-0759,PubMed,Belachew Sewunet Admasu; Hall Lisa; Selvey Linda A,2022,Magnitude of non-prescribed antibiotic dispensing in Ethiopia: a multicentre simulated client study with a focus on non-urban towns.,J Antimicrob Chemother,10.1093/jac/dkac341,"OBJECTIVES: Non-prescription dispensing of antibiotics significantly contributes to widespread antibiotic misuse, which in turn hastens the occurrence of antibiotic resistance. It is believed to be common in Ethiopia despite prescription-only regulations. We aimed to quantify non-prescription dispensing of antibiotics in community drug retail outlets (CDROs) with a focus on non-urban towns in the Amhara region of Ethiopia. METHODS: A multicentre simulated client (SC) study was conducted to me...",,Maybe,Possible relevance - verify study design,,,,,[AUTO] Strong inclusion signal,MEDIUM,
REC-0786,PubMed,Edessa Dumessa; Sisay Mekonnen; Hagos Bisrat; Amare Firehiwot,2022,Antimicrobial Use and Management of Childhood Diarrhea at Community Drug Retail Outlets in Eastern Ethiopia: A Matched Questionnaire-Based and Simulated Patient-Case Study.,Pediatric Health Med Ther,10.2147/PHMT.S348204,"INTRODUCTION: Antimicrobial agents have saved millions of lives worldwide. However, inappropriate use has become a global concern leading to the emergence and spread of antimicrobial resistance (AMR). In this regard, the dispensing practices of pharmacy professionals in the community drug retail outlets (CDROs) plays a central role. Therefore, this study was aimed to assess the knowledge and dispensing practices of pharmacy professionals in the management of childhood diarrhea in CDROs of Eas...",,Maybe,Possible relevance - verify study design,,,,,[AUTO-R2] Title match - verify,MEDIUM,
REC-0815,PubMed,Haile Kaleab Taye; Yabeyu Abdella Birhan,2022,"Knowledge, Attitude and Practice of Pharmacy Professionals Against Dispensing Antibiotics Without Prescription in Ethiopia.",Integr Pharm Res Pract,10.2147/IPRP.S383709,"INTRODUCTION: Antibiotic resistance is a global public health threat that warrants immediate intervention. Dispensing of antibiotics without prescription (DAWP), is an inappropriate practice that contributes significantly to the emergence and spread of antibiotic resistance. The current study aimed to assess the knowledge, attitude and practice of community pharmacists and pharmacy assistants towards DAWP. METHODS: A cross-sectional study was conducted, and data was collected from community p...",,Maybe,Possible relevance - verify study design,,,,,[AUTO] Strong inclusion signal,MEDIUM,
REC-0839,PubMed,Khojah Hani M J,2022,Over-the-counter sale of antibiotics during COVID-19 outbreak by community pharmacies in Saudi Arabia: a simulated client study.,BMC Health Serv Res,10.1186/s12913-022-07553-x,"BACKGROUND: Recent studies have reflected increased global concern regarding the possible acceleration of bacterial resistance secondary to the reported overuse and misuse of antibiotics during the COVID-19 pandemic. Therefore, this study aimed to investigate the nonprescribed sale of antibiotics by community pharmacies in Saudi Arabia during the COVID-19 outbreak and the pharmacists' skills in triaging COVID-19 suspects. METHODS: Herein, 120 pharmacies were randomly selected and surveyed by ...",,Maybe,Possible relevance - verify study design,,,,,[AUTO] Strong inclusion signal,MEDIUM,
REC-0877,PubMed,Mokwele R Nelly; Schellack Natalie; Bronkhorst Elmien; Brink Adrian J; Schweickerdt Louise et al.,2022,Using mystery shoppers to determine practices pertaining to antibiotic dispensing without a prescription among community pharmacies in South Africa-a pilot survey.,JAC Antimicrob Resist,10.1093/jacamr/dlab196,"BACKGROUND: Inappropriate use of antimicrobials is a key factor increasing antimicrobial resistance, a major global public health problem including in South Africa. Key drivers include antibiotics being dispensed without a prescription. OBJECTIVES: To determine the accessibility of antibiotics without a prescription in community pharmacies in urban areas in South Africa and determine whether counselling was provided when antibiotics were dispensed. PATIENTS AND METHODS: Prospective, observati...",,Maybe,Possible relevance - verify study design,,,,,[AUTO-R2] Title match - verify,MEDIUM,
REC-0906,OpenAlex,Phuc Hung Nguyen; Thi My Huong Vo; Thị Thanh Yến Lê; Thi Bich Nguyen; Huu Nhan Nguyen et al.,2022,"ASSESSMENT OF COMMUNITY PHARMACISTS’ COUNSELING SKILLS ON SELLING ANTIBIOTICS IN CAN THO CITY, VIETNAM: A SIMULATED PATIENT STUDY",Tạp chí Y Dược học Cần Thơ,10.58490/ctump.2022i4.475,"Background: The wide and prolonged use and abuse of antibiotics in livestock and poultry farming, aquaculture, and farming to treat and prevent animal diseases, as well as production purposes, made microorganisms adapt to drugs, facilitate the resistance of many types of antibiotics, and decrease the effectiveness of medicines. Objective: To assess the counseling skills of community pharmacists for antibiotics by using the simulated patient approach. Methods: A cross-sectional study was condu...",,Maybe,Possible relevance - verify study design,,,,,[AUTO-R2] Title match - verify,MEDIUM,
REC-0960,OpenAlex,Tessa J. Hastings; David Ha; Brent I. Fox; Jingjing Qian; Joni M. Lakin et al.,2022,Increasing use of immunization information systems for routine vaccinations in independent community pharmacies: A randomized controlled trial,Journal of the American Pharmacists Association,10.1016/j.japh.2022.02.010,,,Maybe,No abstract - cannot screen; retrieve full text,,,,,[AUTO-R3] Possible intervention study - verify design,LOW,
REC-0976,PubMed,Zarauz José María; Zafrilla Pilar; Ballester Pura; Cerda Begoña,2022,"Study of the Drivers of Inappropriate Use of Antibiotics in Community Pharmacy: Request for Antibiotics Without a Prescription, Degree of Adherence to Treatment and Correct Recycling of Leftover Treatment.",Infect Drug Resist,10.2147/IDR.S375125,"INTRODUCTION: The WHO considered antibiotic resistance as 1 of the 10 greatest threats to global health in 2019. The inappropriate and indiscriminate use of antibiotics, together with the lack of new therapeutic alternatives, may eradicate their effectiveness in the closest future. OBJECTIVE: The general objective is to analyze the different causes attributable to patients, providers and pharmacists that could be drivers of irrational use of antibiotics, and responsible for the appearance of ...",,Maybe,Possible relevance - verify study design,,,,,[AUTO-R2] Title match - verify,MEDIUM,
REC-0978,PubMed,Zhang Tingting; Lambert Helen; Zhao Linhai; Liu Rong; Shen Xingrong et al.,2022,Antibiotic Stewardship in Retail Pharmacies and the Access-Excess Challenge in China: A Policy Review.,Antibiotics (Basel),10.3390/antibiotics11020141,"In China, efforts to restrict excessive antibiotic consumption may prevent sufficient access to these life-saving drugs among the most deprived in society because of the weak primary health care system. This makes antibiotic stewardship in the retail pharmacy sector a particular challenge. We conducted an analysis to examinate policies on antibiotic sales in retail pharmacies in China and how tensions between 'excess' and 'access' are managed. The analysis was guided by the Walt and Gilson he...",,Maybe,Possible relevance - verify study design,,,,,[AUTO-R2] Title match - verify,MEDIUM,
REC-0984,PubMed,de Souza Elindayane Vieira; Vieira Lara Joana Santos Caxico; Dos Santos Sylmara Nayara Pereira; Cerqueira-Santos Sabrina; Rocha Kérilin Stancine Santos et al.,2022,Evaluation of pharmacist's practices regarding the antimicrobials dispensing: a simulated patient study.,BMC Health Serv Res,10.1186/s12913-022-08853-y,"BACKGROUND: The indiscriminate use of antimicrobials is considered a major contributing factor to the increase in antimicrobial resistance. Community pharmacies are the main source of access to antimicrobials, and pharmacists are in a strategic position to promote rational use of these medicines. Therefore, it is important to know dispensing service quality. OBJECTIVE: To evaluate the behavior of pharmacists in dispensing antimicrobials in community pharmacies in northeast Brazil. METHODS: Th...",,Maybe,Possible relevance - verify study design,,,,,[AUTO-R2] Title match - verify,MEDIUM,
REC-1046,OpenAlex,Danladi Chiroma Husaini; Yusuf Abubakar; Lydia Harris-Thurton; David Ditaba Mphuthi,2021,Over-The-Counter Sales of Antibiotics at Community Pharmacies in Belize: A Cross-Sectional Simulated Client Visit study,Integrative Journal of Medical Sciences,10.15342/ijms.2021.455,"Aim: In Belize, antibiotics are categorized as prescription-only drugs, and their sales over the counter without a prescription is prohibited. This study assessed the sales and dispensing of antibiotics in community pharmacies without a prescription. Methods: 36 community pharmacies in 4 districts of Belize were assessed for non-prescription sales of antibiotics using a simulated client method (SCM) approach from September to November 2019. Results: The majority (19; 52.8%) of the community p...",,Maybe,Possible relevance - verify study design,,,,,[AUTO] Strong inclusion signal,MEDIUM,
REC-1049,OpenAlex,Dawit Wondimsigegn; Berhanemeskel Woldegerima; Asefa Adimasu Taddese,2021,"History taking and response to an adult diarrheal case among community drug retail outlets in Gondar town, north-west Ethiopia: a simulated-client survey",Journal of Pharmaceutical Policy and Practice,10.1186/s40545-021-00310-1,"BACKGROUND: Self-care is one of the growing tasks of community pharmacy professionals. They are highly engaged in consultations in response to specific drug request (product-based presentation) or symptoms clients describe (symptom-based presentation). PURPOSE: This study was aimed at assessing the appropriateness of patient assessment and response to an adult diarrheal case among community drug retail outlets in Gondar town, north-west Ethiopia. METHODS: A descriptive cross-sectional study d...",,Maybe,Possible relevance - verify study design,,,,,[AUTO-R2] Title match - verify,MEDIUM,
REC-1072,PubMed,Feng Zhitong; Hayat Khezar; Huang Zhe; Shi Li; Li Pengchao et al.,2021,"Knowledge, attitude, and practices of community pharmacy staff toward antimicrobial stewardship programs: a cross-sectional study from Northeastern China.",Expert Rev Anti Infect Ther,10.1080/14787210.2021.1826307,"BACKGROUND: Antimicrobial resistance is one of the most significant challenges of the twenty-first century, and the illegal sale of antimicrobial drugs at community pharmacies is a driver of antimicrobial resistance. This study explores the knowledge, attitudes, and practices (KAP) of pharmacy staff toward antimicrobial stewardship programs (ASPs). METHODS: We conducted a descriptive cross-sectional study among community pharmacy staff in Northeastern China, from April 1 to 31 May 2019, using...",,Maybe,Possible relevance - verify study design,,,,,[AUTO-R2] Title match - verify,MEDIUM,
REC-1096,OpenAlex,Irina Kazaryan; A Sevikyan; L Vardanyan; A Amirkhanyan; M Melikyan,2021,Dispensing antibiotics without prescription at pharmacies: barriers and strategies for improvement,European Journal of Public Health,10.1093/eurpub/ckab165.366,"Abstract Background Antimicrobial resistance (AMR) is a worldwide public health challenge, and non-prudent use of antibiotics is one of key drivers of AMR. In some countries antibiotics are often sold without a prescription at pharmacies. In Armenia this problem is also observed despite national regulation. The objective of this work was to identify perception of pharmacy staff on main barriers for dispensing antibiotics with a prescription at community pharmacies and perceived strategies for...",,Maybe,Possible relevance - verify study design,,,,,[AUTO-R2] Title match - verify,MEDIUM,
REC-1134,PubMed,Malik Usman Rashid; Chang Jie; Hashmi Furqan; Atif Naveel; Basir Hareem et al.,2021,"A Simulated Client Exploration of Nonprescription Dispensing of Antibiotics at Drugstores for Pediatric Acute Diarrhea and Upper Respiratory Infection in Lahore, Pakistan.",Infect Drug Resist,10.2147/IDR.S301812,"INTRODUCTION: The excessive consumption of antibiotics is a significant contributor to antimicrobial resistance, especially in children. Children are often advised antibiotics for viral infections. In developing countries, drugstores are a prime source of easy access to nonprescription antibiotics. Moreover, in Pakistan, their irrational use is an ""everyday routine"". The study, therefore, aimed to evaluate the dispensing of nonprescription antibiotics to children. METHODS: Using pediatric acu...",,Maybe,Possible relevance - verify study design,,,,,[AUTO] Strong inclusion signal,MEDIUM,
REC-1166,PubMed,Ndaki Pendo M; Mushi Martha F; Mwanga Joseph R; Konje Eveline T; Ntinginya Nyanda E et al.,2021,Dispensing Antibiotics without Prescription at Community Pharmacies and Accredited Drug Dispensing Outlets in Tanzania: A Cross-Sectional Study.,Antibiotics (Basel),10.3390/antibiotics10081025,"Worldwide, antimicrobial resistance is increasing rapidly and is associated with misuse of antimicrobials. The HATUA study (a broader 3-country study) investigated the antibiotic dispensing practices of pharmaceutical providers to clients, particularly the propensity to dispense without prescription. A cross-sectional study using a 'mystery client' method was conducted in 1148 community pharmacies and accredited drugs dispensing outlets (ADDO) in Mwanza (",,Maybe,Intervention + AB outcome - verify community pharmacy setting,,,,,[AUTO-R2] Title match - verify,MEDIUM,
REC-1170,PubMed,Nizame Fosiul Alam; Shoaib Dewan Muhammad; Rousham Emily K; Akter Salma; Islam Mohammad Aminul et al.,2021,Barriers and facilitators to adherence to national drug policies on antibiotic prescribing and dispensing in Bangladesh.,J Pharm Policy Pract,10.1186/s40545-021-00342-7,"BACKGROUND: The National Drug Policy in Bangladesh prohibits the sale and distribution of antibiotics without prescription from a registered physician. Compliance with this policy is poor; prescribing antibiotics by unqualified practitioners is common and over-the-counter dispensing widespread. In Bangladesh, unqualified practitioners such as drug shop operators are a major source of healthcare for the poor and disadvantaged. This paper reports on policy awareness among drug shop operators an...",,Maybe,Community pharmacy + LMIC + AB dispensing - verify study design for intervention arm,,,,,[AUTO-R3] Possible intervention study - verify design,MEDIUM,
REC-1179,PubMed,Poudel Ramesh Sharma; Shrestha Shakti; Adhikari Shital,2021,Dispensing of antibiotics without a prescription by community pharmacies in Nepal: A call for action.,Public Health Pract (Oxf),10.1016/j.puhip.2021.100117,,,Maybe,No abstract - cannot screen; retrieve full text,,,,,[AUTO-R2] Title match - verify,LOW,
REC-1192,PubMed,Rusic Doris; Bozic Josko; Bukic Josipa; Vilovic Marino; Tomicic Marion et al.,2021,Antimicrobial Resistance: Physicians' and Pharmacists' Perspective.,Microb Drug Resist,10.1089/mdr.2020.0272,,,Maybe,No abstract - cannot screen; retrieve full text,,,,,[AUTO-R2] Title match - verify,LOW,
REC-1238,PubMed,Zhu Yao; Tang Xuewen; Yan Rui; Shao Zhujun; Zhou Yang et al.,2021,Non-prescription antibiotic use for cough among Chinese children under 5 years of age: a community-based cross-sectional study.,BMJ Open,10.1136/bmjopen-2021-051372,OBJECTIVE: This study aimed to investigate the non-prescription use of antibiotics for cough among children under 5 years in China. DESIGN: A community-based cross-sectional survey. SETTING: A face-to-face interview based on a standard questionnaire in the community from October to December 2019. PARTICIPANTS: A total of 3102 children under 5 years of age were enrolled with probability proportionate to size sampling method. The children's caregivers provided the responses as their agents. OUT...,,Maybe,Possible relevance - verify study design,,,,,[AUTO-R2] Title match - verify,MEDIUM,
REC-1255,PubMed,Al-Tannir Mohamad; Altannir Youssef; Altannir Mustafa; AlFayyad Isamme,2020,"Community pharmacy sales of non-prescribed antibiotics in Riyadh, Saudi Arabia: a simulated patient study.",Int J Clin Pharm,10.1007/s11096-020-01033-0,"Background The increased dispensing of non-prescribed antibiotics increases the public health problem of antimicrobial resistance. In April 2018, the Saudi Ministry of Health reinforced the disciplinary regulations of banning pharmacies from selling antibiotics without a medical prescription. Objective To assess the rate of non-prescribed antibiotic sales by community pharmacies and compare it with the findings from our 2011 study. Setting Community pharmacies, Riyadh City, Saudi Arabia. Meth...",,Maybe,Possible relevance - verify study design,,,,,[AUTO-R2] Title match - verify,MEDIUM,
REC-1264,PubMed,Allison Rosalie; Chapman Sarah; Howard Philip; Thornley Tracey; Ashiru-Oredope Diane et al.,2020,Feasibility of a community pharmacy antimicrobial stewardship intervention (PAMSI): an innovative approach to improve patients' understanding of their antibiotics.,JAC Antimicrob Resist,10.1093/jacamr/dlaa089,"BACKGROUND: Community pharmacy staff have an opportunity to play a pivotal role in antimicrobial stewardship (AMS) due to their expertise in medicines and accessibility to patients. OBJECTIVES: To develop and test the feasibility of a pharmacy AMS intervention (PAMSI) to increase community pharmacy staff's capability, opportunity and motivation to check antibiotic appropriateness and provide self-care and adherence advice when dispensing antibiotics. METHODS: The PAMSI was centred around an A...",,Maybe,Possible relevance - verify study design,,,,,[AUTO] Strong inclusion signal,MEDIUM,
REC-1265,PubMed,Alrasheedy Alian A; Alsalloum Muath A; Almuqbil Feras A; Almuzaini Muaath A; Aba Alkhayl Bandar S et al.,2020,The impact of law enforcement on dispensing antibiotics without prescription: a multi-methods study from Saudi Arabia.,Expert Rev Anti Infect Ther,10.1080/14787210.2020.1705156,,,Maybe,No abstract - cannot screen; retrieve full text,,,,,[AUTO-R2] Title match - verify,LOW,
REC-1286,PubMed,Bahta Merhawi; Tesfamariam Sirak; Weldemariam Dawit G; Yemane Hermella; Tesfamariam Eyasu H et al.,2020,Dispensing of antibiotics without prescription and associated factors in drug retail outlets of Eritrea: A simulated client method.,PLoS One,10.1371/journal.pone.0228013,"Dispensing antibiotics without prescription is irrational and can hasten the emergence and spread of antibiotic resistance. This study aims at determining the extent of this practice and its determinants in all drug retail outlets of Eritrea. A cross-sectional simulated client method was used to conduct the study. Data was collected between July and August 2019, entered and analyzed using Statistical Package for Social Science version 22. Descriptive analysis was performed using mean (standar...",,Maybe,Possible relevance - verify study design,,,,,[AUTO] Strong inclusion signal,MEDIUM,
REC-1330,PubMed,Gong Yanhong; Jiang Nan; Chen Zhenyuan; Wang Jing; Zhang Jia et al.,2020,"Over-the-counter antibiotic sales in community and online pharmacies, China.",Bull World Health Organ,10.2471/BLT.19.242370,OBJECTIVE: To determine the prevalence of and factors associated with dispensing antibiotics without a prescription in online and community pharmacies in China. METHODS: We conducted a nationwide cross-sectional study of online and community pharmacies in 27 cities and counties in nine provinces in China (selected by multistage sampling) from July 2017 to December 2018. We assessed sale of antibiotics without a prescription and quality of pharmacy services through simulated clients who asked ...,,Maybe,Possible relevance - verify study design,,,,,[AUTO-R2] Title match - verify,MEDIUM,
REC-1339,OpenAlex,Hassan Al Qarni; Tahani Alrahbini; Ayidh M AlQarni; Abdullah M Alqarni,2020,"Community pharmacist counselling practices in the Bisha health directorate, Saudi Arabia –simulated patient visits",BMC Health Services Research,10.1186/s12913-020-05554-2,"BACKGROUND: Many organizations have suggested a minimum standard regarding pharmaceutical counselling for patients, which includes information about the name of the drug, the description the drug, the indication for use, how to use it, the method of treatment, precautions, adverse reactions, and any contraindications. Correspondingly, the World Health Organization (WHO) has recommended that pharmacists spend at least 3 min with each patient to provide counselling. This study aimed to evaluate...",,Maybe,Possible relevance - verify study design,,,,,[AUTO-R2] Title match - verify,MEDIUM,
REC-1371,PubMed,Kuang Lishan; Liu Yizhuo; Wei Wei; Song Xueqing; Li Xiaoqian et al.,2020,"Non-prescription sale of antibiotics and service quality in community pharmacies in Guangzhou, China: A simulated client method.",PLoS One,10.1371/journal.pone.0243555,"OBJECTIVE: To measure the situation of the non-prescription sale of antibiotics and the service quality of community pharmacies in Guangzhou, China. METHODS: A simulated client method was conducted to estimate the non-prescription sale of antibiotics and service quality based on scenarios about adult acute upper respiratory tract infection in 2019. A total of 595 community pharmacies from 11 districts were investigated in Guangzhou, China. We used binary logistic regression to evaluate the fa...",,Maybe,Possible relevance - verify study design,,,,,[AUTO] Strong inclusion signal,MEDIUM,
REC-1383,PubMed,Liu Jinxin,2020,Tackling the global non-prescription use of antibiotics.,Lancet Infect Dis,10.1016/S1473-3099(19)30744-3,,,Maybe,No abstract - cannot screen; retrieve full text,,,,,[AUTO-R2] Title match - verify,LOW,
REC-1425,OpenAlex,Nisha Jha; Sunil Shrestha; P Ravi Shankar; Anil Khadka; Mukhtar Ansari et al.,2020,Antibiotic Dispensing Practices at Community Pharmacies in Kathmandu and Lalitpur Districts of Nepal,Indian Journal of Pharmacy Practice,10.5530/ijopp.13.4.57,,,Maybe,No abstract - cannot screen; retrieve full text,,,,,[AUTO-R2] Title match - verify,LOW,
REC-1429,PubMed,Nye Caroline; Watson Tamlin; Kubasiewicz Laura; Raw Zoe; Burden Faith,2020,"No Prescription, No Problem! A Mixed-Methods Study of Antimicrobial Stewardship Relating to Working Equines in Drug Retail Outlets of Northern India.",Antibiotics (Basel),10.3390/antibiotics9060295,"Multidrug resistance (MDR) is already occurring among some equids in India. Donkeys and mules are a mobile species moving between regions and international borders, often populating areas of India where private community pharmacies, or medical stores, are the primary healthcare provider for both humans and animals. This article highlights how the capacities of drug retail outlet workers might affect their antibiotic dispensing practices, particularly in relation to donkeys and mules, in order...",,Maybe,Possible relevance - verify study design,,,,,[AUTO-R2] Title match - verify,MEDIUM,
REC-1432,PubMed,Oliveira de Sousa Francisco Fábio; Monteiro Mirian,2020,"[Perception of self-medication with antibiotics in pharmacies of Fortaleza, Brazil].",Aten Primaria,10.1016/j.aprim.2019.06.006,,,Maybe,No abstract - cannot screen; retrieve full text,,,,,[AUTO-R2] Title match - verify,LOW,
REC-1458,PubMed,Shi Li; Chang Jie; Liu Xiaoxi; Zhai Panpan; Hu Shuchen et al.,2020,"Dispensing Antibiotics without a Prescription for Acute Cough Associated with Common Cold at Community Pharmacies in Shenyang, Northeastern China: A Cross-Sectional Study.",Antibiotics (Basel),10.3390/antibiotics9040163,,,Maybe,No abstract - cannot screen; retrieve full text,,,,,[AUTO-R2] Title match - verify,LOW,
REC-1460,PubMed,Soltani Delaram; Ebrahimpour Sholeh; Hajimiri Seyed Hossein; Jafarzadeh Kohneloo Aarefeh; Jahangard-Rafsanjani Zahra,2020,"Assessment of Antibiotic Dispensing Practice in Community Pharmacies of Tehran, for 2 Common Infectious Symptoms, Using Simulated Patient Method.",Iran J Pharm Res,10.22037/ijpr.2020.112096.13529,"Resistance to antibiotics is a worldwide concern and community pharmacies can play a strategic role in controlling this issue through rationalizing antibiotic consumption. Considering that dispensing any type of antibiotics without a prescription is prohibited according to Iran's regulations, this study was conducted to quantify the rate of antibiotic dispensing without a prescription by pharmacists in Tehran, Iran. A descriptive cross-sectional study was conducted from September 2016 through...",,Maybe,Possible relevance - verify study design,,,,,[AUTO-R2] Title match - verify,MEDIUM,
REC-1477,OpenAlex,Usman Abubakar,2020,PRACTICES AND PERCEPTION OF NIGERIAN COMMUNITY PHARMACISTS TOWARDS ANTIMICROBIAL STEWARDSHIP PROGRAM,International Journal of Pharmacy and Pharmaceutical Sciences,10.22159/ijpps.2020v12i4.36505,"Objective: Community pharmacists have an important role in promoting the appropriate use of antibiotics. There is a paucity of data describing the contributions of community pharmacists in antimicrobial stewardship program (ASP) in Nigeria. This study evaluated the practices and perceptions of community pharmacists towards ASP. Methods: This was a cross-sectional study conducted among community pharmacists in two cities in Northern Nigeria: Minna and Kaduna, using a 30-item validated and pre-...",,Maybe,Possible relevance - verify study design,,,,,[AUTO-R2] Title match - verify,MEDIUM,
REC-1483,PubMed,Wang Xiaomin; Xuan Ziming; Storella Théo H; Zhou Xudong,2020,Determinants of non-prescription antibiotic dispensing in Chinese community pharmacies from socio-ecological and health system perspectives.,Soc Sci Med,10.1016/j.socscimed.2020.113035,"Although non-prescription antibiotic dispensing (NPAD) has been officially forbidden by the Chinese government since 2004, it is still a common practice throughout the country. In this study, we use China as an example to explore the determinants of NPAD within the framework of its health system from a socio-ecological perspective. A mixed-method combining the simulated client method (SCM) and key informant interviews conducted in Zhejiang, Hubei, and Sichuan provinces was adopted. 73.3% of t...",,Maybe,Possible relevance - verify study design,,,,,[AUTO] Strong inclusion signal,MEDIUM,
REC-1493,OpenAlex,Zikria Saleem; Mohamed Azmi Hassali; Brian Godman; Munazzah Fatima; Zeenia Ahmad et al.,2020,Sale of WHO AWaRe groups antibiotics without a prescription in Pakistan: a simulated client study,Journal of Pharmaceutical Policy and Practice,10.1186/s40545-020-00233-3,"INTRODUCTION: Resistant strains of bacteria are rapidly emerging with increasing inappropriate use of antibiotics rendering them less efficacious. Self-purchasing of antibiotics particularly for viral infections is a key driver of inappropriate use, especially in lower- and middle-income countries. There is a particular issue in countries such as Pakistan. Consequently, there is a need to assess current rates of self-purchasing especially for reserve antibiotics to guide future policies. AIMS...",,Maybe,Possible relevance - verify study design,,,,,[AUTO] Strong inclusion signal,MEDIUM,
REC-1497,PubMed,Abdelaziz Abdullah I; Tawfik Abdelrahman G; Rabie Khaled A; Omran Mohamad; Hussein Mustafa et al.,2019,Quality of Community Pharmacy Practice in Antibiotic Self-Medication Encounters: A Simulated Patient Study in Upper Egypt.,Antibiotics (Basel),10.3390/antibiotics8020035,"Antibiotic misuse, either by patients or healthcare professionals, is one of the major contributing factors to antimicrobial resistance. In many Middle Eastern countries including Egypt, there are no strict regulations regarding antibiotic dispensing by community pharmacies. In this study, we examined antibiotic dispensing patterns in Egyptian community pharmacies. About 150 community pharmacies were randomly chosen using convenience sampling from the five most populous urban districts of Min...",,Maybe,Intervention + AB outcome - verify community pharmacy setting,,,,,[AUTO-R2] Title match - verify,MEDIUM,
REC-1502,OpenAlex,Alian A. Alrasheedy; Muath A. Alsalloum; Feras A. Almuqbil; Muaath A. Almuzaini; Bandar S. Aba Alkhayl et al.,2019,The impact of law enforcement on the dispensing antibiotics without prescription in Saudi Arabia : findings and implications,Strathprints: The University of Strathclyde institutional repository (University of Strathclyde),,"Background: Dispensing of antibiotics without a prescription (DAwP) has been widely practised in Saudi Arabia despite being illegal. This is a concern increasing AMR. In May 2018, the law and regulations were enforced including fines up to 100,000 SR (equivalent to US$26,666) and cancellation of licences. Consequently, we wanted to evaluate the impact. Methods: Mixed method study among 116 community pharmacies in two phases. Pre-law enforcement phase between December 2017 and March 2018 and p...",,Maybe,Possible relevance - verify study design,,,,,[AUTO] Strong inclusion signal,MEDIUM,
REC-1515,OpenAlex,Baraka P. Poyongo; Raphael Zozimus Sangeda,2019,Pharmacists’ knowledge attitude and practice regarding the dispensing of antibiotics without prescription in Tanzania: an explorative cross-sectional study,Research Square,10.21203/rs.2.17343/v1,,,Maybe,No abstract - cannot screen; retrieve full text,,,,,[AUTO-R2] Title match - verify,LOW,
REC-1528,PubMed,Chang Jie; Xu Sen; Zhu Shan; Li Zongjie; Yu Jiale et al.,2019,Assessment of non-prescription antibiotic dispensing at community pharmacies in China with simulated clients: a mixed cross-sectional and longitudinal study.,Lancet Infect Dis,10.1016/S1473-3099(19)30324-X,"BACKGROUND: Non-prescription dispensing of antibiotics at community pharmacies is a major driver of antimicrobial resistance. China has regarded curbing non-prescription sales of antibiotics at community pharmacies as an important task for tackling antibiotics resistance and planned to eliminate this practice nationwide before 2020. We aimed to quantify non-prescription dispensing of antibiotics cross-sectionally at community pharmacies in China in 2017, and longitudinally (2011-17) in a sing...",,Maybe,Possible relevance - verify study design,,,,,[AUTO] Strong inclusion signal,MEDIUM,
REC-1532,PubMed,Damisie Getahun; Hambisa Solomon; Yimam Mohammed,2019,"Over the Counter Sale of Antibiotics at Drug Stores Found in Mizan-Aman Town, Southwest Ethiopia: A Cross-Sectional Simulated Client Visit Study.",J Pharm (Cairo),10.1155/2019/3510659,"BACKGROUND: Antibiotics are crucial drugs, particularly in the developing world, where infectious diseases are a common cause of death. Misuse and overuse of antibiotics have driven the emergency of antibiotic-resistant bacteria, which in turn leads to a loss of efficacy of these drugs. This study aimed to assess the professional practice on OTC sale of antibiotics at community drug retail outlets found in Mizan-Aman town. METHODS: A cross-sectional simulated client visit study was conducted ...",,Maybe,Possible relevance - verify study design,,,,,[AUTO] Strong inclusion signal,MEDIUM,
REC-1539,OpenAlex,Eman Elayeh; Eman A. Hammad; Razan Tubeileh; Iman A. Basheti,2019,Use of secret simulated patient followed by workshop based education to assess and improve inhaler counseling in community pharmacy in Jordan,Pharmacy Practice,10.18549/pharmpract.2019.4.1661,"OBJECTIVES: To assess inhaler technique demonstration skills of community pharmacists located in Amman, Jordan via incorporating the trained secret simulated patient (SSP) approach. Secondly, to evaluate the effectiveness of a 2-hour educational workshop focused on SSP feedback. METHODS: This cross-sectional study involved community pharmacies located in Amman, Jordan. Initially, a trained SSP was involved to enact baseline visits requesting advice on how to use Ventolin® (a pressurized meter...",,Maybe,Possible relevance - verify study design,,,,,[AUTO-R2] Title match - verify,MEDIUM,
REC-1561,PubMed,Haque Mainul; Rahman Nor Azlina A; McKimm Judy; Kibria Golam Mohammad; Azim Majumder Md Anwarul et al.,2019,Self-medication of antibiotics: investigating practice among university students at the Malaysian National Defence University.,Infect Drug Resist,10.2147/IDR.S203364,,,Maybe,No abstract - cannot screen; retrieve full text,,,,,[AUTO-R2] Title match - verify,LOW,
REC-1580,PubMed,Kalungia Aubrey; Godman Brian,2019,Implications of non-prescription antibiotic sales in China.,Lancet Infect Dis,10.1016/S1473-3099(19)30408-6,,,Maybe,No abstract - cannot screen; retrieve full text,,,,,[AUTO-R2] Title match - verify,LOW,
REC-1589,PubMed,Koji Eyosait Mekonnen; Gebretekle Gebremedhin Beedemariam; Tekle Tinsae Alemayehu,2019,"Practice of over-the-counter dispensary of antibiotics for childhood illnesses in Addis Ababa, Ethiopia: a simulated patient encounter study.",Antimicrob Resist Infect Control,10.1186/s13756-019-0571-x,"BACKGROUND: Dispensary and use of antibiotics without prescriptions from qualified providers is a common practice in countries with poor pharmaceutical regulations and where due focus is not given to rational use. This practice is a main factor for the spread of antimicrobial resistance due to its non-reliance on pre-treatment microbiologic work-up, improper indications and dosing errors. This study was conducted to determine the rate of over-the-counter dispensary of antibiotics for common c...",,Maybe,Possible relevance - verify study design,,,,,[AUTO-R2] Title match - verify,MEDIUM,
REC-1598,OpenAlex,M. Rifqi Rokhman; Satibi Satibi,2019,The Depiction of Antibiotic Use without Presciption and Community Attitudes Towards Drugstores that Refused to Sell Antibiotic without Prescription,JURNAL MANAJEMEN DAN PELAYANAN FARMASI (Journal of Management and Pharmacy Practice),10.22146/jmpf.44661,Antibiotic resistance causes reduced therapeutic effectiveness. Understanding of people's behavior plays an important role in countering antibiotic resistance especially by preventing irrational use of antibiotics. The purpose of the study was to depict the experience of respondents in using antibiotics without prescription and the relationship of characteristics of respondents with unwillingness to remain a customer at a pharmacy that had refused to provide antibiotics without a prescription...,,Maybe,Possible relevance - verify study design,,,,,[AUTO-R2] Title match - verify,MEDIUM,
REC-1607,OpenAlex,Mayyada Wazaify; Eman Elayeh; Razan Tubeileh; Eman A. Hammad,2019,Assessing insomnia management in community pharmacy setting in Jordan: A simulated patient approach,PLoS ONE,10.1371/journal.pone.0226076,"Insomnia is one of the most common minor ailments to which patients seek advice in a community pharmacy setting. Due to the availability of a wide variety of over-the-counter (OTC) products, community pharmacists are in the front line to safe-guard patients looking for self-medication or advice for treatment of insomnia. The purpose of this study was to assess the content of community pharmacists' interactions with patients seeking advice for insomnia in Jordan. A cross-sectional study using ...",,Maybe,Possible relevance - verify study design,,,,,[AUTO-R2] Title match - verify,MEDIUM,
REC-1671,OpenAlex,Vaidehi Nafade,2019,Over-the-counter antibiotic dispensing in South India: a standardised patient study,McGill-DEV,10.82308/39188,"Background. Antimicrobial resistance is a global health emergency, and one of the contributing factors is overuse and misuse of antibiotics. India is one of the world's largest consumers of antibiotics, and inappropriate use is potentially widespread, particularly in private pharmacies. This study aimed to use standardised patients (SPs) to measure over-the-counter antibiotic dispensing in one region.Methods. Three adults from the local community in Udupi, India, were recruited and trained as...",,Maybe,Possible relevance - verify study design,,,,,[AUTO-R2] Title match - verify,MEDIUM,
REC-1672,OpenAlex,Vaidehi Nafade; Sophie Huddart; Giorgia Sulis; Amrita Daftary; Sonal Sekhar Miraj et al.,2019,"Over-the-counter antibiotic dispensing by pharmacies: a standardised patient study in Udupi district, India",BMJ Global Health,10.1136/bmjgh-2019-001869,"BACKGROUND: Antimicrobial resistance is a global health emergency, and one of the contributing factors is overuse and misuse of antibiotics. India is one of the world's largest consumers of antibiotics, and inappropriate use is potentially widespread. This study aimed to use standardised patients (SPs) to measure over-the-counter antibiotic dispensing in one region. METHODS: Three adults from the local community in Udupi, India, were recruited and trained as SPs. Three conditions, in both adu...",,Maybe,Possible relevance - verify study design,,,,,[AUTO-R2] Title match - verify,MEDIUM,
REC-1680,OpenAlex,Yanhong Gong; Nan Jiang; Zhenyuan Chen; Jing Wang; Jianxiong Wu et al.,2019,Illegal Antibiotic Dispensing by Online and Community Pharmacies in China: A National Cross-Sectional Study,SSRN Electronic Journal,10.2139/ssrn.3369792,,,Maybe,No abstract - cannot screen; retrieve full text,,,,,[AUTO-R2] Title match - verify,LOW,
REC-1685,PubMed,Zakaa El-Din Mohamed; Samy Fatma; Mohamed Alaa; Hamdy Fatma; Yasser Salwa et al.,2019,Egyptian community pharmacists' attitudes and practices towards antibiotic dispensing and antibiotic resistance; a cross-sectional survey in Greater Cairo.,Curr Med Res Opin,10.1080/03007995.2018.1544119,"BACKGROUND: Antibiotic resistance is an increasing worldwide crisis. In Egypt, it is prohibited by law to dispense antibiotics with no prescription; however, there are no active and enforced governmental policies and laws to regulate such a process. This has led to increased antibiotic dispensing and consumption. AIMS: To assess some basic knowledge and attitudes towards antibiotic resistance and the practice of antibiotic dispensing among Egyptian community pharmacists in Greater Cairo. METH...",,Maybe,Possible relevance - verify study design,,,,,[AUTO-R2] Title match - verify,MEDIUM,
REC-1689,PubMed,Zawahir Shukry; Lekamwasam Sarath; Aslani Parisa,2019,Antibiotic dispensing practice in community pharmacies: A simulated client study.,Res Social Adm Pharm,10.1016/j.sapharm.2018.07.019,"BACKGROUND: Dispensing antibiotics without a prescription, although forbidden by Sri Lankan law since 1986, is a common practice throughout the country. This study attempted to quantify this practice for the first time. OBJECTIVES: To evaluate the response of community pharmacy staff to an antibiotic product request without a prescription and to explore possible factors influencing such practice. METHODS: A cross-sectional simulated client study was conducted from Jan to Sept 2017. A total of...",,Maybe,Possible relevance - verify study design,,,,,[AUTO] Strong inclusion signal,MEDIUM,
REC-1696,OpenAlex,Adeladlew Kassie Netere; Daniel Erku; Ashenafi Kibret Sendekie; Eyob Alemayehu Gebreyohannes; Niguse Yigzaw Muluneh et al.,2018,Assessment of community pharmacy professionals’ knowledge and counseling skills achievement towards headache management: a cross-sectional and simulated-client based mixed study,The Journal of Headache and Pain,10.1186/s10194-018-0930-7,"BACKGROUND: Headache is one of the most common disabling medical condition affecting over 40% of adults globally. Many patients with headache prefer to alleviate their symptom with a range of over-the-counter analgesics that are available in community medicine retail outlets (CMROs). However, data regarding how community pharmacists respond to headache presentation and their analgesic dispensing behaviors in Ethiopia is scarce. The present study aimed to assess the self-reported and actual pr...",,Maybe,Possible relevance - verify study design,,,,,[AUTO-R2] Title match - verify,MEDIUM,
REC-1699,OpenAlex,Ahmed Atia,2018,Monitoring the Level of antibiotic purchase without a prescription among Libyan young adults,Indian Journal of Pharmacy Practice,10.5530/ijopp.11.4.43,"Antibiotics are typically prescription only medicines. A high percentage of world's antibiotics are sold without prescription by health-care specialists. The study assessed use of antibiotics without prescription among young adults in Libya. A pre-tested questionnaire was designed to evaluate reported name and utilization of antibiotics without prescription. Of 610 participants approached, 582 decided to contribute in this study, giving a response rate of 95.4%. 56.19% respondents conveyed ac...",,Maybe,Possible relevance - verify study design,,,,,[AUTO-R2] Title match - verify,MEDIUM,
REC-1748,OpenAlex,Fakhir Thamir Alotaibi; Attiah Abdullrhman Khobrani; Mesfer Safar Almalki,2018,"Community Pharmacists' Knowledge, Attitude and Practices towards Dispensing Antibiotics without Prescription (DAwP)",The Egyptian Journal of Hospital Medicine,10.12816/0044556,"Background: As a result of the wide antibiotic abuse in many communities all over, bacterial resistance against different antibiotic formulas has aroused. It is an actual matter of importance because it touches up the most crucial principles of pharmacy and devoted work for medicine field in general.  Objectives: We have come to the aim of assessing the knowledge, attitude, and practice of pharmacists concerning dispensing antibiotics without prescription. We are discussing the ethical and le...",,Maybe,Possible relevance - verify study design,,,,,[AUTO] Strong inclusion signal,MEDIUM,
REC-1758,PubMed,Horumpende Pius G; Sonda Tolbert B; van Zwetselaar Marco; Antony Magreth L; Tenu Filemon F et al.,2018,"Prescription and non-prescription antibiotic dispensing practices in part I and part II pharmacies in Moshi Municipality, Kilimanjaro Region in Tanzania: A simulated clients approach.",PLoS One,10.1371/journal.pone.0207465,"Antibiotic dispensing without a prescription poses a threat to public health as it leads to excessive antibiotic consumption. Inappropriate antibiotic availability to the community has been documented to be amongst drivers of antimicrobial resistance emergence. Community pharmacies are a source of antibiotics in low and middle-income countries (LMICs). We aimed at assessing antibiotic dispensing practices by community pharmacy retailers in Moshi urban, Kilimanjaro, Tanzania and recommend inte...",,Maybe,Possible relevance - verify study design,,,,,[AUTO] Strong inclusion signal,MEDIUM,
REC-1760,PubMed,Ibrahim Inas R; Palaian Subish; Ibrahim Mohamed I,2018,"Assessment of diarrhea treatment and counseling in community pharmacies in Baghdad, Iraq: A simulated patient study.",Pharm Pract (Granada),10.18549/PharmPract.2018.04.1313,"BACKGROUND: Because community pharmacists are the most accessible healthcare professionals, they are often involved in managing minor ailments within the community setting. OBJECTIVE: This study evaluated the community pharmacists' history taking practice, medicine dispensing and advice in response to acute diarrhea. METHODS: Authors conducted a simulated-patient study in 75 community pharmacies in Baghdad, Iraq from February to May 2015. The female simulated-patient complained of acute diarr...",,Maybe,Possible relevance - verify study design,,,,,[AUTO-R2] Title match - verify,MEDIUM,
REC-1762,OpenAlex,J S Bulario; Ismael Cruz; Mariecel Pilapil; Marcos Manuel Marin Gutiérrez,2018,Factors Associated with Parental Self-medication of Antibiotics in Health Centers of Manila,KnE Social Sciences,10.18502/kss.v3i6.2427,.,,Maybe,No abstract - cannot screen; retrieve full text,,,,,[AUTO-R2] Title match - verify,LOW,
REC-1797,OpenAlex,Mary‐Anne Ahiabu; Pascal Magnussen; Ib Christian Bygbjerg; Britt Pinkowski Tersbøl,2018,Treatment practices of households and antibiotic dispensing in medicine outlets in developing countries: The case of Ghana,Research in Social and Administrative Pharmacy,10.1016/j.sapharm.2018.01.013,,,Maybe,No abstract - cannot screen; retrieve full text,,,,,[AUTO-R2] Title match - verify,LOW,
REC-1876,OpenAlex,Antoun Jamhour; Ammar El-Kheir; Pascale Salameh; Pierre Abi Hanna; Hanine Mansour,2017,Antibiotic knowledge and self-medication practices in a developing country: A cross-sectional study,American Journal of Infection Control,10.1016/j.ajic.2016.11.026,,,Maybe,No abstract - cannot screen; retrieve full text,,,,,[AUTO-R2] Title match - verify,LOW,
REC-1886,OpenAlex,Betül Okuyan; Mehmet Ali Savan; Fikret Vehbi İzzettin; Mesut Sancar,2017,Evaluation of rational antibiotic dispensing in the community pharmacy setting: a simulated patient study,ACTA Pharmaceutica Sciencia,10.23893/1307-2080.aps.0558,"In the present study, it is aimed to evaluate rational antibiotic dispensing without prescription in the community pharmacy setting by using a simulated patient method. This study was conducted over a total of 70 pharmacies in Malatya, located in the east part of Turkey. The person, who acts the husband of a patient with acute uncomplicated rhinosinusitis, visited the pharmacies to conduct the simulated patient scenario. Of the total community pharmacies that were visited 55.7% of them were r...",,Maybe,Possible relevance - verify study design,,,,,[AUTO-R2] Title match - verify,MEDIUM,
REC-1894,PubMed,Chang Jie; Ye Dan; Lv Bing; Jiang Minghuan; Zhu Shan et al.,2017,Sale of antibiotics without a prescription at community pharmacies in urban China: a multicentre cross-sectional survey.,J Antimicrob Chemother,10.1093/jac/dkw519,OBJECTIVES: To quantify sales of antibiotics without a medical prescription and to assess the quality of pharmacy services in relation to the antibiotics sold in community pharmacies in urban China. METHODS: A multicentre cross-sectional survey of community pharmacies was undertaken in 2015 using the simulated client method. Two clinical case scenarios (paediatric diarrhoea and adult acute upper respiratory infection) were presented at systematically sampled community pharmacies in Eastern (N...,,Maybe,Possible relevance - verify study design,,,,,[AUTO] Strong inclusion signal,MEDIUM,
REC-2065,PubMed,Bahnassi Anas,2016,"Pharmacists Views and Practices in Regard to Sales of Antibiotics Without a Prescription in Madinah, Saudi Arabia.",J Patient Saf,10.1097/PTS.0000000000000087,"OBJECTIVE: The aim of this study was to investigate pharmacists views and practices in Madinah, Saudi Arabia, through conducting direct interviews including direct questions and hypothetical scenarios. METHODS: A purposeful sample of 150 community pharmacists of different ethnic and educational backgrounds were approached to participate in the study. Semistructured interviews including general questions and 5 hypothetical scenarios were used for the investigation. Complete transcripts of the int",,Maybe,Possible relevance - verify study design,,,,,[AUTO-R2] Title match - verify,MEDIUM,
REC-2080,PubMed,Ecker Lucie; Ruiz Joaquín; Vargas Martha; Del Valle Luis J; Ochoa Theresa J,2016,"[Prevalence of purchase of antibiotics without prescription and antibiotic recommendation practices for children under five years of age in private pharmacies in peri-urban areas of Lima, Peru].",Rev Peru Med Exp Salud Publica,,OBJECTIVES: To determine the prevalence of purchase of antibiotics without prescription and antibiotic recommendation for its use in children <5 years of age in private pharmacies in peri-urban areas of Lima. MATERIALS AND METHODS: An anonymous population survey was conducted among adults who bought an antibiotic for a child <5 years of age from a private pharmacy. Fictitious cases were applied in a subgroup of pharmacies to evaluate antibiotic recommendation practices. RESULTS: The prevalenc...,,Maybe,Possible relevance - verify study design,,,,,[AUTO-R2] Title match - verify,MEDIUM,
REC-2084,PubMed,Erku Daniel Asfaw,2016,Antimicrobial Stewardship: A Cross-Sectional Survey Assessing the Perceptions and Practices of Community Pharmacists in Ethiopia.,Interdiscip Perspect Infect Dis,10.1155/2016/5686752,,,Maybe,No abstract - cannot screen; retrieve full text,,,,,[AUTO-R2] Title match - verify,LOW,
REC-2085,PubMed,Erku Daniel Asfaw; Mekuria Abebe Basazn; Surur Abdrrahman Shemsu; Gebresillassie Begashaw Melaku,2016,"Extent of dispensing prescription-only medications without a prescription in community drug retail outlets in Addis Ababa, Ethiopia: a simulated-patient study.",Drug Healthc Patient Saf,10.2147/DHPS.S106948,"PURPOSE: This study was aimed at assessing the extent of dispensing prescription-only medications without a prescription in community drug retail outlets (CDROs) of Addis Ababa, Ethiopia. METHODS: A descriptive cross-sectional observational study design was used to sample 31 pharmacies, 25 drug stores, and two rural drug vendors from August 11, 2015, to October 21, 2015, through a simple random sampling method. A simulated-patient method of visit was implemented to collect data. Requests of s...",,Maybe,Possible relevance - verify study design,,,,,[AUTO-R2] Title match - verify,MEDIUM,
REC-2096,PubMed,Hadi Muhammad Abdul; Karami Nedaa Ali; Al-Muwalid Anhar S; Al-Otabi Areej; Al-Subahi Eshtyaq et al.,2016,"Community pharmacists' knowledge, attitude, and practices towards dispensing antibiotics without prescription (DAwP): a cross-sectional survey in Makkah Province, Saudi Arabia.",Int J Infect Dis,10.1016/j.ijid.2016.06.003,"OBJECTIVES: To evaluate knowledge, attitude, and practices of community pharmacists towards dispensing antibiotics without prescription (DAwP) in Makkah Province, Saudi Arabia. METHODS: A cross-sectional survey was conducted between January and February 2016 using a structured, validated, and pilot-tested questionnaire. A four-step systematic approach was used to recruit community pharmacists who completed a 28-item questionnaire either in English or Arabic language based on their personal pr...",,Maybe,Possible relevance - verify study design,,,,,[AUTO] Strong inclusion signal,MEDIUM,
REC-2099,PubMed,Ibrahim Mohamed I; Palaian Subish; Al-Sulaiti Fatima; El-Shami Somia,2016,Evaluating community pharmacy practice in Qatar using simulated patient method:acute gastroenteritis management.,Pharm Pract (Granada),10.18549/PharmPract.2016.04.800,"OBJECTIVE: To evaluate Qatari pharmacists' prescribing, labeling, dispensing and counseling practices in response to acute community-acquired gastroenteritis. METHODS: The simulated patient method was used in this study. Thirty pharmacies in Doha were randomly selected and further randomized into two groups: Face-to-Face (n=15) vs. Telephone-call (n=15) per simulated patient; 2 simulated patients were involved. Prescribing, labeling, dispensing and counseling practices were assessed. Data ana...",,Maybe,Possible relevance - verify study design,,,,,[AUTO-R2] Title match - verify,MEDIUM,
REC-2105,OpenAlex,Jie Chang; Daoliang Ye; Yu Fang,2016,The Sale of Antibiotics Without Prescription In Retail Pharmacies: A Cross-Sectional Survey In Three Cities of China,Value in Health,10.1016/j.jval.2016.08.715,,,Maybe,No abstract - cannot screen; retrieve full text,,,,,[AUTO-R2] Title match - verify,LOW,
REC-2162,OpenAlex,Sami Mohammed Albawani; Shubashini Gnanasan; Aziz N. Abd.; Yahaya Hassan,2016,Self-Medication with Antibiotics in Sana'a City,Value in Health,10.1016/j.jval.2016.08.685,,,Maybe,No abstract - cannot screen; retrieve full text,,,,,[AUTO-R2] Title match - verify,LOW,
REC-2174,OpenAlex,Tadesse Melaku Abegaz; Sewunet Admasu; Tamrat Befekadu; Begashaw Melaku Gebresillassie; Fitsum Sebsibe Teni et al.,2016,Management of children’s acute diarrhea by community pharmacies in five towns of Ethiopia: simulated client case study,Therapeutics and Clinical Risk Management,10.2147/tcrm.s98474,"BACKGROUND: Acute diarrhea is the major cause of child morbidity and mortality in low-income nations. It is the second most common cause of death among children <5 years of age globally. The indispensable role of community pharmacists is clearly observed in the prevention and treatment of diarrhea. However, there is a paucity of data on how community pharmacies manage acute childhood diarrhea cases in Ethiopia. This study aimed to evaluate the experience of community pharmacies in the managem...",,Maybe,Possible relevance - verify study design,,,,,[AUTO] Strong inclusion signal,MEDIUM,
REC-2201,OpenAlex,Anita Shet; Suba Sundaresan; Birger C. Forsberg,2015,Pharmacy-based dispensing of antimicrobial agents without prescription in India: appropriateness and cost burden in the private sector,Antimicrobial Resistance and Infection Control,10.1186/s13756-015-0098-8,"BACKGROUND: Inappropriate antibiotic use for treatment of common self-limiting infections is a major problem worldwide. We conducted this study to determine prevalence of non-prescription sale of antimicrobial drugs by pharmacies in Bangalore, India, and to assess their associated avoidable cost within the Indian private healthcare sector. METHODS: Between 2013 and 2014, two researchers visited 261 pharmacies with simulated clinical scenarios; upper respiratory tract infection in an adult and...",,Maybe,Community pharmacy + LMIC + AB dispensing - verify study design for intervention arm,,,,,[AUTO] Descriptive/prevalence - verify design,MEDIUM,
REC-2218,PubMed,Diwan Vishal; Sabde Yogesh D; Byström Emma; De Costa Ayesha,2015,"Treatment of pediatric diarrhea: a simulated client study at private pharmacies of Ujjain, Madhya Pradesh, India.",J Infect Dev Ctries,10.3855/jidc.5694,"INTRODUCTION: In low- and middle-income countries such as India, private pharmacies play an important role in medical treatments, offering advice for common illnesses such as diarrhea and respiratory tract infections. There is a need to explore the details of the dispensing practices at the private pharmacies in low- and middle-income countries. METHODOLOGY: The present study used simulated client methodology to assess the actual dispensing practices for patients with pediatric diarrhea at pr...",,Maybe,Possible relevance - verify study design,,,,,[AUTO] Strong inclusion signal,MEDIUM,
REC-2253,OpenAlex,Mesut Sancar; Ertan Tezcan; Betül Okuyan; FV Izzettin,2015,Assessment of the attitude of community pharmacists and pharmacy technicians towards diarrhea: A simulated patient study in Turkey,Tropical Journal of Pharmaceutical Research,10.4314/tjpr.v14i8.26,"Purpose: To evaluate community pharmacists' and pharmacy technicians' counselling practices regarding diarrhea in Istanbul-Turkey using a simulated patient study.Methods: This study was conducted in a total of one hundred community pharmacies located in two different districts of Istanbul, Turkey. Diarrhea cases involving patients of different age groups were designed and assigned to simulated patients who visited the pharmacies. After leaving a neighbourhood pharmacy, the simulated patients ...",,Maybe,Possible relevance - verify study design,,,,,[AUTO-R2] Title match - verify,MEDIUM,
REC-2274,OpenAlex,Phyllis Awor; Henry Wamani; Thorkild Tylleskär; Stefan Peterson,2015,"Drug seller adherence to clinical protocols with integrated management of malaria, pneumonia and diarrhoea at drug shops in Uganda",Malaria Journal,10.1186/s12936-015-0798-9,"BACKGROUND: Drug shops are usually the first source of care for febrile children in Uganda although the quality of care they provide is known to be poor. Within a larger quasi-experimental study introducing the WHO/UNICEF recommended integrated community case management (iCCM) of malaria, pneumonia and diarrhoea intervention for community health workers in registered drug shops, the level of adherence to clinical protocols by drug sellers was determined. METHODS: All drug shops (N = 44) in th...",,Maybe,Intervention + pharmacy - verify AB dispensing outcome specifically,,,,,[AUTO-R2] Title match - verify,MEDIUM,quasi-experimental
REC-2320,OpenAlex,Amjad Abuirmeileh; Sondos Samara; Alaa Alkhodari; Anas Bahnassi; Ahmad Talhouni et al.,2014,ANTIBIOTIC DISPENSING WITHOUT PRESCRIPTION IN JORDANIAN COMMUNITY PHARMACIES: A PHARMACIST’S PERSPECTIVE,Bulletin of Pharmaceutical Sciences Assiut,10.21608/bfsa.2014.62622,"The sale of antibiotics without medical prescriptions has been recognized as a major source of drug misuse and medication risk in Jordan. This practice constitutes one of the major causes of the on going problem of antibiotic resistance. This study provides a pharmacist perspective on the problem through presenting the most common antibiotics dispensed, the related indications, and pharmacists proposed solutions to this problem in the city of Amman, Jordan. This was achieved by means of a str...",,Maybe,Possible relevance - verify study design,,,,,[AUTO-R2] Title match - verify,MEDIUM,
REC-2366,PubMed,Jorgji K; Bebeci E; Apostoli P; Apostoli A,2014,Evaluation of use of antibiotics without prescription among young adults in Albania case study: Tirana and Fier District.,Hippokratia,,"BACKGROUND: Self-medication is defined as the utilization of drugs to treat self-diagnosed disorders or symptoms, or the irregular or continuous use of a prescribed drug for chronic or repeated diseases or symptoms. The main problem with self-medication with antimicrobials is the emergence of pathogenic resistance. Antimicrobial resistance is an existing problem world-wide, mainly in developing countries. The aims and objectives of the study presented in this article are to evaluate the preva...",,Maybe,Possible relevance - verify study design,,,,,[AUTO-R2] Title match - verify,MEDIUM,
REC-2465,PubMed,Llor Carles; Cots Josep Maria,2013,Dispensing of antibiotics without a medical prescription and communication skills of pharmacists.,Aten Primaria,10.1016/j.aprim.2013.02.004,,,Maybe,No abstract - cannot screen; retrieve full text,,,,,[AUTO-R2] Title match - verify,LOW,
REC-2604,PubMed,Al-Faham Zaid; Habboub Ghaith; Takriti Farah,2011,"The sale of antibiotics without prescription in pharmacies in Damascus, Syria.",J Infect Dev Ctries,10.3855/jidc.1248,"INTRODUCTION: Overuse of antibiotics has contributed to the development of organism resistance. The acquisition of antibiotics without prescription by the general population seems to be common practice in pharmacies of Damascus, Syria. This study aimed to determine the proportion of pharmacies dispensing antibiotics without medical prescription and without seeing the patient. METHODOLOGY: A cross-sectional study involving a sample of 224 pharmacies was conducted in Damascus. To obtain antibiotic",,Maybe,Possible relevance - verify study design,,,,,[AUTO-R2] Title match - verify,MEDIUM,
REC-2691,PubMed,Gartin Meredith; Brewis Alexandra A; Schwartz Norah Anita,2010,Nonprescription antibiotic therapy: cultural models on both sides of the counter and both sides of the border.,Med Anthropol Q,10.1111/j.1548-1387.2010.01086.x,"Antibiotic resistance is a global public health threat exacerbated by medically unwarranted or improper antibiotic use. Pharmacy counters at the U.S.-Mexico border provide an example of where lay decisions to use antibiotics in ways considered ""risky"" may be initiated and negotiated. We test how cultural and public health knowledge of antibiotics is distributed among pharmacy staff, local Mexican clients, and U.S. medical tourists in the bordertown of Nogales using a cultural consensus tool. We ",,Maybe,Possible relevance - verify study design,,,,,[AUTO-R2] Title match - verify,MEDIUM,
REC-2693,PubMed,Hadi Usman; van den Broek Peterhans; Kolopaking Erni P; Zairina Nun; Gardjito Widjoseno et al.,2010,"Cross-sectional study of availability and pharmaceutical quality of antibiotics requested with or without prescription (Over The Counter) in Surabaya, Indonesia.",BMC Infect Dis,10.1186/1471-2334-10-203,"BACKGROUND: Antimicrobial resistance is an increasing problem in developing countries and antibiotic use is widespread. Our previous surveys in Java, Indonesia, revealed that most antibiotic use was probably unnecessary or ineffective. The aim of this study was to explore a potential connection between resistance and substandard antibiotics sold in the area. METHODS: A cross-sectional field study using the simulated client method was conducted in Surabaya. Five first-line antibiotics were reques",,Maybe,Possible relevance - verify study design,,,,,[AUTO] Strong inclusion signal,MEDIUM,
REC-2737,PubMed,Apisarnthanarak Anucha; Mundy Linda M,2009,"Comparison of methods of measuring pharmacy sales of antibiotics without prescriptions in Pratumthani, Thailand.",Infect Control Hosp Epidemiol,10.1086/647980,,,Maybe,No abstract - cannot screen; retrieve full text,,,,,[AUTO-R2] Title match - verify,LOW,
REC-2829,OpenAlex,Woranuch Saengcharoen; Virasakdi Chongsuvivatwong; Sanguan Lerkiatbundit; Payom Wongpoowarak,2008,Client and pharmacist factors affecting practice in the management of upper respiratory tract infection presented in community pharmacies: a simulated client study,International Journal of Pharmacy Practice,10.1211/ijpp.16.4.0009,"Abstract Objectives To assess the quality of care provided by community pharmacists for simulated clients (SCs) with upper respiratory tract infection (URI) and to examine the effects of gender and appearance of socioeconomic status (SES) of the SCs on the practice. Setting Thirty-two community pharmacies in the south of Thailand with four male and four female SCs. Method Each SC visited eight community pharmacies twice, 1month apart, once with moderate and once with an appearance of low SES,...",,Maybe,Possible relevance - verify study design,,,,,[AUTO] Strong inclusion signal,MEDIUM,
REC-2863,PubMed,Nyazema N; Viberg N; Khoza S; Vyas S; Kumaranayake L et al.,2007,Low sale of antibiotics without prescription: a cross-sectional study in Zimbabwean private pharmacies.,J Antimicrob Chemother,10.1093/jac/dkm013,"OBJECTIVES: To assess the quality of private pharmacy practice with a focus on the extent of antibiotic sales without prescription in private pharmacies in four Zimbabwean cities in relation to two tracer infectious conditions-sexually transmitted infections (STIs) among females and males, and diarrhoea in a child. METHODS: A cross-sectional study including pharmacies in Harare and three other towns. Information about each pharmacy was collected through structured interviews. Staff were intervie",,Maybe,Possible relevance - verify study design,,,,,[AUTO-R2] Title match - verify,MEDIUM,
REC-2903,OpenAlex,Siew Siang Chua; C Ramachandran; Thomas Paraidathathu,2006,Response of community pharmacists to the presentation of back pain: a simulated patient study,International Journal of Pharmacy Practice,10.1211/ijpp.14.3.0003,"Abstract Objective To assess the response of community pharmacists to the presentation of back pain. Method The researcher posed as a customer to obtain medication for back pain for her grandfather, and the consultations were recorded in a pretested data collection form. Setting The study was conducted in 100 randomly selected community pharmacies located within the Klang Valley in Malaysia. This includes Kuala Lumpur, the capital city of Malaysia and its surrounding suburban areas. Key findi...",,Maybe,Possible relevance - verify study design,,,,,[AUTO-R2] Title match - verify,MEDIUM,
REC-2953,PubMed,Volpato Dalton Espíndola; de Souza Bárbara Vicente; Dalla Rosa Luana Gabriela; Melo Luíz Henrique; Daudt Carlos Antonio Stabel et al.,2005,Use of antibiotics without medical prescription.,Braz J Infect Dis,10.1590/s1413-86702005000400004,UNLABELLED: The inappropriate use of antibiotics for the treatment of infections is a worldwide problem that has implications for the cost of treatment and the development of resistant strains of bacteria. The use of antibiotics should follow specific criteria; they are on top of the list of self-medication drugs in countries that do not control their commercialization. OBJECTIVES: To determine the percentage of pharmacies that attend the public and sell antibiotics without medical prescription ,,Maybe,Possible relevance - verify study design,,,,,[AUTO-R2] Title match - verify,MEDIUM,
REC-3054,OpenAlex,Despina G. Contopoulos‐Ioannidis; Ioanna D. Koliofoti; Ioanna Koutroumpa; I Giannakakis; John P. A. Ioannidis,2001,Pathways for Inappropriate Dispensing of Antibiotics for Rhinosinusitis: A Randomized Trial,Clinical Infectious Diseases,10.1086/320888,We evaluated the extent of and factors that determine the inappropriate use of antibiotics that are obtained without a physician's prescription. Ninety-eight Greek pharmacists were visited by actress-researchers who played clients requesting antibiotics without a physician's prescription. Pharmacists were randomly challenged in a scenario that involved simulated cases of acute uncomplicated rhinosinusitis with either low fever (38.5 degrees C) or high fever (40 degrees C). Antibiotics were of...,,Maybe,Intervention + AB outcome - verify community pharmacy setting,,,,,[AUTO-R3] Possible intervention study - verify design,MEDIUM,
REC-3184,OpenAlex,Göran Tomson; G Sterky,1986,SELF-PRESCRIBING BY WAY OF PHARMACIES IN THREE ASIAN DEVELOPING COUNTRIES,The Lancet,10.1016/s0140-6736(86)92438-4,,,Maybe,No abstract - cannot screen; retrieve full text,,,,,[AUTO-R2] Title match - verify,LOW,
